瘤痢,瘤痢疙,老矫,钦拌 老炼矫埃(hr)
114,盔林,2017-01-01,0.7
114,盔林,2017-01-02,0.8
114,盔林,2017-01-03,6.7
114,盔林,2017-01-04,5.6
114,盔林,2017-01-05,0.1
114,盔林,2017-01-06,8.4
114,盔林,2017-01-07,6.0
114,盔林,2017-01-08,5.7
114,盔林,2017-01-09,5.7
114,盔林,2017-01-10,7.5
114,盔林,2017-01-11,8.3
114,盔林,2017-01-12,6.8
114,盔林,2017-01-13,3.1
114,盔林,2017-01-14,8.8
114,盔林,2017-01-15,8.8
114,盔林,2017-01-16,8.8
114,盔林,2017-01-17,8.4
114,盔林,2017-01-18,4.1
114,盔林,2017-01-19,7.0
114,盔林,2017-01-20,0.5
114,盔林,2017-01-21,4.0
114,盔林,2017-01-22,8.9
114,盔林,2017-01-23,9.0
114,盔林,2017-01-24,9.0
114,盔林,2017-01-25,9.0
114,盔林,2017-01-26,7.1
114,盔林,2017-01-27,8.9
114,盔林,2017-01-28,7.5
114,盔林,2017-01-29,0.0
114,盔林,2017-01-30,0.3
114,盔林,2017-01-31,7.5
114,盔林,2017-02-01,9.1
114,盔林,2017-02-02,9.4
114,盔林,2017-02-03,4.5
114,盔林,2017-02-04,0.4
114,盔林,2017-02-05,0.0
114,盔林,2017-02-06,9.0
114,盔林,2017-02-07,2.8
114,盔林,2017-02-08,0.8
114,盔林,2017-02-09,6.7
114,盔林,2017-02-10,9.0
114,盔林,2017-02-11,9.7
114,盔林,2017-02-12,9.8
114,盔林,2017-02-13,6.8
114,盔林,2017-02-14,6.9
114,盔林,2017-02-15,8.9
114,盔林,2017-02-18,9.4
114,盔林,2017-02-19,2.8
114,盔林,2017-02-20,8.3
114,盔林,2017-02-21,10.0
114,盔林,2017-02-22,0.0
114,盔林,2017-02-23,1.2
114,盔林,2017-02-24,7.3
114,盔林,2017-02-25,8.8
114,盔林,2017-02-26,8.0
114,盔林,2017-02-27,10.2
114,盔林,2017-02-28,10.1
114,盔林,2017-03-01,0.3
114,盔林,2017-03-02,0.3
114,盔林,2017-03-03,10.2
114,盔林,2017-03-04,10.4
114,盔林,2017-03-05,5.5
114,盔林,2017-03-06,9.8
114,盔林,2017-03-07,10.6
114,盔林,2017-03-08,8.0
114,盔林,2017-03-09,9.6
114,盔林,2017-03-10,10.7
114,盔林,2017-03-11,10.6
114,盔林,2017-03-12,4.3
114,盔林,2017-03-13,9.3
114,盔林,2017-03-14,6.1
114,盔林,2017-03-15,10.9
114,盔林,2017-03-16,10.3
114,盔林,2017-03-17,10.8
114,盔林,2017-03-18,7.8
114,盔林,2017-03-19,10.7
114,盔林,2017-03-20,1.8
114,盔林,2017-03-21,3.8
114,盔林,2017-03-22,9.8
114,盔林,2017-03-23,6.8
114,盔林,2017-03-24,7.1
114,盔林,2017-03-25,0.0
114,盔林,2017-03-26,2.9
114,盔林,2017-03-27,0.5
114,盔林,2017-03-28,3.6
114,盔林,2017-03-29,9.2
114,盔林,2017-03-30,9.8
114,盔林,2017-03-31,0.0
114,盔林,2017-04-01,1.9
114,盔林,2017-04-02,7.3
114,盔林,2017-04-03,11.5
114,盔林,2017-04-04,11.6
114,盔林,2017-04-05,0.0
114,盔林,2017-04-06,5.4
114,盔林,2017-04-07,9.1
114,盔林,2017-04-08,8.9
114,盔林,2017-04-09,0.7
114,盔林,2017-04-10,11.0
114,盔林,2017-04-11,8.1
114,盔林,2017-04-12,11.8
114,盔林,2017-04-13,10.1
114,盔林,2017-04-14,5.7
114,盔林,2017-04-15,6.0
114,盔林,2017-04-16,2.3
114,盔林,2017-04-17,0.0
114,盔林,2017-04-18,2.6
114,盔林,2017-04-19,12.2
114,盔林,2017-04-20,0.3
114,盔林,2017-04-21,9.8
114,盔林,2017-04-22,10.0
114,盔林,2017-04-23,7.1
114,盔林,2017-04-24,11.4
114,盔林,2017-04-25,5.0
114,盔林,2017-04-26,12.0
114,盔林,2017-04-27,10.3
114,盔林,2017-04-28,12.0
114,盔林,2017-04-29,8.2
114,盔林,2017-04-30,2.4
114,盔林,2017-05-01,6.7
114,盔林,2017-05-02,4.7
114,盔林,2017-05-03,3.4
114,盔林,2017-05-04,6.0
114,盔林,2017-05-05,7.3
114,盔林,2017-05-06,12.1
114,盔林,2017-05-07,12.5
114,盔林,2017-05-08,6.7
114,盔林,2017-05-09,0.9
114,盔林,2017-05-10,2.4
114,盔林,2017-05-11,2.1
114,盔林,2017-05-12,0.1
114,盔林,2017-05-13,4.4
114,盔林,2017-05-14,12.6
114,盔林,2017-05-15,3.3
114,盔林,2017-05-16,6.2
114,盔林,2017-05-17,10.3
114,盔林,2017-05-18,11.5
114,盔林,2017-05-19,12.2
114,盔林,2017-05-20,6.4
114,盔林,2017-05-21,10.9
114,盔林,2017-05-22,9.8
114,盔林,2017-05-23,3.5
114,盔林,2017-05-24,9.0
114,盔林,2017-05-25,12.7
114,盔林,2017-05-26,6.9
114,盔林,2017-05-27,12.8
114,盔林,2017-05-28,7.6
114,盔林,2017-05-29,4.8
114,盔林,2017-05-30,5.9
114,盔林,2017-05-31,2.0
114,盔林,2017-06-01,3.8
114,盔林,2017-06-02,13.2
114,盔林,2017-06-03,11.8
114,盔林,2017-06-04,12.1
114,盔林,2017-06-05,13.3
114,盔林,2017-06-06,0.0
114,盔林,2017-06-07,0.0
114,盔林,2017-06-08,8.5
114,盔林,2017-06-09,6.8
114,盔林,2017-06-10,9.4
114,盔林,2017-06-11,12.4
114,盔林,2017-06-12,9.9
114,盔林,2017-06-13,6.8
114,盔林,2017-06-14,6.6
114,盔林,2017-06-15,12.9
114,盔林,2017-06-16,11.6
114,盔林,2017-06-17,11.9
114,盔林,2017-06-18,12.8
114,盔林,2017-06-19,11.8
114,盔林,2017-06-20,6.7
114,盔林,2017-06-21,7.8
114,盔林,2017-06-22,9.6
114,盔林,2017-06-23,9.9
114,盔林,2017-06-24,0.0
114,盔林,2017-06-25,1.7
114,盔林,2017-06-26,2.6
114,盔林,2017-06-27,6.1
114,盔林,2017-06-28,6.9
114,盔林,2017-06-29,6.3
114,盔林,2017-06-30,5.8
114,盔林,2017-07-01,0.0
114,盔林,2017-07-02,0.3
114,盔林,2017-07-03,0.0
114,盔林,2017-07-04,6.7
114,盔林,2017-07-05,10.0
114,盔林,2017-07-06,8.4
114,盔林,2017-07-07,3.3
114,盔林,2017-07-08,0.2
114,盔林,2017-07-09,2.0
114,盔林,2017-07-10,0.0
114,盔林,2017-07-11,3.8
114,盔林,2017-07-12,5.9
114,盔林,2017-07-13,6.1
114,盔林,2017-07-14,4.7
114,盔林,2017-07-15,0.0
114,盔林,2017-07-16,0.0
114,盔林,2017-07-17,0.0
114,盔林,2017-07-18,1.0
114,盔林,2017-07-19,3.5
114,盔林,2017-07-20,6.3
114,盔林,2017-07-21,0.4
114,盔林,2017-07-22,0.0
114,盔林,2017-07-23,0.0
114,盔林,2017-07-24,0.2
114,盔林,2017-07-25,6.2
114,盔林,2017-07-26,11.8
114,盔林,2017-07-27,3.7
114,盔林,2017-07-28,0.0
114,盔林,2017-07-29,0.3
114,盔林,2017-07-30,4.6
114,盔林,2017-07-31,0.0
114,盔林,2017-08-01,7.4
114,盔林,2017-08-02,4.9
114,盔林,2017-08-03,12.0
114,盔林,2017-08-04,11.2
114,盔林,2017-08-05,9.9
114,盔林,2017-08-06,5.7
114,盔林,2017-08-07,6.4
114,盔林,2017-08-08,3.7
114,盔林,2017-08-09,0.0
114,盔林,2017-08-10,0.0
114,盔林,2017-08-11,6.7
114,盔林,2017-08-12,7.2
114,盔林,2017-08-13,0.1
114,盔林,2017-08-14,0.0
114,盔林,2017-08-15,0.0
114,盔林,2017-08-16,0.6
114,盔林,2017-08-17,2.8
114,盔林,2017-08-18,1.7
114,盔林,2017-08-19,0.6
114,盔林,2017-08-20,0.9
114,盔林,2017-08-21,0.8
114,盔林,2017-08-22,7.2
114,盔林,2017-08-23,0.8
114,盔林,2017-08-24,1.0
114,盔林,2017-08-25,7.9
114,盔林,2017-08-26,10.7
114,盔林,2017-08-27,1.5
114,盔林,2017-08-28,1.7
114,盔林,2017-08-29,6.0
114,盔林,2017-08-30,0.9
114,盔林,2017-08-31,10.3
114,盔林,2017-09-01,12.1
114,盔林,2017-09-02,11.6
114,盔林,2017-09-03,10.7
114,盔林,2017-09-04,8.0
114,盔林,2017-09-05,0.0
114,盔林,2017-09-06,0.0
114,盔林,2017-09-07,1.8
114,盔林,2017-09-08,7.8
114,盔林,2017-09-09,6.7
114,盔林,2017-09-10,0.0
114,盔林,2017-09-11,0.2
114,盔林,2017-09-12,6.0
114,盔林,2017-09-13,10.5
114,盔林,2017-09-14,10.8
114,盔林,2017-09-15,10.1
114,盔林,2017-09-16,3.1
114,盔林,2017-09-17,7.5
114,盔林,2017-09-18,9.3
114,盔林,2017-09-19,3.1
114,盔林,2017-09-20,11.3
114,盔林,2017-09-21,11.3
114,盔林,2017-09-22,9.9
114,盔林,2017-09-23,4.3
114,盔林,2017-09-24,4.4
114,盔林,2017-09-25,8.6
114,盔林,2017-09-26,8.6
114,盔林,2017-09-27,0.4
114,盔林,2017-09-28,9.8
114,盔林,2017-09-29,9.0
114,盔林,2017-09-30,7.2
114,盔林,2017-10-01,0.1
114,盔林,2017-10-02,3.6
114,盔林,2017-10-03,3.4
114,盔林,2017-10-04,7.0
114,盔林,2017-10-05,5.5
114,盔林,2017-10-06,0.0
114,盔林,2017-10-07,5.6
114,盔林,2017-10-08,6.6
114,盔林,2017-10-09,4.7
114,盔林,2017-10-10,3.2
114,盔林,2017-10-11,0.8
114,盔林,2017-10-12,0.0
114,盔林,2017-10-13,6.1
114,盔林,2017-10-14,7.8
114,盔林,2017-10-15,7.0
114,盔林,2017-10-16,4.0
114,盔林,2017-10-17,9.4
114,盔林,2017-10-18,0.0
114,盔林,2017-10-19,3.8
114,盔林,2017-10-20,10.0
114,盔林,2017-10-21,9.9
114,盔林,2017-10-22,5.2
114,盔林,2017-10-23,9.8
114,盔林,2017-10-24,7.9
114,盔林,2017-10-25,9.7
114,盔林,2017-10-26,4.4
114,盔林,2017-10-27,7.4
114,盔林,2017-10-28,9.8
114,盔林,2017-10-29,7.5
114,盔林,2017-10-30,9.8
114,盔林,2017-10-31,9.5
114,盔林,2017-11-01,1.7
114,盔林,2017-11-02,0.6
114,盔林,2017-11-03,1.1
114,盔林,2017-11-04,6.4
114,盔林,2017-11-05,9.5
114,盔林,2017-11-06,8.6
114,盔林,2017-11-07,4.3
114,盔林,2017-11-08,7.4
114,盔林,2017-11-09,9.4
114,盔林,2017-11-10,2.0
114,盔林,2017-11-11,9.4
114,盔林,2017-11-12,8.5
114,盔林,2017-11-13,1.9
114,盔林,2017-11-14,8.7
114,盔林,2017-11-15,7.6
114,盔林,2017-11-16,9.1
114,盔林,2017-11-17,0.3
114,盔林,2017-11-18,6.0
114,盔林,2017-11-19,8.8
114,盔林,2017-11-20,4.9
114,盔林,2017-11-21,5.8
114,盔林,2017-11-22,0.5
114,盔林,2017-11-23,5.4
114,盔林,2017-11-24,4.3
114,盔林,2017-11-25,5.6
114,盔林,2017-11-26,5.5
114,盔林,2017-11-27,8.7
114,盔林,2017-11-28,5.1
114,盔林,2017-11-29,7.5
114,盔林,2017-11-30,8.6
114,盔林,2017-12-01,8.2
114,盔林,2017-12-02,8.5
114,盔林,2017-12-03,0.0
114,盔林,2017-12-04,6.4
114,盔林,2017-12-05,8.7
114,盔林,2017-12-06,7.5
114,盔林,2017-12-07,4.5
114,盔林,2017-12-08,8.5
114,盔林,2017-12-09,8.0
114,盔林,2017-12-10,0.7
114,盔林,2017-12-11,8.7
114,盔林,2017-12-12,8.7
114,盔林,2017-12-13,8.7
114,盔林,2017-12-14,4.4
114,盔林,2017-12-15,2.5
114,盔林,2017-12-16,8.1
114,盔林,2017-12-17,8.7
114,盔林,2017-12-18,1.4
114,盔林,2017-12-19,8.3
114,盔林,2017-12-20,5.3
114,盔林,2017-12-21,8.5
114,盔林,2017-12-22,1.0
114,盔林,2017-12-23,2.8
114,盔林,2017-12-24,0.0
114,盔林,2017-12-25,8.4
114,盔林,2017-12-26,8.4
114,盔林,2017-12-27,8.7
114,盔林,2017-12-28,7.4
114,盔林,2017-12-29,0.5
114,盔林,2017-12-30,2.7
114,盔林,2017-12-31,7.1
114,盔林,2018-01-01,8.5
114,盔林,2018-01-02,7.5
114,盔林,2018-01-03,8.6
114,盔林,2018-01-04,5.8
114,盔林,2018-01-05,6.9
114,盔林,2018-01-06,8.7
114,盔林,2018-01-07,3.9
114,盔林,2018-01-08,0.1
114,盔林,2018-01-09,5.5
114,盔林,2018-01-10,8.7
114,盔林,2018-01-11,8.3
114,盔林,2018-01-12,8.8
114,盔林,2018-01-13,2.4
114,盔林,2018-01-14,8.4
114,盔林,2018-01-15,4.9
114,盔林,2018-01-16,0.0
114,盔林,2018-01-17,0.4
114,盔林,2018-01-18,0.7
114,盔林,2018-01-19,8.7
114,盔林,2018-01-20,2.2
114,盔林,2018-01-21,7.1
114,盔林,2018-01-22,1.4
114,盔林,2018-01-23,9.0
114,盔林,2018-01-24,9.0
114,盔林,2018-01-25,8.4
114,盔林,2018-01-26,9.1
114,盔林,2018-01-27,9.1
114,盔林,2018-01-28,7.6
114,盔林,2018-01-29,9.2
114,盔林,2018-01-30,7.0
114,盔林,2018-01-31,3.1
114,盔林,2018-02-01,9.4
114,盔林,2018-02-02,9.3
114,盔林,2018-02-03,6.3
114,盔林,2018-02-04,9.5
114,盔林,2018-02-05,9.5
114,盔林,2018-02-06,9.5
114,盔林,2018-02-07,9.5
114,盔林,2018-02-08,9.5
114,盔林,2018-02-09,0.9
114,盔林,2018-02-10,5.1
114,盔林,2018-02-11,5.2
114,盔林,2018-02-12,7.7
114,盔林,2018-02-13,9.5
114,盔林,2018-02-14,0.4
114,盔林,2018-02-15,9.6
114,盔林,2018-02-16,9.2
114,盔林,2018-02-17,9.3
114,盔林,2018-02-18,5.5
114,盔林,2018-02-19,4.8
114,盔林,2018-02-20,8.1
114,盔林,2018-02-21,9.9
114,盔林,2018-02-22,6.9
114,盔林,2018-02-23,2.6
114,盔林,2018-02-24,5.8
114,盔林,2018-02-25,6.1
114,盔林,2018-02-26,10.3
114,盔林,2018-02-27,0.4
114,盔林,2018-02-28,0.0
114,盔林,2018-03-01,7.0
114,盔林,2018-03-02,10.4
114,盔林,2018-03-03,10.3
114,盔林,2018-03-04,2.2
114,盔林,2018-03-05,5.1
114,盔林,2018-03-06,10.5
114,盔林,2018-03-07,3.3
114,盔林,2018-03-08,0.4
114,盔林,2018-03-09,5.7
114,盔林,2018-03-10,7.5
114,盔林,2018-03-11,7.7
114,盔林,2018-03-12,8.9
114,盔林,2018-03-13,8.5
114,盔林,2018-03-14,5.9
114,盔林,2018-03-15,0.0
114,盔林,2018-03-16,4.7
114,盔林,2018-03-17,9.7
114,盔林,2018-03-18,0.0
114,盔林,2018-03-19,0.0
114,盔林,2018-03-20,6.1
114,盔林,2018-03-21,0.0
114,盔林,2018-03-22,10.3
114,盔林,2018-03-23,10.2
114,盔林,2018-03-24,4.9
114,盔林,2018-03-25,7.9
114,盔林,2018-03-26,9.9
114,盔林,2018-03-27,6.2
114,盔林,2018-03-28,8.0
114,盔林,2018-03-29,6.6
114,盔林,2018-03-30,10.0
114,盔林,2018-03-31,9.0
114,盔林,2018-04-01,1.5
114,盔林,2018-04-02,6.9
114,盔林,2018-04-03,5.7
114,盔林,2018-04-04,0.0
114,盔林,2018-04-05,0.0
114,盔林,2018-04-06,4.3
114,盔林,2018-04-07,5.5
114,盔林,2018-04-08,4.2
114,盔林,2018-04-09,7.0
114,盔林,2018-04-10,7.9
114,盔林,2018-04-11,9.8
114,盔林,2018-04-12,11.7
114,盔林,2018-04-13,2.9
114,盔林,2018-04-14,0.0
114,盔林,2018-04-15,3.1
114,盔林,2018-04-16,11.4
114,盔林,2018-04-17,9.3
114,盔林,2018-04-18,11.9
114,盔林,2018-04-19,10.9
114,盔林,2018-04-20,11.0
114,盔林,2018-04-21,12.1
114,盔林,2018-04-22,2.2
114,盔林,2018-04-23,0.0
114,盔林,2018-04-24,0.0
114,盔林,2018-04-25,12.5
114,盔林,2018-04-26,8.0
114,盔林,2018-04-27,10.7
114,盔林,2018-04-28,11.9
114,盔林,2018-04-29,11.1
114,盔林,2018-04-30,9.4
114,盔林,2018-05-01,6.0
114,盔林,2018-05-02,0.2
114,盔林,2018-05-03,3.7
114,盔林,2018-05-04,12.5
114,盔林,2018-05-05,10.1
114,盔林,2018-05-06,0.2
114,盔林,2018-05-07,4.1
114,盔林,2018-05-08,3.0
114,盔林,2018-05-09,12.3
114,盔林,2018-05-10,11.7
114,盔林,2018-05-11,5.8
114,盔林,2018-05-12,0.0
114,盔林,2018-05-13,4.3
114,盔林,2018-05-14,7.1
114,盔林,2018-05-15,7.8
114,盔林,2018-05-16,0.0
114,盔林,2018-05-17,0.1
114,盔林,2018-05-18,0.0
114,盔林,2018-05-19,13.2
114,盔林,2018-05-20,5.7
114,盔林,2018-05-21,10.8
114,盔林,2018-05-22,4.5
114,盔林,2018-05-23,11.6
114,盔林,2018-05-24,12.2
114,盔林,2018-05-25,8.0
114,盔林,2018-05-26,12.5
114,盔林,2018-05-27,1.6
114,盔林,2018-05-28,11.5
114,盔林,2018-05-29,4.2
114,盔林,2018-05-30,7.0
114,盔林,2018-05-31,9.3
114,盔林,2018-06-01,13.4
114,盔林,2018-06-02,13.4
114,盔林,2018-06-03,13.1
114,盔林,2018-06-04,8.0
114,盔林,2018-06-05,9.9
114,盔林,2018-06-06,12.7
114,盔林,2018-06-07,11.4
114,盔林,2018-06-08,6.6
114,盔林,2018-06-09,8.9
114,盔林,2018-06-10,0.7
114,盔林,2018-06-11,3.8
114,盔林,2018-06-12,9.6
114,盔林,2018-06-13,8.4
114,盔林,2018-06-14,3.6
114,盔林,2018-06-15,7.6
114,盔林,2018-06-16,13.8
114,盔林,2018-06-17,5.0
114,盔林,2018-06-18,10.5
114,盔林,2018-06-19,1.7
114,盔林,2018-06-20,9.0
114,盔林,2018-06-21,10.6
114,盔林,2018-06-22,13.1
114,盔林,2018-06-23,7.5
114,盔林,2018-06-24,10.2
114,盔林,2018-06-25,6.7
114,盔林,2018-06-26,0.0
114,盔林,2018-06-27,0.3
114,盔林,2018-06-28,0.3
114,盔林,2018-06-29,9.7
114,盔林,2018-06-30,1.6
114,盔林,2018-07-01,0.0
114,盔林,2018-07-02,0.7
114,盔林,2018-07-03,5.5
114,盔林,2018-07-04,7.4
114,盔林,2018-07-05,2.7
114,盔林,2018-07-06,2.9
114,盔林,2018-07-07,13.2
114,盔林,2018-07-08,9.7
114,盔林,2018-07-09,0.0
114,盔林,2018-07-10,0.1
114,盔林,2018-07-11,0.2
114,盔林,2018-07-12,5.3
114,盔林,2018-07-13,5.3
114,盔林,2018-07-14,9.2
114,盔林,2018-07-15,13.4
114,盔林,2018-07-16,11.6
114,盔林,2018-07-17,11.0
114,盔林,2018-07-18,12.3
114,盔林,2018-07-19,12.5
114,盔林,2018-07-20,12.4
114,盔林,2018-07-21,12.9
114,盔林,2018-07-22,12.2
114,盔林,2018-07-23,9.2
114,盔林,2018-07-24,12.1
114,盔林,2018-07-25,6.5
114,盔林,2018-07-26,12.2
114,盔林,2018-07-27,11.7
114,盔林,2018-07-28,3.7
114,盔林,2018-07-29,11.0
114,盔林,2018-07-30,8.5
114,盔林,2018-07-31,12.5
114,盔林,2018-08-01,12.2
114,盔林,2018-08-02,12.4
114,盔林,2018-08-03,11.7
114,盔林,2018-08-04,9.2
114,盔林,2018-08-05,5.7
114,盔林,2018-08-06,3.1
114,盔林,2018-08-07,6.3
114,盔林,2018-08-08,8.2
114,盔林,2018-08-09,4.6
114,盔林,2018-08-10,8.3
114,盔林,2018-08-11,7.4
114,盔林,2018-08-12,9.3
114,盔林,2018-08-13,10.3
114,盔林,2018-08-14,8.9
114,盔林,2018-08-15,9.7
114,盔林,2018-08-16,7.4
114,盔林,2018-08-17,12.3
114,盔林,2018-08-18,11.5
114,盔林,2018-08-19,9.7
114,盔林,2018-08-20,7.5
114,盔林,2018-08-21,1.2
114,盔林,2018-08-22,11.2
114,盔林,2018-08-23,0.2
114,盔林,2018-08-24,0.0
114,盔林,2018-08-25,1.4
114,盔林,2018-08-26,0.0
114,盔林,2018-08-27,0.0
114,盔林,2018-08-28,0.0
114,盔林,2018-08-29,2.8
114,盔林,2018-08-30,1.4
114,盔林,2018-08-31,6.4
114,盔林,2018-09-01,9.2
114,盔林,2018-09-02,8.9
114,盔林,2018-09-03,0.4
114,盔林,2018-09-04,8.0
114,盔林,2018-09-05,10.5
114,盔林,2018-09-06,2.0
114,盔林,2018-09-07,6.4
114,盔林,2018-09-08,10.7
114,盔林,2018-09-09,11.4
114,盔林,2018-09-10,8.7
114,盔林,2018-09-11,7.5
114,盔林,2018-09-12,10.2
114,盔林,2018-09-13,4.1
114,盔林,2018-09-14,0.6
114,盔林,2018-09-15,0.0
114,盔林,2018-09-16,0.9
114,盔林,2018-09-17,10.6
114,盔林,2018-09-18,9.4
114,盔林,2018-09-19,2.1
114,盔林,2018-09-20,0.0
114,盔林,2018-09-21,0.0
114,盔林,2018-09-22,9.0
114,盔林,2018-09-23,4.9
114,盔林,2018-09-24,9.5
114,盔林,2018-09-25,8.8
114,盔林,2018-09-26,3.5
114,盔林,2018-09-27,8.0
114,盔林,2018-09-28,2.4
114,盔林,2018-09-29,10.8
114,盔林,2018-09-30,10.7
114,盔林,2018-10-01,6.6
114,盔林,2018-10-02,8.7
114,盔林,2018-10-03,10.8
114,盔林,2018-10-04,8.6
114,盔林,2018-10-05,0.0
114,盔林,2018-10-06,0.3
114,盔林,2018-10-07,7.2
114,盔林,2018-10-08,9.4
114,盔林,2018-10-09,2.3
114,盔林,2018-10-10,7.0
114,盔林,2018-10-11,9.4
114,盔林,2018-10-12,10.5
114,盔林,2018-10-13,10.5
114,盔林,2018-10-14,9.8
114,盔林,2018-10-15,9.4
114,盔林,2018-10-16,5.1
114,盔林,2018-10-17,9.6
114,盔林,2018-10-18,0.1
114,盔林,2018-10-19,8.2
114,盔林,2018-10-20,10.0
114,盔林,2018-10-21,9.9
114,盔林,2018-10-22,6.7
114,盔林,2018-10-23,1.4
114,盔林,2018-10-24,6.1
114,盔林,2018-10-25,7.2
114,盔林,2018-10-26,0.0
114,盔林,2018-10-27,6.2
114,盔林,2018-10-28,1.4
114,盔林,2018-10-29,4.3
114,盔林,2018-10-30,9.8
114,盔林,2018-10-31,9.7
114,盔林,2018-11-01,9.6
114,盔林,2018-11-02,9.6
114,盔林,2018-11-03,9.5
114,盔林,2018-11-04,9.5
114,盔林,2018-11-05,8.4
114,盔林,2018-11-06,7.0
114,盔林,2018-11-07,0.0
114,盔林,2018-11-08,0.0
114,盔林,2018-11-09,3.7
114,盔林,2018-11-10,6.8
114,盔林,2018-11-11,2.6
114,盔林,2018-11-12,7.5
114,盔林,2018-11-13,6.1
114,盔林,2018-11-14,9.2
114,盔林,2018-11-15,8.0
114,盔林,2018-11-16,3.1
114,盔林,2018-11-17,6.1
114,盔林,2018-11-18,5.1
114,盔林,2018-11-19,6.3
114,盔林,2018-11-20,8.9
114,盔林,2018-11-21,0.0
114,盔林,2018-11-22,8.9
114,盔林,2018-11-23,8.2
114,盔林,2018-11-24,1.1
114,盔林,2018-11-25,4.8
114,盔林,2018-11-26,6.2
114,盔林,2018-11-27,0.9
114,盔林,2018-11-28,5.4
114,盔林,2018-11-29,2.5
114,盔林,2018-11-30,8.7
114,盔林,2018-12-01,6.8
114,盔林,2018-12-02,2.6
114,盔林,2018-12-03,0.0
114,盔林,2018-12-04,0.4
114,盔林,2018-12-05,4.4
114,盔林,2018-12-06,1.6
114,盔林,2018-12-07,8.7
114,盔林,2018-12-08,8.8
114,盔林,2018-12-09,8.6
114,盔林,2018-12-10,8.6
114,盔林,2018-12-11,0.0
114,盔林,2018-12-12,7.6
114,盔林,2018-12-13,1.7
114,盔林,2018-12-14,8.7
114,盔林,2018-12-15,8.4
114,盔林,2018-12-16,0.8
114,盔林,2018-12-17,7.6
114,盔林,2018-12-18,5.4
114,盔林,2018-12-19,6.9
114,盔林,2018-12-20,6.2
114,盔林,2018-12-21,4.8
114,盔林,2018-12-22,7.9
114,盔林,2018-12-23,8.0
114,盔林,2018-12-24,8.6
114,盔林,2018-12-25,2.0
114,盔林,2018-12-26,8.1
114,盔林,2018-12-27,8.7
114,盔林,2018-12-28,8.4
114,盔林,2018-12-29,8.7
114,盔林,2018-12-30,8.7
114,盔林,2018-12-31,8.2
114,盔林,2019-01-01,7.1
114,盔林,2019-01-02,8.6
114,盔林,2019-01-03,8.7
114,盔林,2019-01-04,7.0
114,盔林,2019-01-05,8.5
114,盔林,2019-01-06,7.9
114,盔林,2019-01-07,7.5
114,盔林,2019-01-08,8.7
114,盔林,2019-01-09,8.4
114,盔林,2019-01-10,6.0
114,盔林,2019-01-11,7.4
114,盔林,2019-01-12,4.8
114,盔林,2019-01-13,8.6
114,盔林,2019-01-14,4.7
114,盔林,2019-01-15,2.4
114,盔林,2019-01-16,8.1
114,盔林,2019-01-17,8.4
114,盔林,2019-01-18,8.8
114,盔林,2019-01-19,7.9
114,盔林,2019-01-20,8.7
114,盔林,2019-01-21,1.7
114,盔林,2019-01-22,8.4
114,盔林,2019-01-23,8.2
114,盔林,2019-01-24,9.0
114,盔林,2019-01-25,9.0
114,盔林,2019-01-26,9.1
114,盔林,2019-01-27,8.0
114,盔林,2019-01-28,7.3
114,盔林,2019-01-29,9.1
114,盔林,2019-01-30,8.7
114,盔林,2019-01-31,2.6
114,盔林,2019-02-01,8.4
114,盔林,2019-02-02,2.0
114,盔林,2019-02-03,0.0
114,盔林,2019-02-04,9.1
114,盔林,2019-02-05,7.7
114,盔林,2019-02-06,3.4
114,盔林,2019-02-07,7.7
114,盔林,2019-02-08,7.9
114,盔林,2019-02-09,8.9
114,盔林,2019-02-10,3.9
114,盔林,2019-02-11,9.6
114,盔林,2019-02-12,8.2
114,盔林,2019-02-13,9.4
114,盔林,2019-02-14,9.1
114,盔林,2019-02-15,0.5
114,盔林,2019-02-16,7.7
114,盔林,2019-02-17,10.0
114,盔林,2019-02-18,6.3
114,盔林,2019-02-19,0.0
114,盔林,2019-02-20,1.4
114,盔林,2019-02-21,7.5
114,盔林,2019-02-22,8.8
114,盔林,2019-02-23,9.8
114,盔林,2019-02-24,10.2
114,盔林,2019-02-25,9.4
114,盔林,2019-02-26,9.7
114,盔林,2019-02-27,4.3
114,盔林,2019-02-28,8.0
114,盔林,2019-03-01,9.9
114,盔林,2019-03-02,7.6
114,盔林,2019-03-03,6.4
114,盔林,2019-03-04,9.8
114,盔林,2019-03-05,3.5
114,盔林,2019-03-06,3.6
114,盔林,2019-03-07,7.9
114,盔林,2019-03-08,10.6
114,盔林,2019-03-09,9.1
114,盔林,2019-03-10,0.5
114,盔林,2019-03-11,3.0
114,盔林,2019-03-12,0.7
114,盔林,2019-03-13,9.4
114,盔林,2019-03-14,7.6
114,盔林,2019-03-15,7.0
114,盔林,2019-03-16,1.8
114,盔林,2019-03-17,8.7
114,盔林,2019-03-18,8.7
114,盔林,2019-03-19,10.4
114,盔林,2019-03-20,0.4
114,盔林,2019-03-21,0.9
114,盔林,2019-03-22,8.9
114,盔林,2019-03-23,6.3
114,盔林,2019-03-24,11.3
114,盔林,2019-03-25,1.9
114,盔林,2019-03-26,9.1
114,盔林,2019-03-27,5.7
114,盔林,2019-03-28,6.9
114,盔林,2019-03-29,9.5
114,盔林,2019-03-30,1.5
114,盔林,2019-03-31,0.4
114,盔林,2019-04-01,10.7
114,盔林,2019-04-02,10.8
114,盔林,2019-04-03,11.9
114,盔林,2019-04-04,11.7
114,盔林,2019-04-05,7.1
114,盔林,2019-04-06,1.7
114,盔林,2019-04-07,7.4
114,盔林,2019-04-08,9.9
114,盔林,2019-04-09,1.3
114,盔林,2019-04-10,0.0
114,盔林,2019-04-11,4.4
114,盔林,2019-04-12,10.3
114,盔林,2019-04-13,11.0
114,盔林,2019-04-14,0.9
114,盔林,2019-04-15,12.1
114,盔林,2019-04-16,10.3
114,盔林,2019-04-17,12.0
114,盔林,2019-04-18,3.2
114,盔林,2019-04-19,3.9
114,盔林,2019-04-20,9.9
114,盔林,2019-04-21,3.6
114,盔林,2019-04-22,11.1
114,盔林,2019-04-23,4.0
114,盔林,2019-04-24,4.6
114,盔林,2019-04-25,0.0
114,盔林,2019-04-26,0.5
114,盔林,2019-04-27,8.8
114,盔林,2019-04-28,0.2
114,盔林,2019-04-29,1.5
114,盔林,2019-04-30,9.6
114,盔林,2019-05-01,10.9
114,盔林,2019-05-02,12.6
114,盔林,2019-05-03,12.6
114,盔林,2019-05-04,10.7
114,盔林,2019-05-05,10.1
114,盔林,2019-05-06,11.4
114,盔林,2019-05-07,12.7
114,盔林,2019-05-08,10.7
114,盔林,2019-05-09,12.1
114,盔林,2019-05-10,12.6
114,盔林,2019-05-11,11.0
114,盔林,2019-05-12,11.7
114,盔林,2019-05-13,2.1
114,盔林,2019-05-14,11.8
114,盔林,2019-05-15,9.9
114,盔林,2019-05-16,11.6
114,盔林,2019-05-17,6.1
114,盔林,2019-05-18,0.6
114,盔林,2019-05-19,0.4
114,盔林,2019-05-20,7.6
114,盔林,2019-05-21,13.2
114,盔林,2019-05-22,13.0
114,盔林,2019-05-23,13.3
114,盔林,2019-05-24,13.1
114,盔林,2019-05-25,7.4
114,盔林,2019-05-26,10.7
114,盔林,2019-05-27,0.0
114,盔林,2019-05-28,10.8
114,盔林,2019-05-29,13.4
114,盔林,2019-05-30,8.2
114,盔林,2019-05-31,11.0
114,盔林,2019-06-01,12.8
114,盔林,2019-06-02,13.2
114,盔林,2019-06-03,12.2
114,盔林,2019-06-04,12.3
114,盔林,2019-06-05,11.0
114,盔林,2019-06-06,0.3
114,盔林,2019-06-07,1.5
114,盔林,2019-06-08,10.6
114,盔林,2019-06-09,7.3
114,盔林,2019-06-10,3.3
114,盔林,2019-06-11,10.0
114,盔林,2019-06-12,11.5
114,盔林,2019-06-13,12.7
114,盔林,2019-06-14,4.3
114,盔林,2019-06-15,9.5
114,盔林,2019-06-16,8.5
114,盔林,2019-06-17,9.2
114,盔林,2019-06-18,2.6
114,盔林,2019-06-19,0.0
114,盔林,2019-06-20,7.0
114,盔林,2019-06-21,5.7
114,盔林,2019-06-22,10.6
114,盔林,2019-06-23,11.8
114,盔林,2019-06-24,11.9
114,盔林,2019-06-25,13.5
114,盔林,2019-06-26,2.3
114,盔林,2019-06-27,3.8
114,盔林,2019-06-28,2.0
114,盔林,2019-06-29,0.9
114,盔林,2019-06-30,3.4
114,盔林,2019-07-01,5.4
114,盔林,2019-07-02,8.7
114,盔林,2019-07-03,9.1
114,盔林,2019-07-04,12.5
114,盔林,2019-07-05,10.4
114,盔林,2019-07-06,11.6
114,盔林,2019-07-07,8.7
114,盔林,2019-07-08,1.3
114,盔林,2019-07-09,8.8
114,盔林,2019-07-10,2.9
114,盔林,2019-07-11,0.1
114,盔林,2019-07-12,3.6
114,盔林,2019-07-13,3.7
114,盔林,2019-07-14,6.5
114,盔林,2019-07-15,0.6
114,盔林,2019-07-16,6.1
114,盔林,2019-07-17,3.7
114,盔林,2019-07-18,8.2
114,盔林,2019-07-19,7.6
114,盔林,2019-07-20,0.1
114,盔林,2019-07-21,0.0
114,盔林,2019-07-22,3.6
114,盔林,2019-07-23,5.7
114,盔林,2019-07-24,1.0
114,盔林,2019-07-25,0.1
114,盔林,2019-07-26,0.0
114,盔林,2019-07-27,5.5
114,盔林,2019-07-28,0.0
114,盔林,2019-07-29,2.5
114,盔林,2019-07-30,3.0
114,盔林,2019-07-31,1.4
114,盔林,2019-08-01,4.8
114,盔林,2019-08-02,9.6
114,盔林,2019-08-03,9.5
114,盔林,2019-08-04,10.2
114,盔林,2019-08-05,9.2
114,盔林,2019-08-06,7.4
114,盔林,2019-08-07,4.5
114,盔林,2019-08-08,6.3
114,盔林,2019-08-09,10.2
114,盔林,2019-08-10,12.3
114,盔林,2019-08-11,10.8
114,盔林,2019-08-12,1.5
114,盔林,2019-08-13,11.0
114,盔林,2019-08-14,9.5
114,盔林,2019-08-15,0.0
114,盔林,2019-08-16,3.9
114,盔林,2019-08-17,5.0
114,盔林,2019-08-18,10.2
114,盔林,2019-08-19,9.8
114,盔林,2019-08-20,10.0
114,盔林,2019-08-21,8.3
114,盔林,2019-08-22,6.9
114,盔林,2019-08-23,6.3
114,盔林,2019-08-24,1.0
114,盔林,2019-08-25,11.3
114,盔林,2019-08-26,10.8
114,盔林,2019-08-27,4.8
114,盔林,2019-08-28,2.7
114,盔林,2019-08-29,2.8
114,盔林,2019-08-30,8.2
114,盔林,2019-08-31,9.9
114,盔林,2019-09-01,4.8
114,盔林,2019-09-02,6.2
114,盔林,2019-09-03,0.0
114,盔林,2019-09-04,0.4
114,盔林,2019-09-05,2.8
114,盔林,2019-09-06,2.5
114,盔林,2019-09-07,2.5
114,盔林,2019-09-08,0.6
114,盔林,2019-09-09,0.0
114,盔林,2019-09-10,3.9
114,盔林,2019-09-11,0.0
114,盔林,2019-09-12,0.0
114,盔林,2019-09-13,11.6
114,盔林,2019-09-14,0.3
114,盔林,2019-09-15,6.3
114,盔林,2019-09-16,9.7
114,盔林,2019-09-17,10.1
114,盔林,2019-09-18,11.6
114,盔林,2019-09-19,10.0
114,盔林,2019-09-20,1.1
114,盔林,2019-09-21,0.0
114,盔林,2019-09-22,0.0
114,盔林,2019-09-23,2.0
114,盔林,2019-09-24,9.0
114,盔林,2019-09-25,5.6
114,盔林,2019-09-26,4.1
114,盔林,2019-09-27,4.6
114,盔林,2019-09-28,8.3
114,盔林,2019-09-29,7.9
114,盔林,2019-09-30,9.0
114,盔林,2019-10-01,1.8
114,盔林,2019-10-02,0.0
114,盔林,2019-10-03,1.9
114,盔林,2019-10-04,7.4
114,盔林,2019-10-05,0.7
114,盔林,2019-10-06,8.0
114,盔林,2019-10-07,0.0
114,盔林,2019-10-08,8.1
114,盔林,2019-10-09,9.9
114,盔林,2019-10-10,0.1
114,盔林,2019-10-11,9.9
114,盔林,2019-10-12,8.5
114,盔林,2019-10-13,10.3
114,盔林,2019-10-14,7.4
114,盔林,2019-10-15,8.4
114,盔林,2019-10-16,8.8
114,盔林,2019-10-17,2.2
114,盔林,2019-10-18,2.6
114,盔林,2019-10-19,10.0
114,盔林,2019-10-20,10.1
114,盔林,2019-10-21,9.9
114,盔林,2019-10-22,9.7
114,盔林,2019-10-23,0.2
114,盔林,2019-10-24,3.4
114,盔林,2019-10-25,8.2
114,盔林,2019-10-26,7.4
114,盔林,2019-10-27,7.1
114,盔林,2019-10-28,8.1
114,盔林,2019-10-29,6.1
114,盔林,2019-10-30,8.3
114,盔林,2019-10-31,7.4
114,盔林,2019-11-01,7.0
114,盔林,2019-11-02,4.6
114,盔林,2019-11-03,5.8
114,盔林,2019-11-04,8.8
114,盔林,2019-11-05,8.4
114,盔林,2019-11-06,7.8
114,盔林,2019-11-07,8.8
114,盔林,2019-11-08,9.5
114,盔林,2019-11-09,9.4
114,盔林,2019-11-10,3.3
114,盔林,2019-11-11,3.4
114,盔林,2019-11-12,3.8
114,盔林,2019-11-13,0.0
114,盔林,2019-11-14,9.2
114,盔林,2019-11-15,0.1
114,盔林,2019-11-16,5.4
114,盔林,2019-11-17,0.0
114,盔林,2019-11-18,4.7
114,盔林,2019-11-19,8.9
114,盔林,2019-11-20,9.0
114,盔林,2019-11-21,6.0
114,盔林,2019-11-22,9.0
114,盔林,2019-11-23,6.8
114,盔林,2019-11-24,4.9
114,盔林,2019-11-25,2.0
114,盔林,2019-11-26,8.1
114,盔林,2019-11-27,6.9
114,盔林,2019-11-28,6.4
114,盔林,2019-11-29,6.7
114,盔林,2019-11-30,8.2
114,盔林,2019-12-01,0.0
114,盔林,2019-12-02,8.4
114,盔林,2019-12-03,2.9
114,盔林,2019-12-04,6.9
114,盔林,2019-12-05,8.7
114,盔林,2019-12-06,8.7
114,盔林,2019-12-07,0.4
114,盔林,2019-12-08,8.0
114,盔林,2019-12-09,3.0
114,盔林,2019-12-10,1.8
114,盔林,2019-12-11,1.8
114,盔林,2019-12-12,8.7
114,盔林,2019-12-13,8.3
114,盔林,2019-12-14,6.5
114,盔林,2019-12-15,8.1
114,盔林,2019-12-16,8.6
114,盔林,2019-12-17,0.0
114,盔林,2019-12-18,0.0
114,盔林,2019-12-19,7.3
114,盔林,2019-12-20,8.0
114,盔林,2019-12-21,3.0
114,盔林,2019-12-22,4.5
114,盔林,2019-12-23,0.4
114,盔林,2019-12-24,5.4
114,盔林,2019-12-25,2.8
114,盔林,2019-12-26,0.0
114,盔林,2019-12-27,8.7
114,盔林,2019-12-28,8.5
114,盔林,2019-12-29,0.0
114,盔林,2019-12-30,0.0
114,盔林,2019-12-31,8.5
114,盔林,2020-01-01,0.4
114,盔林,2020-01-02,0.0
114,盔林,2020-01-03,8.5
114,盔林,2020-01-04,8.0
114,盔林,2020-01-05,7.3
114,盔林,2020-01-06,0.0
114,盔林,2020-01-07,0.0
114,盔林,2020-01-08,0.0
114,盔林,2020-01-09,5.2
114,盔林,2020-01-10,8.1
114,盔林,2020-01-11,7.2
114,盔林,2020-01-12,8.6
114,盔林,2020-01-13,6.4
114,盔林,2020-01-14,8.8
114,盔林,2020-01-15,8.8
114,盔林,2020-01-16,7.4
114,盔林,2020-01-17,7.8
114,盔林,2020-01-18,8.5
114,盔林,2020-01-19,0.1
114,盔林,2020-01-20,7.9
114,盔林,2020-01-21,9.0
114,盔林,2020-01-22,0.0
114,盔林,2020-01-23,8.7
114,盔林,2020-01-24,8.3
114,盔林,2020-01-25,2.6
114,盔林,2020-01-26,6.5
114,盔林,2020-01-27,0.0
114,盔林,2020-01-28,3.6
114,盔林,2020-01-29,5.5
114,盔林,2020-01-30,5.0
114,盔林,2020-01-31,3.4
114,盔林,2020-02-01,3.6
114,盔林,2020-02-02,4.7
114,盔林,2020-02-03,9.0
114,盔林,2020-02-04,9.0
114,盔林,2020-02-05,9.5
114,盔林,2020-02-06,9.4
114,盔林,2020-02-07,6.2
114,盔林,2020-02-08,9.0
114,盔林,2020-02-09,9.6
114,盔林,2020-02-10,9.0
114,盔林,2020-02-11,9.5
114,盔林,2020-02-12,0.0
114,盔林,2020-02-13,4.0
114,盔林,2020-02-14,4.7
114,盔林,2020-02-15,5.7
114,盔林,2020-02-16,0.2
114,盔林,2020-02-17,1.5
114,盔林,2020-02-18,9.9
114,盔林,2020-02-19,9.4
114,盔林,2020-02-20,9.5
114,盔林,2020-02-21,2.6
114,盔林,2020-02-22,5.5
114,盔林,2020-02-23,10.2
114,盔林,2020-02-24,9.4
114,盔林,2020-02-25,0.0
114,盔林,2020-02-26,2.5
114,盔林,2020-02-27,8.1
114,盔林,2020-02-28,0.0
114,盔林,2020-02-29,5.9
114,盔林,2020-03-01,0.4
114,盔林,2020-03-02,8.5
114,盔林,2020-03-03,4.9
114,盔林,2020-03-04,6.8
114,盔林,2020-03-05,10.4
114,盔林,2020-03-06,10.6
114,盔林,2020-03-07,2.5
114,盔林,2020-03-08,10.7
114,盔林,2020-03-09,7.1
114,盔林,2020-03-10,0.0
114,盔林,2020-03-11,10.9
114,盔林,2020-03-12,10.6
114,盔林,2020-03-13,8.2
114,盔林,2020-03-14,10.0
114,盔林,2020-03-15,4.9
114,盔林,2020-03-16,11.0
114,盔林,2020-03-17,1.2
114,盔林,2020-03-18,8.1
114,盔林,2020-03-19,5.5
114,盔林,2020-03-20,11.0
114,盔林,2020-03-21,6.7
114,盔林,2020-03-22,10.3
114,盔林,2020-03-23,11.2
114,盔林,2020-03-24,11.2
114,盔林,2020-03-25,9.6
114,盔林,2020-03-26,6.3
114,盔林,2020-03-27,1.2
114,盔林,2020-03-28,9.0
114,盔林,2020-03-29,11.2
114,盔林,2020-03-30,11.5
114,盔林,2020-03-31,9.1
114,盔林,2020-04-01,6.6
114,盔林,2020-04-02,9.3
114,盔林,2020-04-03,11.7
114,盔林,2020-04-04,8.9
114,盔林,2020-04-05,11.9
114,盔林,2020-04-06,11.5
114,盔林,2020-04-07,8.3
114,盔林,2020-04-08,12.0
114,盔林,2020-04-09,11.8
114,盔林,2020-04-10,7.8
114,盔林,2020-04-11,7.2
114,盔林,2020-04-12,6.0
114,盔林,2020-04-13,10.4
114,盔林,2020-04-14,12.1
114,盔林,2020-04-15,10.9
114,盔林,2020-04-16,11.2
114,盔林,2020-04-17,1.0
114,盔林,2020-04-18,6.7
114,盔林,2020-04-19,0.0
114,盔林,2020-04-20,0.9
114,盔林,2020-04-21,10.3
114,盔林,2020-04-22,7.9
114,盔林,2020-04-23,10.7
114,盔林,2020-04-24,12.1
114,盔林,2020-04-25,9.2
114,盔林,2020-04-26,9.2
114,盔林,2020-04-27,8.6
114,盔林,2020-04-28,12.5
114,盔林,2020-04-29,12.2
114,盔林,2020-04-30,11.9
114,盔林,2020-05-01,11.0
114,盔林,2020-05-02,0.0
114,盔林,2020-05-03,2.3
114,盔林,2020-05-04,8.7
114,盔林,2020-05-05,2.1
114,盔林,2020-05-06,10.3
114,盔林,2020-05-07,10.5
114,盔林,2020-05-08,8.7
114,盔林,2020-05-09,0.0
114,盔林,2020-05-10,0.1
114,盔林,2020-05-11,7.8
114,盔林,2020-05-12,6.6
114,盔林,2020-05-13,13.0
114,盔林,2020-05-14,8.5
114,盔林,2020-05-15,0.0
114,盔林,2020-05-16,0.7
114,盔林,2020-05-17,10.7
114,盔林,2020-05-18,6.6
114,盔林,2020-05-19,2.7
114,盔林,2020-05-20,2.9
114,盔林,2020-05-21,11.9
114,盔林,2020-05-22,4.7
114,盔林,2020-05-23,9.5
114,盔林,2020-05-24,6.0
114,盔林,2020-05-25,0.6
114,盔林,2020-05-26,6.0
114,盔林,2020-05-27,13.2
114,盔林,2020-05-28,9.6
114,盔林,2020-05-29,11.3
114,盔林,2020-05-30,13.5
114,盔林,2020-05-31,9.8
114,盔林,2020-06-01,11.2
114,盔林,2020-06-02,1.4
114,盔林,2020-06-03,9.3
114,盔林,2020-06-04,10.0
114,盔林,2020-06-05,10.8
114,盔林,2020-06-06,10.4
114,盔林,2020-06-07,10.0
114,盔林,2020-06-08,11.1
114,盔林,2020-06-09,12.6
114,盔林,2020-06-10,9.4
114,盔林,2020-06-11,0.0
114,盔林,2020-06-12,0.0
114,盔林,2020-06-13,11.0
114,盔林,2020-06-14,5.5
114,盔林,2020-06-15,9.6
114,盔林,2020-06-16,8.8
114,盔林,2020-06-17,7.9
114,盔林,2020-06-18,0.0
114,盔林,2020-06-19,9.1
114,盔林,2020-06-20,11.0
114,盔林,2020-06-21,12.1
114,盔林,2020-06-22,12.8
114,盔林,2020-06-23,7.3
114,盔林,2020-06-24,0.0
114,盔林,2020-06-25,0.0
114,盔林,2020-06-26,3.8
114,盔林,2020-06-27,5.1
114,盔林,2020-06-28,10.6
114,盔林,2020-06-29,3.0
114,盔林,2020-06-30,0.3
114,盔林,2020-07-01,2.6
114,盔林,2020-07-02,11.2
114,盔林,2020-07-03,6.9
114,盔林,2020-07-04,8.2
114,盔林,2020-07-05,9.2
114,盔林,2020-07-06,9.2
114,盔林,2020-07-07,4.1
114,盔林,2020-07-08,8.4
114,盔林,2020-07-09,9.3
114,盔林,2020-07-10,4.2
114,盔林,2020-07-11,2.5
114,盔林,2020-07-12,0.1
114,盔林,2020-07-13,0.0
114,盔林,2020-07-14,0.0
114,盔林,2020-07-15,6.1
114,盔林,2020-07-16,7.7
114,盔林,2020-07-17,6.7
114,盔林,2020-07-18,8.0
114,盔林,2020-07-19,1.0
114,盔林,2020-07-20,0.2
114,盔林,2020-07-21,6.2
114,盔林,2020-07-22,0.0
114,盔林,2020-07-23,0.0
114,盔林,2020-07-24,0.5
114,盔林,2020-07-25,1.3
114,盔林,2020-07-26,4.0
114,盔林,2020-07-27,0.5
114,盔林,2020-07-28,0.0
114,盔林,2020-07-29,0.0
114,盔林,2020-07-30,0.0
114,盔林,2020-07-31,0.0
114,盔林,2020-08-01,1.5
114,盔林,2020-08-02,0.2
114,盔林,2020-08-03,0.0
114,盔林,2020-08-04,2.3
114,盔林,2020-08-05,0.0
114,盔林,2020-08-06,0.5
114,盔林,2020-08-07,0.0
114,盔林,2020-08-08,1.1
114,盔林,2020-08-09,0.2
114,盔林,2020-08-10,0.1
114,盔林,2020-08-11,0.3
114,盔林,2020-08-12,3.1
114,盔林,2020-08-13,3.3
114,盔林,2020-08-14,1.3
114,盔林,2020-08-15,0.1
114,盔林,2020-08-16,3.8
114,盔林,2020-08-17,7.5
114,盔林,2020-08-18,7.3
114,盔林,2020-08-19,9.1
114,盔林,2020-08-20,10.6
114,盔林,2020-08-21,6.0
114,盔林,2020-08-22,1.2
114,盔林,2020-08-23,8.6
114,盔林,2020-08-24,8.9
114,盔林,2020-08-25,10.9
114,盔林,2020-08-26,7.9
114,盔林,2020-08-27,1.7
114,盔林,2020-08-28,5.9
114,盔林,2020-08-29,3.0
114,盔林,2020-08-30,1.4
114,盔林,2020-08-31,2.8
114,盔林,2020-09-01,5.4
114,盔林,2020-09-02,0.0
114,盔林,2020-09-03,3.5
114,盔林,2020-09-04,9.9
114,盔林,2020-09-05,0.0
114,盔林,2020-09-06,1.7
114,盔林,2020-09-07,0.0
114,盔林,2020-09-08,8.6
114,盔林,2020-09-09,4.5
114,盔林,2020-09-10,7.2
114,盔林,2020-09-11,2.7
114,盔林,2020-09-12,0.0
114,盔林,2020-09-13,10.8
114,盔林,2020-09-14,7.3
114,盔林,2020-09-15,8.2
114,盔林,2020-09-16,0.8
114,盔林,2020-09-17,0.2
114,盔林,2020-09-18,9.1
114,盔林,2020-09-19,6.0
114,盔林,2020-09-20,11.0
114,盔林,2020-09-21,10.8
114,盔林,2020-09-22,5.9
114,盔林,2020-09-23,3.7
114,盔林,2020-09-24,7.8
114,盔林,2020-09-25,6.5
114,盔林,2020-09-26,6.8
114,盔林,2020-09-27,9.5
114,盔林,2020-09-28,10.7
114,盔林,2020-09-29,7.8
114,盔林,2020-09-30,7.6
114,盔林,2020-10-01,8.2
114,盔林,2020-10-02,5.6
114,盔林,2020-10-03,1.5
114,盔林,2020-10-04,2.5
114,盔林,2020-10-05,10.6
114,盔林,2020-10-06,10.6
114,盔林,2020-10-07,8.5
114,盔林,2020-10-08,10.4
114,盔林,2020-10-09,10.3
114,盔林,2020-10-10,8.3
114,盔林,2020-10-11,5.3
114,盔林,2020-10-12,5.6
114,盔林,2020-10-13,7.7
114,盔林,2020-10-14,5.5
114,盔林,2020-10-15,7.4
114,盔林,2020-10-16,1.4
114,盔林,2020-10-17,9.6
114,盔林,2020-10-18,10.0
114,盔林,2020-10-19,9.8
114,盔林,2020-10-20,9.8
114,盔林,2020-10-21,0.1
114,盔林,2020-10-22,2.4
114,盔林,2020-10-23,9.8
114,盔林,2020-10-24,9.8
114,盔林,2020-10-25,8.4
114,盔林,2020-10-26,9.3
114,盔林,2020-10-27,8.9
114,盔林,2020-10-28,6.7
114,盔林,2020-10-29,8.3
114,盔林,2020-10-30,9.5
114,盔林,2020-10-31,7.9
114,盔林,2020-11-01,0.0
114,盔林,2020-11-02,7.7
114,盔林,2020-11-03,9.4
114,盔林,2020-11-04,9.3
114,盔林,2020-11-05,8.1
114,盔林,2020-11-06,0.1
114,盔林,2020-11-07,6.1
114,盔林,2020-11-08,9.2
114,盔林,2020-11-09,7.7
114,盔林,2020-11-10,9.4
114,盔林,2020-11-11,9.4
114,盔林,2020-11-12,9.2
114,盔林,2020-11-13,8.3
114,盔林,2020-11-14,8.8
114,盔林,2020-11-15,7.4
114,盔林,2020-11-16,7.8
114,盔林,2020-11-17,1.4
114,盔林,2020-11-18,0.0
114,盔林,2020-11-19,0.0
114,盔林,2020-11-20,0.0
114,盔林,2020-11-21,7.6
114,盔林,2020-11-22,0.3
114,盔林,2020-11-23,8.9
114,盔林,2020-11-24,4.1
114,盔林,2020-11-25,5.4
114,盔林,2020-11-26,7.1
114,盔林,2020-11-27,2.9
114,盔林,2020-11-28,8.7
114,盔林,2020-11-29,3.4
114,盔林,2020-11-30,8.7
114,盔林,2020-12-01,8.5
114,盔林,2020-12-02,1.2
114,盔林,2020-12-03,8.7
114,盔林,2020-12-04,8.7
114,盔林,2020-12-05,7.8
114,盔林,2020-12-06,7.3
114,盔林,2020-12-07,3.9
114,盔林,2020-12-08,7.9
114,盔林,2020-12-09,6.6
114,盔林,2020-12-10,1.8
114,盔林,2020-12-11,4.2
114,盔林,2020-12-12,8.3
114,盔林,2020-12-13,0.0
114,盔林,2020-12-14,8.7
114,盔林,2020-12-15,8.7
114,盔林,2020-12-16,8.7
114,盔林,2020-12-17,8.7
114,盔林,2020-12-18,4.5
114,盔林,2020-12-19,8.6
114,盔林,2020-12-20,8.6
114,盔林,2020-12-21,8.3
114,盔林,2020-12-22,3.4
114,盔林,2020-12-23,1.5
114,盔林,2020-12-24,7.4
114,盔林,2020-12-25,8.7
114,盔林,2020-12-26,5.5
114,盔林,2020-12-27,5.1
114,盔林,2020-12-28,8.0
114,盔林,2020-12-29,2.7
114,盔林,2020-12-30,8.3
114,盔林,2020-12-31,6.4
114,盔林,2021-01-01,7.4
114,盔林,2021-01-02,8.6
114,盔林,2021-01-03,5.6
114,盔林,2021-01-04,7.2
114,盔林,2021-01-05,7.9
114,盔林,2021-01-06,8.7
114,盔林,2021-01-07,8.7
114,盔林,2021-01-08,8.7
114,盔林,2021-01-09,8.7
114,盔林,2021-01-10,7.7
114,盔林,2021-01-11,0.2
114,盔林,2021-01-12,5.1
114,盔林,2021-01-13,5.1
114,盔林,2021-01-14,8.1
114,盔林,2021-01-15,0.7
114,盔林,2021-01-16,5.5
114,盔林,2021-01-17,8.2
114,盔林,2021-01-18,0.8
114,盔林,2021-01-19,8.9
114,盔林,2021-01-20,8.8
114,盔林,2021-01-21,1.0
114,盔林,2021-01-22,0.0
114,盔林,2021-01-23,4.9
114,盔林,2021-01-24,8.3
114,盔林,2021-01-25,8.1
114,盔林,2021-01-26,0.0
114,盔林,2021-01-27,8.0
114,盔林,2021-01-28,2.3
114,盔林,2021-01-29,9.3
114,盔林,2021-01-30,3.2
114,盔林,2021-01-31,8.4
114,盔林,2021-02-01,1.8
114,盔林,2021-02-02,9.3
114,盔林,2021-02-03,9.1
114,盔林,2021-02-04,9.4
114,盔林,2021-02-05,3.1
114,盔林,2021-02-06,2.7
114,盔林,2021-02-07,5.9
114,盔林,2021-02-08,9.5
114,盔林,2021-02-09,9.6
114,盔林,2021-02-10,0.5
114,盔林,2021-02-11,8.3
114,盔林,2021-02-12,8.8
114,盔林,2021-02-13,9.6
114,盔林,2021-02-14,2.0
114,盔林,2021-02-15,3.3
114,盔林,2021-02-16,2.5
114,盔林,2021-02-17,9.8
114,盔林,2021-02-18,9.8
114,盔林,2021-02-19,9.7
114,盔林,2021-02-20,8.0
114,盔林,2021-02-21,9.7
114,盔林,2021-02-22,9.1
114,盔林,2021-02-23,9.9
114,盔林,2021-02-24,8.6
114,盔林,2021-02-25,0.0
114,盔林,2021-02-26,9.4
114,盔林,2021-02-27,10.1
114,盔林,2021-02-28,5.6
114,盔林,2021-03-01,0.0
114,盔林,2021-03-02,3.0
114,盔林,2021-03-03,10.3
114,盔林,2021-03-04,0.1
114,盔林,2021-03-05,10.4
114,盔林,2021-03-06,2.3
114,盔林,2021-03-07,8.9
114,盔林,2021-03-08,10.4
114,盔林,2021-03-09,9.1
114,盔林,2021-03-10,10.5
114,盔林,2021-03-11,9.4
114,盔林,2021-03-12,0.0
114,盔林,2021-03-13,8.7
114,盔林,2021-03-14,2.5
114,盔林,2021-03-15,6.0
114,盔林,2021-03-16,10.2
114,盔林,2021-03-17,10.3
114,盔林,2021-03-18,9.1
114,盔林,2021-03-19,9.5
114,盔林,2021-03-20,0.0
114,盔林,2021-03-21,3.9
114,盔林,2021-03-22,10.7
114,盔林,2021-03-23,10.9
114,盔林,2021-03-24,8.4
114,盔林,2021-03-25,10.4
114,盔林,2021-03-26,8.9
114,盔林,2021-03-27,0.4
114,盔林,2021-03-28,0.0
114,盔林,2021-03-29,8.0
114,盔林,2021-03-30,11.0
114,盔林,2021-03-31,11.2
114,盔林,2021-04-01,9.6
114,盔林,2021-04-02,6.9
114,盔林,2021-04-03,0.0
114,盔林,2021-04-04,1.6
114,盔林,2021-04-05,11.6
114,盔林,2021-04-06,10.5
114,盔林,2021-04-07,11.5
114,盔林,2021-04-08,11.7
114,盔林,2021-04-09,8.0
114,盔林,2021-04-10,11.6
114,盔林,2021-04-11,11.0
114,盔林,2021-04-12,0.0
114,盔林,2021-04-13,6.8
114,盔林,2021-04-14,12.1
114,盔林,2021-04-15,11.1
114,盔林,2021-04-16,1.2
114,盔林,2021-04-17,5.9
114,盔林,2021-04-18,8.0
114,盔林,2021-04-19,12.1
114,盔林,2021-04-20,11.5
114,盔林,2021-04-21,11.5
114,盔林,2021-04-22,4.9
114,盔林,2021-04-23,0.0
114,盔林,2021-04-24,6.1
114,盔林,2021-04-25,11.3
114,盔林,2021-04-26,12.5
114,盔林,2021-04-27,1.0
114,盔林,2021-04-28,6.8
114,盔林,2021-04-29,3.9
114,盔林,2021-04-30,0.2
114,盔林,2021-05-01,0.0
114,盔林,2021-05-02,10.3
114,盔林,2021-05-03,12.2
114,盔林,2021-05-04,0.7
114,盔林,2021-05-05,11.6
114,盔林,2021-05-06,11.7
114,盔林,2021-05-07,5.6
114,盔林,2021-05-08,9.5
114,盔林,2021-05-09,13.0
114,盔林,2021-05-10,0.0
114,盔林,2021-05-11,11.4
114,盔林,2021-05-12,12.3
114,盔林,2021-05-13,12.9
114,盔林,2021-05-14,10.3
114,盔林,2021-05-15,0.0
114,盔林,2021-05-16,0.0
114,盔林,2021-05-17,0.0
114,盔林,2021-05-18,7.1
114,盔林,2021-05-19,11.1
114,盔林,2021-05-20,0.0
114,盔林,2021-05-21,0.0
114,盔林,2021-05-22,8.9
114,盔林,2021-05-23,7.8
114,盔林,2021-05-24,8.1
114,盔林,2021-05-25,6.5
114,盔林,2021-05-26,7.2
114,盔林,2021-05-27,1.7
114,盔林,2021-05-28,2.2
114,盔林,2021-05-29,5.1
114,盔林,2021-05-30,9.6
114,盔林,2021-05-31,3.8
114,盔林,2021-06-01,4.5
114,盔林,2021-06-02,12.7
114,盔林,2021-06-03,1.4
114,盔林,2021-06-04,9.3
114,盔林,2021-06-05,7.3
114,盔林,2021-06-06,11.8
114,盔林,2021-06-07,3.9
114,盔林,2021-06-08,9.9
114,盔林,2021-06-09,12.7
114,盔林,2021-06-10,4.4
114,盔林,2021-06-11,3.6
114,盔林,2021-06-12,8.8
114,盔林,2021-06-13,10.9
114,盔林,2021-06-14,7.8
114,盔林,2021-06-15,1.5
114,盔林,2021-06-16,9.1
114,盔林,2021-06-17,0.3
114,盔林,2021-06-18,0.3
114,盔林,2021-06-19,10.9
114,盔林,2021-06-20,11.5
114,盔林,2021-06-21,7.6
114,盔林,2021-06-22,8.1
114,盔林,2021-06-23,2.9
114,盔林,2021-06-24,10.1
114,盔林,2021-06-25,10.7
114,盔林,2021-06-26,0.0
114,盔林,2021-06-27,7.1
114,盔林,2021-06-28,5.9
114,盔林,2021-06-29,3.9
114,盔林,2021-06-30,6.6
114,盔林,2021-07-01,10.5
114,盔林,2021-07-02,5.6
114,盔林,2021-07-03,1.0
114,盔林,2021-07-04,0.0
114,盔林,2021-07-05,2.0
114,盔林,2021-07-06,5.9
114,盔林,2021-07-07,1.6
114,盔林,2021-07-08,6.3
114,盔林,2021-07-09,4.5
114,盔林,2021-07-10,5.7
114,盔林,2021-07-11,0.4
114,盔林,2021-07-12,10.3
114,盔林,2021-07-13,11.1
114,盔林,2021-07-14,11.3
114,盔林,2021-07-15,4.7
114,盔林,2021-07-16,8.5
114,盔林,2021-07-17,8.1
114,盔林,2021-07-18,12.3
114,盔林,2021-07-19,3.8
114,盔林,2021-07-20,7.3
114,盔林,2021-07-21,12.6
114,盔林,2021-07-22,13.0
114,盔林,2021-07-23,13.3
114,盔林,2021-07-24,12.0
114,盔林,2021-07-25,11.2
114,盔林,2021-07-26,9.8
114,盔林,2021-07-27,8.9
114,盔林,2021-07-28,10.5
114,盔林,2021-07-29,9.3
114,盔林,2021-07-30,9.4
114,盔林,2021-07-31,7.3
114,盔林,2021-08-01,2.4
114,盔林,2021-08-02,1.3
114,盔林,2021-08-03,5.0
114,盔林,2021-08-04,10.7
114,盔林,2021-08-05,10.4
114,盔林,2021-08-06,6.8
114,盔林,2021-08-07,8.2
114,盔林,2021-08-08,1.3
114,盔林,2021-08-09,10.1
114,盔林,2021-08-10,9.0
114,盔林,2021-08-11,9.5
114,盔林,2021-08-12,4.2
114,盔林,2021-08-13,1.8
114,盔林,2021-08-14,3.7
114,盔林,2021-08-15,11.7
114,盔林,2021-08-16,8.3
114,盔林,2021-08-17,4.8
114,盔林,2021-08-18,3.8
114,盔林,2021-08-19,3.0
114,盔林,2021-08-20,10.2
114,盔林,2021-08-21,2.5
114,盔林,2021-08-22,0.6
114,盔林,2021-08-23,0.0
114,盔林,2021-08-24,0.6
114,盔林,2021-08-25,0.0
114,盔林,2021-08-26,1.4
114,盔林,2021-08-27,0.0
114,盔林,2021-08-28,4.3
114,盔林,2021-08-29,5.2
114,盔林,2021-08-30,0.7
114,盔林,2021-08-31,0.0
114,盔林,2021-09-01,0.0
114,盔林,2021-09-02,1.4
114,盔林,2021-09-03,9.0
114,盔林,2021-09-04,8.9
114,盔林,2021-09-05,5.5
114,盔林,2021-09-06,2.8
114,盔林,2021-09-07,0.0
114,盔林,2021-09-08,5.2
114,盔林,2021-09-09,6.8
114,盔林,2021-09-10,7.2
114,盔林,2021-09-11,9.5
114,盔林,2021-09-12,9.9
114,盔林,2021-09-13,6.9
114,盔林,2021-09-14,7.7
114,盔林,2021-09-15,8.1
114,盔林,2021-09-16,8.7
114,盔林,2021-09-17,3.3
114,盔林,2021-09-18,9.8
114,盔林,2021-09-19,6.8
114,盔林,2021-09-20,10.7
114,盔林,2021-09-21,0.9
114,盔林,2021-09-22,5.9
114,盔林,2021-09-23,5.3
114,盔林,2021-09-24,7.1
114,盔林,2021-09-25,0.0
114,盔林,2021-09-26,7.1
114,盔林,2021-09-27,4.3
114,盔林,2021-09-28,2.7
114,盔林,2021-09-29,0.0
114,盔林,2021-09-30,7.3
114,盔林,2021-10-01,8.1
114,盔林,2021-10-02,7.1
114,盔林,2021-10-03,7.9
114,盔林,2021-10-04,0.5
114,盔林,2021-10-05,6.8
114,盔林,2021-10-06,0.1
114,盔林,2021-10-07,0.0
114,盔林,2021-10-08,0.0
114,盔林,2021-10-09,2.6
114,盔林,2021-10-10,0.9
114,盔林,2021-10-11,1.0
114,盔林,2021-10-12,0.0
114,盔林,2021-10-13,8.7
114,盔林,2021-10-14,7.4
114,盔林,2021-10-15,0.0
114,盔林,2021-10-16,1.3
114,盔林,2021-10-17,10.0
114,盔林,2021-10-18,10.0
114,盔林,2021-10-19,2.0
114,盔林,2021-10-20,7.2
114,盔林,2021-10-21,8.4
114,盔林,2021-10-22,6.8
114,盔林,2021-10-23,9.8
114,盔林,2021-10-24,9.8
114,盔林,2021-10-25,9.6
114,盔林,2021-10-26,8.7
114,盔林,2021-10-27,6.5
114,盔林,2021-10-28,9.6
114,盔林,2021-10-29,9.3
114,盔林,2021-10-30,3.5
114,盔林,2021-10-31,8.9
114,盔林,2021-11-01,6.9
114,盔林,2021-11-02,7.0
114,盔林,2021-11-03,8.8
114,盔林,2021-11-04,6.3
114,盔林,2021-11-05,7.6
114,盔林,2021-11-06,8.9
114,盔林,2021-11-07,7.9
114,盔林,2021-11-08,0.5
114,盔林,2021-11-09,0.0
114,盔林,2021-11-10,1.1
114,盔林,2021-11-11,5.5
114,盔林,2021-11-12,9.4
114,盔林,2021-11-13,7.4
114,盔林,2021-11-14,4.3
114,盔林,2021-11-15,7.6
114,盔林,2021-11-16,9.0
114,盔林,2021-11-17,8.2
114,盔林,2021-11-18,3.5
114,盔林,2021-11-19,2.5
114,盔林,2021-11-20,4.9
114,盔林,2021-11-21,0.1
114,盔林,2021-11-22,7.3
114,盔林,2021-11-23,2.6
114,盔林,2021-11-24,1.7
114,盔林,2021-11-25,8.1
114,盔林,2021-11-26,5.8
114,盔林,2021-11-27,8.8
114,盔林,2021-11-28,8.0
114,盔林,2021-11-29,8.5
114,盔林,2021-11-30,0.0
114,盔林,2021-12-01,8.8
114,盔林,2021-12-02,6.3
114,盔林,2021-12-03,8.6
114,盔林,2021-12-04,8.7
114,盔林,2021-12-05,8.7
114,盔林,2021-12-06,7.9
114,盔林,2021-12-07,6.3
114,盔林,2021-12-08,8.8
114,盔林,2021-12-09,2.6
114,盔林,2021-12-10,0.3
114,盔林,2021-12-11,4.9
114,盔林,2021-12-12,8.0
114,盔林,2021-12-13,8.7
114,盔林,2021-12-14,1.3
114,盔林,2021-12-15,0.0
114,盔林,2021-12-16,1.1
114,盔林,2021-12-17,8.4
114,盔林,2021-12-18,5.8
114,盔林,2021-12-19,8.0
114,盔林,2021-12-20,1.4
114,盔林,2021-12-21,5.8
114,盔林,2021-12-22,8.6
114,盔林,2021-12-23,8.4
114,盔林,2021-12-24,0.4
114,盔林,2021-12-25,8.7
114,盔林,2021-12-26,8.7
114,盔林,2021-12-27,4.7
114,盔林,2021-12-28,0.2
114,盔林,2021-12-29,0.9
114,盔林,2021-12-30,6.7
114,盔林,2021-12-31,8.7
114,盔林,2022-01-01,8.7
114,盔林,2022-01-02,5.2
114,盔林,2022-01-03,7.7
114,盔林,2022-01-04,8.6
114,盔林,2022-01-05,4.4
114,盔林,2022-01-06,8.7
114,盔林,2022-01-07,8.7
114,盔林,2022-01-08,2.4
114,盔林,2022-01-09,3.1
114,盔林,2022-01-10,3.6
114,盔林,2022-01-11,8.2
114,盔林,2022-01-12,8.8
114,盔林,2022-01-13,8.8
114,盔林,2022-01-14,8.8
114,盔林,2022-01-15,2.5
114,盔林,2022-01-16,7.6
114,盔林,2022-01-17,6.2
114,盔林,2022-01-18,8.9
114,盔林,2022-01-19,1.8
114,盔林,2022-01-20,8.3
114,盔林,2022-01-21,9.0
114,盔林,2022-01-22,1.4
114,盔林,2022-01-23,7.5
114,盔林,2022-01-24,5.9
114,盔林,2022-01-25,0.0
114,盔林,2022-01-26,7.3
114,盔林,2022-01-27,9.1
114,盔林,2022-01-28,9.1
114,盔林,2022-01-29,9.2
114,盔林,2022-01-30,9.4
114,盔林,2022-01-31,9.3
114,盔林,2022-02-01,3.9
114,盔林,2022-02-02,8.0
114,盔林,2022-02-03,9.4
114,盔林,2022-02-04,8.6
114,盔林,2022-02-05,9.3
114,盔林,2022-02-06,9.4
114,盔林,2022-02-07,6.7
114,盔林,2022-02-08,6.7
114,盔林,2022-02-09,9.2
114,盔林,2022-02-10,9.4
114,盔林,2022-02-11,9.0
114,盔林,2022-02-12,9.0
114,盔林,2022-02-13,3.3
114,盔林,2022-02-14,2.8
114,盔林,2022-02-15,5.6
114,盔林,2022-02-16,9.4
114,盔林,2022-02-17,9.8
114,盔林,2022-02-18,9.6
114,盔林,2022-02-19,3.2
114,盔林,2022-02-20,9.8
114,盔林,2022-02-21,7.6
114,盔林,2022-02-22,9.2
114,盔林,2022-02-23,9.9
114,盔林,2022-02-24,10.0
114,盔林,2022-02-25,8.6
114,盔林,2022-02-26,6.0
114,盔林,2022-02-27,10.2
114,盔林,2022-02-28,5.8
114,盔林,2022-03-01,1.3
114,盔林,2022-03-02,10.2
114,盔林,2022-03-03,9.2
114,盔林,2022-03-04,7.8
114,盔林,2022-03-05,10.1
114,盔林,2022-03-06,10.5
114,盔林,2022-03-07,8.0
114,盔林,2022-03-08,8.6
114,盔林,2022-03-09,10.3
114,盔林,2022-03-10,8.8
114,盔林,2022-03-11,6.6
114,盔林,2022-03-12,4.3
114,盔林,2022-03-13,0.0
114,盔林,2022-03-14,1.9
114,盔林,2022-03-15,7.7
114,盔林,2022-03-16,8.0
114,盔林,2022-03-17,0.9
114,盔林,2022-03-18,0.0
114,盔林,2022-03-19,0.0
114,盔林,2022-03-20,4.3
114,盔林,2022-03-21,7.5
114,盔林,2022-03-22,11.0
114,盔林,2022-03-23,0.7
114,盔林,2022-03-24,1.4
114,盔林,2022-03-25,3.6
114,盔林,2022-03-26,0.0
114,盔林,2022-03-27,8.9
114,盔林,2022-03-28,11.2
114,盔林,2022-03-29,11.2
114,盔林,2022-03-30,4.0
114,盔林,2022-03-31,1.6
114,盔林,2022-04-01,10.0
114,盔林,2022-04-02,11.4
114,盔林,2022-04-03,11.5
114,盔林,2022-04-04,11.5
114,盔林,2022-04-05,9.9
114,盔林,2022-04-06,11.1
114,盔林,2022-04-07,9.3
114,盔林,2022-04-08,11.7
114,盔林,2022-04-09,9.8
114,盔林,2022-04-10,11.5
114,盔林,2022-04-11,10.7
114,盔林,2022-04-12,10.1
114,盔林,2022-04-13,0.0
114,盔林,2022-04-14,0.0
114,盔林,2022-04-15,8.8
114,盔林,2022-04-16,12.2
114,盔林,2022-04-17,11.7
114,盔林,2022-04-18,6.8
114,盔林,2022-04-19,12.2
114,盔林,2022-04-20,12.2
114,盔林,2022-04-21,7.9
114,盔林,2022-04-22,0.5
114,盔林,2022-04-23,8.7
114,盔林,2022-04-24,7.5
114,盔林,2022-04-25,4.2
114,盔林,2022-04-26,3.2
114,盔林,2022-04-27,12.1
114,盔林,2022-04-28,9.7
114,盔林,2022-04-29,2.0
114,盔林,2022-04-30,2.6
114,盔林,2022-05-01,11.0
114,盔林,2022-05-02,10.7
114,盔林,2022-05-03,12.6
114,盔林,2022-05-04,12.4
114,盔林,2022-05-05,12.8
114,盔林,2022-05-06,10.6
114,盔林,2022-05-07,5.8
114,盔林,2022-05-08,0.0
114,盔林,2022-05-09,12.0
114,盔林,2022-05-10,9.3
114,盔林,2022-05-11,9.3
114,盔林,2022-05-12,8.9
114,盔林,2022-05-13,1.1
114,盔林,2022-05-14,11.7
114,盔林,2022-05-15,13.2
114,盔林,2022-05-16,13.1
114,盔林,2022-05-17,12.7
114,盔林,2022-05-18,7.9
114,盔林,2022-05-19,7.1
114,盔林,2022-05-20,9.6
114,盔林,2022-05-21,10.1
114,盔林,2022-05-22,7.2
114,盔林,2022-05-23,10.6
114,盔林,2022-05-24,12.4
114,盔林,2022-05-25,10.8
114,盔林,2022-05-26,10.8
114,盔林,2022-05-27,8.2
114,盔林,2022-05-28,13.2
114,盔林,2022-05-29,13.2
114,盔林,2022-05-30,0.6
114,盔林,2022-05-31,13.0
114,盔林,2022-06-01,13.6
114,盔林,2022-06-02,13.3
114,盔林,2022-06-03,10.8
114,盔林,2022-06-04,8.4
114,盔林,2022-06-05,0.0
114,盔林,2022-06-06,4.9
114,盔林,2022-06-07,4.6
114,盔林,2022-06-08,6.2
114,盔林,2022-06-09,2.1
114,盔林,2022-06-10,8.6
114,盔林,2022-06-11,9.0
114,盔林,2022-06-12,7.3
114,盔林,2022-06-13,9.7
114,盔林,2022-06-14,4.0
114,盔林,2022-06-15,0.5
114,盔林,2022-06-16,3.0
114,盔林,2022-06-17,8.9
114,盔林,2022-06-18,6.1
114,盔林,2022-06-19,0.6
114,盔林,2022-06-20,8.0
114,盔林,2022-06-21,13.0
114,盔林,2022-06-22,9.4
114,盔林,2022-06-23,1.2
114,盔林,2022-06-24,2.7
114,盔林,2022-06-25,9.2
114,盔林,2022-06-26,1.0
114,盔林,2022-06-27,0.5
114,盔林,2022-06-28,1.1
114,盔林,2022-06-29,0.7
114,盔林,2022-06-30,0.1
114,盔林,2022-07-01,11.9
114,盔林,2022-07-02,11.2
114,盔林,2022-07-03,12.1
114,盔林,2022-07-04,8.0
114,盔林,2022-07-05,5.7
114,盔林,2022-07-06,6.3
114,盔林,2022-07-07,5.6
114,盔林,2022-07-08,1.4
114,盔林,2022-07-09,3.7
114,盔林,2022-07-10,8.7
114,盔林,2022-07-11,5.4
114,盔林,2022-07-12,4.7
114,盔林,2022-07-13,0.0
114,盔林,2022-07-14,3.2
114,盔林,2022-07-15,8.1
114,盔林,2022-07-16,5.1
114,盔林,2022-07-17,3.9
114,盔林,2022-07-18,0.8
114,盔林,2022-07-19,5.5
114,盔林,2022-07-20,5.3
114,盔林,2022-07-21,0.0
114,盔林,2022-07-22,2.2
114,盔林,2022-07-23,0.9
114,盔林,2022-07-24,2.2
114,盔林,2022-07-25,9.4
114,盔林,2022-07-26,11.9
114,盔林,2022-07-27,6.7
114,盔林,2022-07-28,12.3
114,盔林,2022-07-29,11.6
114,盔林,2022-07-30,7.4
114,盔林,2022-07-31,0.0
114,盔林,2022-08-01,3.0
114,盔林,2022-08-02,2.6
114,盔林,2022-08-03,1.7
114,盔林,2022-08-04,8.6
114,盔林,2022-08-05,6.6
114,盔林,2022-08-06,6.1
114,盔林,2022-08-07,3.7
114,盔林,2022-08-08,0.0
114,盔林,2022-08-09,0.0
114,盔林,2022-08-10,0.1
114,盔林,2022-08-11,0.0
114,盔林,2022-08-12,9.8
114,盔林,2022-08-13,1.0
114,盔林,2022-08-14,1.7
114,盔林,2022-08-15,0.2
114,盔林,2022-08-16,9.3
114,盔林,2022-08-17,6.3
114,盔林,2022-08-18,5.3
114,盔林,2022-08-19,1.8
114,盔林,2022-08-20,9.0
114,盔林,2022-08-21,9.8
114,盔林,2022-08-22,5.8
114,盔林,2022-08-23,2.3
114,盔林,2022-08-24,0.2
114,盔林,2022-08-25,0.5
114,盔林,2022-08-26,8.0
114,盔林,2022-08-27,11.2
114,盔林,2022-08-28,12.1
114,盔林,2022-08-29,0.0
114,盔林,2022-08-30,0.0
114,盔林,2022-08-31,0.2
114,盔林,2022-09-01,8.4
114,盔林,2022-09-02,10.5
114,盔林,2022-09-03,4.7
114,盔林,2022-09-04,0.0
114,盔林,2022-09-05,0.0
114,盔林,2022-09-06,5.1
114,盔林,2022-09-07,10.1
114,盔林,2022-09-08,11.5
114,盔林,2022-09-09,9.5
114,盔林,2022-09-10,4.9
114,盔林,2022-09-11,1.7
114,盔林,2022-09-12,2.5
114,盔林,2022-09-13,1.0
114,盔林,2022-09-14,1.4
114,盔林,2022-09-15,8.5
114,盔林,2022-09-16,8.1
114,盔林,2022-09-17,8.0
114,盔林,2022-09-18,0.4
114,盔林,2022-09-19,3.9
114,盔林,2022-09-20,8.4
114,盔林,2022-09-21,11.0
114,盔林,2022-09-22,10.1
114,盔林,2022-09-23,8.0
114,盔林,2022-09-24,10.6
114,盔林,2022-09-25,4.3
114,盔林,2022-09-26,7.1
114,盔林,2022-09-27,10.7
114,盔林,2022-09-28,7.1
114,盔林,2022-09-29,8.5
114,盔林,2022-09-30,8.8
114,盔林,2022-10-01,8.8
114,盔林,2022-10-02,0.1
114,盔林,2022-10-03,0.0
114,盔林,2022-10-04,0.0
114,盔林,2022-10-05,3.9
114,盔林,2022-10-06,1.9
114,盔林,2022-10-07,1.5
114,盔林,2022-10-08,10.1
114,盔林,2022-10-09,1.0
114,盔林,2022-10-10,1.5
114,盔林,2022-10-11,7.1
114,盔林,2022-10-12,7.9
114,盔林,2022-10-13,8.0
114,盔林,2022-10-14,5.9
114,盔林,2022-10-15,7.1
114,盔林,2022-10-16,0.2
114,盔林,2022-10-17,9.1
114,盔林,2022-10-18,10.0
114,盔林,2022-10-19,9.9
114,盔林,2022-10-20,9.9
114,盔林,2022-10-21,9.0
114,盔林,2022-10-22,8.1
114,盔林,2022-10-23,6.8
114,盔林,2022-10-24,5.3
114,盔林,2022-10-25,8.2
114,盔林,2022-10-26,7.9
114,盔林,2022-10-27,9.6
114,盔林,2022-10-28,9.6
114,盔林,2022-10-29,9.6
114,盔林,2022-10-30,9.5
114,盔林,2022-10-31,8.7
114,盔林,2022-11-01,7.5
114,盔林,2022-11-02,9.2
114,盔林,2022-11-03,1.1
114,盔林,2022-11-04,9.4
114,盔林,2022-11-05,9.4
114,盔林,2022-11-06,8.6
114,盔林,2022-11-07,7.6
114,盔林,2022-11-08,7.5
114,盔林,2022-11-09,8.4
114,盔林,2022-11-10,7.7
114,盔林,2022-11-11,9.1
114,盔林,2022-11-12,3.2
114,盔林,2022-11-13,0.0
114,盔林,2022-11-14,1.7
114,盔林,2022-11-15,4.8
114,盔林,2022-11-16,4.4
114,盔林,2022-11-17,8.5
114,盔林,2022-11-18,9.0
114,盔林,2022-11-19,8.3
114,盔林,2022-11-20,7.3
114,盔林,2022-11-21,5.3
114,盔林,2022-11-22,2.0
114,盔林,2022-11-23,6.1
114,盔林,2022-11-24,6.8
114,盔林,2022-11-25,8.8
114,盔林,2022-11-26,8.6
114,盔林,2022-11-27,7.6
114,盔林,2022-11-28,2.6
114,盔林,2022-11-29,1.0
114,盔林,2022-11-30,8.8
114,盔林,2022-12-01,8.8
114,盔林,2022-12-02,8.7
114,盔林,2022-12-03,2.3
114,盔林,2022-12-04,1.9
114,盔林,2022-12-05,7.8
114,盔林,2022-12-06,1.6
114,盔林,2022-12-07,4.3
114,盔林,2022-12-08,8.7
114,盔林,2022-12-09,3.9
114,盔林,2022-12-10,3.2
114,盔林,2022-12-11,8.7
114,盔林,2022-12-12,3.5
114,盔林,2022-12-13,0.7
114,盔林,2022-12-14,8.7
114,盔林,2022-12-15,0.6
114,盔林,2022-12-16,8.1
114,盔林,2022-12-17,6.3
114,盔林,2022-12-18,8.7
114,盔林,2022-12-19,7.9
114,盔林,2022-12-20,7.8
114,盔林,2022-12-21,0.0
114,盔林,2022-12-22,7.5
114,盔林,2022-12-23,5.8
114,盔林,2022-12-24,8.7
114,盔林,2022-12-25,8.7
114,盔林,2022-12-26,7.9
114,盔林,2022-12-27,8.7
114,盔林,2022-12-28,6.8
114,盔林,2022-12-29,8.7
114,盔林,2022-12-30,7.8
114,盔林,2022-12-31,0.4
114,盔林,2023-01-01,8.5
114,盔林,2023-01-02,8.6
114,盔林,2023-01-03,8.6
114,盔林,2023-01-04,8.5
114,盔林,2023-01-05,8.3
114,盔林,2023-01-06,8.2
114,盔林,2023-01-07,0.4
114,盔林,2023-01-08,6.7
114,盔林,2023-01-09,6.0
114,盔林,2023-01-10,8.7
114,盔林,2023-01-11,8.7
114,盔林,2023-01-12,8.8
114,盔林,2023-01-13,0.0
114,盔林,2023-01-14,0.0
114,盔林,2023-01-15,0.0
114,盔林,2023-01-16,2.4
114,盔林,2023-01-17,3.4
114,盔林,2023-01-18,7.8
114,盔林,2023-01-19,8.5
114,盔林,2023-01-20,8.1
114,盔林,2023-01-21,9.0
114,盔林,2023-01-22,0.7
114,盔林,2023-01-23,7.3
114,盔林,2023-01-24,8.7
114,盔林,2023-01-25,9.1
114,盔林,2023-01-26,0.0
114,盔林,2023-01-27,7.6
114,盔林,2023-01-28,9.1
114,盔林,2023-01-29,6.3
114,盔林,2023-01-30,9.4
114,盔林,2023-01-31,8.2
114,盔林,2023-02-01,8.2
114,盔林,2023-02-02,7.6
114,盔林,2023-02-03,6.9
114,盔林,2023-02-04,9.4
114,盔林,2023-02-05,7.1
114,盔林,2023-02-06,6.8
114,盔林,2023-02-07,5.1
114,盔林,2023-02-08,8.2
114,盔林,2023-02-09,7.5
114,盔林,2023-02-10,1.1
114,盔林,2023-02-11,4.7
114,盔林,2023-02-12,2.9
114,盔林,2023-02-13,0.6
114,盔林,2023-02-14,5.5
114,盔林,2023-02-15,6.6
114,盔林,2023-02-16,0.5
114,盔林,2023-02-17,7.6
114,盔林,2023-02-18,0.0
114,盔林,2023-02-19,4.5
114,盔林,2023-02-20,9.3
114,盔林,2023-02-21,9.8
114,盔林,2023-02-22,9.8
114,盔林,2023-02-23,9.8
114,盔林,2023-02-24,9.1
114,盔林,2023-02-25,9.9
114,盔林,2023-02-26,10.1
114,盔林,2023-02-27,10.2
114,盔林,2023-02-28,10.2
114,盔林,2023-03-01,1.6
114,盔林,2023-03-02,10.2
114,盔林,2023-03-03,10.1
114,盔林,2023-03-04,6.1
114,盔林,2023-03-05,9.6
114,盔林,2023-03-06,10.2
114,盔林,2023-03-07,9.2
114,盔林,2023-03-08,5.9
114,盔林,2023-03-09,5.8
114,盔林,2023-03-10,9.7
114,盔林,2023-03-11,8.0
114,盔林,2023-03-12,0.1
114,盔林,2023-03-13,9.7
114,盔林,2023-03-14,9.8
114,盔林,2023-03-15,6.7
114,盔林,2023-03-16,7.3
114,盔林,2023-03-17,7.4
114,盔林,2023-03-18,10.7
114,盔林,2023-03-19,10.8
114,盔林,2023-03-20,9.1
114,盔林,2023-03-21,10.8
114,盔林,2023-03-22,10.7
114,盔林,2023-03-23,0.7
114,盔林,2023-03-24,1.7
114,盔林,2023-03-25,6.4
114,盔林,2023-03-26,9.2
114,盔林,2023-03-27,10.8
114,盔林,2023-03-28,8.4
114,盔林,2023-03-29,10.9
114,盔林,2023-03-30,11.1
114,盔林,2023-03-31,11.2
114,盔林,2023-04-01,11.1
114,盔林,2023-04-02,11.4
114,盔林,2023-04-03,11.4
114,盔林,2023-04-04,3.9
114,盔林,2023-04-05,0.0
114,盔林,2023-04-06,0.0
114,盔林,2023-04-07,7.0
114,盔林,2023-04-08,11.3
114,盔林,2023-04-09,11.7
114,盔林,2023-04-10,11.0
114,盔林,2023-04-11,0.8
114,盔林,2023-04-12,11.1
114,盔林,2023-04-13,7.5
114,盔林,2023-04-14,8.0
114,盔林,2023-04-15,0.6
114,盔林,2023-04-16,3.0
114,盔林,2023-04-17,6.9
114,盔林,2023-04-18,0.1
114,盔林,2023-04-19,12.4
114,盔林,2023-04-20,0.5
114,盔林,2023-04-21,7.1
114,盔林,2023-04-22,6.7
114,盔林,2023-04-23,4.0
114,盔林,2023-04-24,7.7
114,盔林,2023-04-25,0.0
114,盔林,2023-04-26,4.2
114,盔林,2023-04-27,9.2
114,盔林,2023-04-28,10.8
114,盔林,2023-04-29,0.0
114,盔林,2023-04-30,10.3
114,盔林,2023-05-01,9.9
114,盔林,2023-05-02,8.3
114,盔林,2023-05-03,10.4
114,盔林,2023-05-04,8.0
114,盔林,2023-05-05,0.0
114,盔林,2023-05-06,0.0
114,盔林,2023-05-07,0.0
114,盔林,2023-05-08,12.8
114,盔林,2023-05-09,12.8
114,盔林,2023-05-10,12.3
114,盔林,2023-05-11,12.7
114,盔林,2023-05-12,7.6
114,盔林,2023-05-13,11.2
114,盔林,2023-05-14,11.5
114,盔林,2023-05-15,12.7
114,盔林,2023-05-16,11.8
114,盔林,2023-05-17,13.0
114,盔林,2023-05-18,0.7
114,盔林,2023-05-19,4.7
114,盔林,2023-05-20,8.7
114,盔林,2023-05-21,6.2
114,盔林,2023-05-22,3.9
114,盔林,2023-05-23,13.3
114,盔林,2023-05-24,7.4
114,盔林,2023-05-25,11.8
114,盔林,2023-05-26,10.6
114,盔林,2023-05-27,0.0
114,盔林,2023-05-28,0.0
114,盔林,2023-05-29,3.4
114,盔林,2023-05-30,2.8
114,盔林,2023-05-31,11.4
114,盔林,2023-06-01,3.2
114,盔林,2023-06-02,10.0
114,盔林,2023-06-03,11.9
114,盔林,2023-06-04,12.8
114,盔林,2023-06-05,12.4
114,盔林,2023-06-06,10.4
114,盔林,2023-06-07,1.1
114,盔林,2023-06-08,5.3
114,盔林,2023-06-09,10.2
114,盔林,2023-06-10,7.7
114,盔林,2023-06-11,6.9
114,盔林,2023-06-12,8.8
114,盔林,2023-06-13,12.7
114,盔林,2023-06-14,11.4
114,盔林,2023-06-15,10.8
114,盔林,2023-06-16,13.1
114,盔林,2023-06-17,11.3
114,盔林,2023-06-18,12.7
114,盔林,2023-06-19,9.9
114,盔林,2023-06-20,0.9
114,盔林,2023-06-21,0.0
114,盔林,2023-06-22,4.5
114,盔林,2023-06-23,9.4
114,盔林,2023-06-24,12.2
114,盔林,2023-06-25,7.1
114,盔林,2023-06-26,0.2
114,盔林,2023-06-27,6.5
114,盔林,2023-06-28,6.1
114,盔林,2023-06-29,0.0
114,盔林,2023-06-30,2.5
114,盔林,2023-07-01,11.9
114,盔林,2023-07-02,5.1
114,盔林,2023-07-03,10.3
114,盔林,2023-07-04,6.1
114,盔林,2023-07-05,6.4
114,盔林,2023-07-06,8.5
114,盔林,2023-07-07,2.7
114,盔林,2023-07-08,4.2
114,盔林,2023-07-09,1.5
114,盔林,2023-07-10,7.0
114,盔林,2023-07-11,0.0
114,盔林,2023-07-12,1.0
114,盔林,2023-07-13,0.0
114,盔林,2023-07-14,0.0
114,盔林,2023-07-15,0.0
114,盔林,2023-07-16,0.3
114,盔林,2023-07-17,0.6
114,盔林,2023-07-18,0.0
114,盔林,2023-07-19,8.4
114,盔林,2023-07-20,7.0
114,盔林,2023-07-21,9.1
114,盔林,2023-07-22,7.3
114,盔林,2023-07-23,0.0
114,盔林,2023-07-24,3.5
114,盔林,2023-07-25,7.6
114,盔林,2023-07-26,5.3
114,盔林,2023-07-27,10.3
114,盔林,2023-07-28,11.1
114,盔林,2023-07-29,8.4
114,盔林,2023-07-30,10.5
114,盔林,2023-07-31,3.6
114,盔林,2023-08-01,8.2
114,盔林,2023-08-02,2.0
114,盔林,2023-08-03,10.8
114,盔林,2023-08-04,6.9
114,盔林,2023-08-05,9.9
114,盔林,2023-08-06,7.1
114,盔林,2023-08-07,8.6
114,盔林,2023-08-08,10.4
114,盔林,2023-08-09,0.3
114,盔林,2023-08-10,0.0
114,盔林,2023-08-11,0.0
114,盔林,2023-08-12,0.3
114,盔林,2023-08-13,1.7
114,盔林,2023-08-14,9.6
114,盔林,2023-08-15,10.7
114,盔林,2023-08-16,9.6
114,盔林,2023-08-17,4.6
114,盔林,2023-08-18,5.2
114,盔林,2023-08-19,6.0
114,盔林,2023-08-20,5.3
114,盔林,2023-08-21,5.5
114,盔林,2023-08-22,5.3
114,盔林,2023-08-23,2.3
114,盔林,2023-08-24,0.0
114,盔林,2023-08-25,6.1
114,盔林,2023-08-26,8.6
114,盔林,2023-08-27,3.0
114,盔林,2023-08-28,0.0
114,盔林,2023-08-29,0.2
114,盔林,2023-08-30,0.0
114,盔林,2023-08-31,4.5
114,盔林,2023-09-01,8.7
114,盔林,2023-09-02,9.8
114,盔林,2023-09-03,3.7
114,盔林,2023-09-04,2.4
114,盔林,2023-09-05,4.9
114,盔林,2023-09-06,9.4
114,盔林,2023-09-07,11.5
114,盔林,2023-09-08,11.5
114,盔林,2023-09-09,11.2
114,盔林,2023-09-10,10.7
114,盔林,2023-09-11,8.9
114,盔林,2023-09-12,8.2
114,盔林,2023-09-13,0.0
114,盔林,2023-09-14,0.0
114,盔林,2023-09-15,0.1
114,盔林,2023-09-16,0.8
114,盔林,2023-09-17,5.0
114,盔林,2023-09-18,7.3
114,盔林,2023-09-19,2.9
114,盔林,2023-09-20,0.0
114,盔林,2023-09-21,1.2
114,盔林,2023-09-22,7.2
114,盔林,2023-09-23,7.8
114,盔林,2023-09-24,8.2
114,盔林,2023-09-25,4.4
114,盔林,2023-09-26,0.0
114,盔林,2023-09-27,0.0
114,盔林,2023-09-28,6.4
114,盔林,2023-09-29,4.6
114,盔林,2023-09-30,3.9
114,盔林,2023-10-01,10.6
114,盔林,2023-10-02,10.3
114,盔林,2023-10-03,3.0
114,盔林,2023-10-04,6.1
114,盔林,2023-10-05,10.6
114,盔林,2023-10-06,8.7
114,盔林,2023-10-07,2.5
114,盔林,2023-10-08,0.3
114,盔林,2023-10-09,2.5
114,盔林,2023-10-10,6.6
114,盔林,2023-10-11,9.7
114,盔林,2023-10-12,10.1
114,盔林,2023-10-13,3.4
114,盔林,2023-10-14,1.3
114,盔林,2023-10-15,4.1
114,盔林,2023-10-16,9.1
114,盔林,2023-10-17,10.0
114,盔林,2023-10-18,8.7
114,盔林,2023-10-19,0.0
114,盔林,2023-10-20,9.8
114,盔林,2023-10-21,7.4
114,盔林,2023-10-22,8.5
114,盔林,2023-10-23,8.2
114,盔林,2023-10-24,5.0
114,盔林,2023-10-25,6.9
114,盔林,2023-10-26,2.3
114,盔林,2023-10-27,2.5
114,盔林,2023-10-28,8.9
114,盔林,2023-10-29,9.5
114,盔林,2023-10-30,9.4
114,盔林,2023-10-31,5.9
114,盔林,2023-11-01,0.0
114,盔林,2023-11-02,8.2
114,盔林,2023-11-03,4.3
114,盔林,2023-11-04,0.1
114,盔林,2023-11-05,1.8
114,盔林,2023-11-06,2.0
114,盔林,2023-11-07,9.2
114,盔林,2023-11-08,9.2
114,盔林,2023-11-09,3.8
114,盔林,2023-11-10,8.5
114,盔林,2023-11-11,6.7
114,盔林,2023-11-12,9.4
114,盔林,2023-11-13,9.2
114,盔林,2023-11-14,9.1
114,盔林,2023-11-15,9.0
114,盔林,2023-11-16,0.0
114,盔林,2023-11-17,4.6
114,盔林,2023-11-18,8.9
114,盔林,2023-11-19,3.6
114,盔林,2023-11-20,9.0
114,盔林,2023-11-21,8.9
114,盔林,2023-11-22,8.5
114,盔林,2023-11-23,7.8
114,盔林,2023-11-24,8.7
114,盔林,2023-11-25,8.9
114,盔林,2023-11-26,3.2
114,盔林,2023-11-27,0.0
114,盔林,2023-11-28,6.0
114,盔林,2023-11-29,4.5
114,盔林,2023-11-30,8.7
114,盔林,2023-12-01,8.7
114,盔林,2023-12-02,2.4
114,盔林,2023-12-03,8.7
114,盔林,2023-12-04,8.7
114,盔林,2023-12-05,7.9
114,盔林,2023-12-06,0.0
114,盔林,2023-12-07,7.2
114,盔林,2023-12-08,7.6
114,盔林,2023-12-09,3.1
114,盔林,2023-12-10,4.6
114,盔林,2023-12-11,0.0
114,盔林,2023-12-12,2.5
114,盔林,2023-12-13,5.9
114,盔林,2023-12-14,0.0
114,盔林,2023-12-15,0.0
114,盔林,2023-12-16,2.5
114,盔林,2023-12-17,8.7
114,盔林,2023-12-18,3.5
114,盔林,2023-12-19,4.0
114,盔林,2023-12-20,6.2
114,盔林,2023-12-21,8.6
114,盔林,2023-12-22,8.7
114,盔林,2023-12-23,8.7
114,盔林,2023-12-24,4.8
114,盔林,2023-12-25,0.2
114,盔林,2023-12-26,4.9
114,盔林,2023-12-27,8.4
114,盔林,2023-12-28,7.5
114,盔林,2023-12-29,8.3
114,盔林,2023-12-30,0.0
114,盔林,2023-12-31,0.0
114,盔林,2024-01-01,2.4
