瘤痢,瘤痢疙,老矫,乞闭 泅瘤扁拘(hPa)
114,盔林,2017-01-01,1009.7
114,盔林,2017-01-02,1004.1
114,盔林,2017-01-03,1005.4
114,盔林,2017-01-04,1005.4
114,盔林,2017-01-05,1009.1
114,盔林,2017-01-06,1008.3
114,盔林,2017-01-07,1003.4
114,盔林,2017-01-08,995.9
114,盔林,2017-01-09,997.8
114,盔林,2017-01-10,1004.2
114,盔林,2017-01-11,1006
114,盔林,2017-01-12,998.9
114,盔林,2017-01-13,998
114,盔林,2017-01-14,1005.1
114,盔林,2017-01-15,1008.9
114,盔林,2017-01-16,1010.5
114,盔林,2017-01-17,1012.6
114,盔林,2017-01-18,1011.6
114,盔林,2017-01-19,1004.8
114,盔林,2017-01-20,1002.2
114,盔林,2017-01-21,1007.6
114,盔林,2017-01-22,1007.2
114,盔林,2017-01-23,1011.7
114,盔林,2017-01-24,1015.1
114,盔林,2017-01-25,1015.4
114,盔林,2017-01-26,1008.7
114,盔林,2017-01-27,1007.3
114,盔林,2017-01-28,1008.2
114,盔林,2017-01-29,1000.1
114,盔林,2017-01-30,1005.3
114,盔林,2017-01-31,1009.9
114,盔林,2017-02-01,1009.2
114,盔林,2017-02-02,1011.1
114,盔林,2017-02-03,1008.1
114,盔林,2017-02-04,1002.6
114,盔林,2017-02-05,994.6
114,盔林,2017-02-06,1002.6
114,盔林,2017-02-07,1006.5
114,盔林,2017-02-08,1000
114,盔林,2017-02-09,995.9
114,盔林,2017-02-10,998.4
114,盔林,2017-02-11,1005
114,盔林,2017-02-12,1009.5
114,盔林,2017-02-13,1011.6
114,盔林,2017-02-14,1013.5
114,盔林,2017-02-15,1011.3
114,盔林,2017-02-16,1001.7
114,盔林,2017-02-17,1001.1
114,盔林,2017-02-18,1006.2
114,盔林,2017-02-19,998
114,盔林,2017-02-20,997.1
114,盔林,2017-02-21,1010.5
114,盔林,2017-02-22,997.3
114,盔林,2017-02-23,998.9
114,盔林,2017-02-24,1005.1
114,盔林,2017-02-25,1003.2
114,盔林,2017-02-26,1005.8
114,盔林,2017-02-27,1008.3
114,盔林,2017-02-28,1006.3
114,盔林,2017-03-01,998.2
114,盔林,2017-03-02,996.4
114,盔林,2017-03-03,1001.9
114,盔林,2017-03-04,1000.5
114,盔林,2017-03-05,997.4
114,盔林,2017-03-06,996.6
114,盔林,2017-03-07,996.9
114,盔林,2017-03-08,995.6
114,盔林,2017-03-09,994.1
114,盔林,2017-03-10,1000.4
114,盔林,2017-03-11,1004.7
114,盔林,2017-03-12,1002.2
114,盔林,2017-03-13,999.1
114,盔林,2017-03-14,999.8
114,盔林,2017-03-15,1004.3
114,盔林,2017-03-16,1003.1
114,盔林,2017-03-17,1004.9
114,盔林,2017-03-18,1005.8
114,盔林,2017-03-19,1007.1
114,盔林,2017-03-20,1000.9
114,盔林,2017-03-21,997.6
114,盔林,2017-03-22,1002.1
114,盔林,2017-03-23,1001.8
114,盔林,2017-03-24,1002.7
114,盔林,2017-03-25,1001.8
114,盔林,2017-03-26,1000
114,盔林,2017-03-27,1001.6
114,盔林,2017-03-28,1004.8
114,盔林,2017-03-29,1003.7
114,盔林,2017-03-30,1002.8
114,盔林,2017-03-31,1000.3
114,盔林,2017-04-01,998
114,盔林,2017-04-02,1000.3
114,盔林,2017-04-03,1004.5
114,盔林,2017-04-04,1005.4
114,盔林,2017-04-05,999.1
114,盔林,2017-04-06,993.8
114,盔林,2017-04-07,995.5
114,盔林,2017-04-08,993.8
114,盔林,2017-04-09,996.8
114,盔林,2017-04-10,994.4
114,盔林,2017-04-11,988.2
114,盔林,2017-04-12,995.9
114,盔林,2017-04-13,998.2
114,盔林,2017-04-14,994.3
114,盔林,2017-04-15,995.9
114,盔林,2017-04-16,996.6
114,盔林,2017-04-17,984.3
114,盔林,2017-04-18,981.3
114,盔林,2017-04-19,991.8
114,盔林,2017-04-20,994.4
114,盔林,2017-04-21,992.9
114,盔林,2017-04-22,994.9
114,盔林,2017-04-23,999
114,盔林,2017-04-24,1000.7
114,盔林,2017-04-25,1000.2
114,盔林,2017-04-26,997
114,盔林,2017-04-27,993.4
114,盔林,2017-04-28,987.7
114,盔林,2017-04-29,989.2
114,盔林,2017-04-30,989.7
114,盔林,2017-05-01,998.3
114,盔林,2017-05-02,1003.5
114,盔林,2017-05-03,1002.8
114,盔林,2017-05-04,998.3
114,盔林,2017-05-05,995.3
114,盔林,2017-05-06,997.2
114,盔林,2017-05-07,995.8
114,盔林,2017-05-08,996.3
114,盔林,2017-05-09,993
114,盔林,2017-05-10,991.7
114,盔林,2017-05-11,994.1
114,盔林,2017-05-12,991.5
114,盔林,2017-05-13,988.5
114,盔林,2017-05-14,991.3
114,盔林,2017-05-15,993.8
114,盔林,2017-05-16,992.9
114,盔林,2017-05-17,993.6
114,盔林,2017-05-18,997.9
114,盔林,2017-05-19,998.9
114,盔林,2017-05-20,997.9
114,盔林,2017-05-21,997.1
114,盔林,2017-05-22,996.2
114,盔林,2017-05-23,993.1
114,盔林,2017-05-24,990.3
114,盔林,2017-05-25,986.8
114,盔林,2017-05-26,989.9
114,盔林,2017-05-27,994.1
114,盔林,2017-05-28,994.2
114,盔林,2017-05-29,994.2
114,盔林,2017-05-30,992
114,盔林,2017-05-31,985.5
114,盔林,2017-06-01,981.7
114,盔林,2017-06-02,986.3
114,盔林,2017-06-03,989.6
114,盔林,2017-06-04,993.5
114,盔林,2017-06-05,997.4
114,盔林,2017-06-06,995.9
114,盔林,2017-06-07,987.1
114,盔林,2017-06-08,992.1
114,盔林,2017-06-09,989.5
114,盔林,2017-06-10,989.4
114,盔林,2017-06-11,991.1
114,盔林,2017-06-12,996.7
114,盔林,2017-06-13,996.9
114,盔林,2017-06-14,993.4
114,盔林,2017-06-15,990.8
114,盔林,2017-06-16,992.1
114,盔林,2017-06-17,992.7
114,盔林,2017-06-18,992.4
114,盔林,2017-06-19,991.8
114,盔林,2017-06-20,987.5
114,盔林,2017-06-21,988
114,盔林,2017-06-22,991
114,盔林,2017-06-23,988.6
114,盔林,2017-06-24,985.9
114,盔林,2017-06-25,985.5
114,盔林,2017-06-26,990.1
114,盔林,2017-06-27,992.6
114,盔林,2017-06-28,994.4
114,盔林,2017-06-29,993.7
114,盔林,2017-06-30,990.6
114,盔林,2017-07-01,990.4
114,盔林,2017-07-02,989.9
114,盔林,2017-07-03,988.7
114,盔林,2017-07-04,988.6
114,盔林,2017-07-05,992.7
114,盔林,2017-07-06,993
114,盔林,2017-07-07,991.1
114,盔林,2017-07-08,989.9
114,盔林,2017-07-09,989.3
114,盔林,2017-07-10,984.6
114,盔林,2017-07-11,990
114,盔林,2017-07-12,992.8
114,盔林,2017-07-13,990.9
114,盔林,2017-07-14,991.2
114,盔林,2017-07-15,992.7
114,盔林,2017-07-16,994.9
114,盔林,2017-07-17,994.8
114,盔林,2017-07-18,992.4
114,盔林,2017-07-19,989.9
114,盔林,2017-07-20,989.8
114,盔林,2017-07-21,991.4
114,盔林,2017-07-22,992.2
114,盔林,2017-07-23,987.9
114,盔林,2017-07-24,985.7
114,盔林,2017-07-25,986.8
114,盔林,2017-07-26,990.8
114,盔林,2017-07-27,991.3
114,盔林,2017-07-28,991.3
114,盔林,2017-07-29,990.9
114,盔林,2017-07-30,990.3
114,盔林,2017-07-31,992
114,盔林,2017-08-01,993.1
114,盔林,2017-08-02,990.6
114,盔林,2017-08-03,988.6
114,盔林,2017-08-04,988.7
114,盔林,2017-08-05,986.5
114,盔林,2017-08-06,983.7
114,盔林,2017-08-07,982.3
114,盔林,2017-08-08,982.9
114,盔林,2017-08-09,981.3
114,盔林,2017-08-10,983.8
114,盔林,2017-08-11,989.5
114,盔林,2017-08-12,993.7
114,盔林,2017-08-13,993.6
114,盔林,2017-08-14,989.6
114,盔林,2017-08-15,986.6
114,盔林,2017-08-16,988.4
114,盔林,2017-08-17,991.1
114,盔林,2017-08-18,994
114,盔林,2017-08-19,995.1
114,盔林,2017-08-20,992.4
114,盔林,2017-08-21,990.6
114,盔林,2017-08-22,994.7
114,盔林,2017-08-23,994.6
114,盔林,2017-08-24,989
114,盔林,2017-08-25,991.2
114,盔林,2017-08-26,996.4
114,盔林,2017-08-27,998
114,盔林,2017-08-28,993.9
114,盔林,2017-08-29,996
114,盔林,2017-08-30,996.5
114,盔林,2017-08-31,994.9
114,盔林,2017-09-01,995.3
114,盔林,2017-09-02,995.6
114,盔林,2017-09-03,997.9
114,盔林,2017-09-04,998.2
114,盔林,2017-09-05,994.8
114,盔林,2017-09-06,991.2
114,盔林,2017-09-07,990.6
114,盔林,2017-09-08,994.2
114,盔林,2017-09-09,995.8
114,盔林,2017-09-10,996.5
114,盔林,2017-09-11,990.2
114,盔林,2017-09-12,996.2
114,盔林,2017-09-13,1001
114,盔林,2017-09-14,1002.1
114,盔林,2017-09-15,1001.9
114,盔林,2017-09-16,997.2
114,盔林,2017-09-17,990
114,盔林,2017-09-18,991.1
114,盔林,2017-09-19,992.1
114,盔林,2017-09-20,994.7
114,盔林,2017-09-21,996.9
114,盔林,2017-09-22,995.8
114,盔林,2017-09-23,998.5
114,盔林,2017-09-24,998.2
114,盔林,2017-09-25,997.7
114,盔林,2017-09-26,994.9
114,盔林,2017-09-27,990.3
114,盔林,2017-09-28,992.5
114,盔林,2017-09-29,1000.2
114,盔林,2017-09-30,1004.6
114,盔林,2017-10-01,1000
114,盔林,2017-10-02,993.6
114,盔林,2017-10-03,1000
114,盔林,2017-10-04,1005.3
114,盔林,2017-10-05,1006.1
114,盔林,2017-10-06,1001.7
114,盔林,2017-10-07,1002.3
114,盔林,2017-10-08,1004.9
114,盔林,2017-10-09,1004
114,盔林,2017-10-10,1001
114,盔林,2017-10-11,999.8
114,盔林,2017-10-12,1002.4
114,盔林,2017-10-13,1004.2
114,盔林,2017-10-14,1007.7
114,盔林,2017-10-15,1009.6
114,盔林,2017-10-16,1008.6
114,盔林,2017-10-17,1006.6
114,盔林,2017-10-18,1005.8
114,盔林,2017-10-19,1001.8
114,盔林,2017-10-20,1001.4
114,盔林,2017-10-21,1000.1
114,盔林,2017-10-22,996.2
114,盔林,2017-10-23,1000
114,盔林,2017-10-24,1006.3
114,盔林,2017-10-25,1007.1
114,盔林,2017-10-26,1003.7
114,盔林,2017-10-27,1002.2
114,盔林,2017-10-28,1002.3
114,盔林,2017-10-29,998.2
114,盔林,2017-10-30,1006.8
114,盔林,2017-10-31,1007.3
114,盔林,2017-11-01,1003.4
114,盔林,2017-11-02,1000.6
114,盔林,2017-11-03,1001.3
114,盔林,2017-11-04,1009.7
114,盔林,2017-11-05,1010.8
114,盔林,2017-11-06,1006.8
114,盔林,2017-11-07,1003.4
114,盔林,2017-11-08,1001.3
114,盔林,2017-11-09,1006
114,盔林,2017-11-10,997.9
114,盔林,2017-11-11,1002.9
114,盔林,2017-11-12,1003.7
114,盔林,2017-11-13,999.7
114,盔林,2017-11-14,1000.4
114,盔林,2017-11-15,1002.8
114,盔林,2017-11-16,1006.5
114,盔林,2017-11-17,1001.6
114,盔林,2017-11-18,1003.3
114,盔林,2017-11-19,1007.9
114,盔林,2017-11-20,1008
114,盔林,2017-11-21,1008.1
114,盔林,2017-11-22,1000.1
114,盔林,2017-11-23,1001.8
114,盔林,2017-11-24,1005.6
114,盔林,2017-11-25,1005.6
114,盔林,2017-11-26,1006.2
114,盔林,2017-11-27,1008.4
114,盔林,2017-11-28,1004.4
114,盔林,2017-11-29,1006.1
114,盔林,2017-11-30,1008.4
114,盔林,2017-12-01,1011.7
114,盔林,2017-12-02,1009.9
114,盔林,2017-12-03,1005.4
114,盔林,2017-12-04,1002.9
114,盔林,2017-12-05,1003.6
114,盔林,2017-12-06,1004.3
114,盔林,2017-12-07,1003.2
114,盔林,2017-12-08,1004.7
114,盔林,2017-12-09,1002.1
114,盔林,2017-12-10,995.9
114,盔林,2017-12-11,1003.4
114,盔林,2017-12-12,1010.1
114,盔林,2017-12-13,1012.6
114,盔林,2017-12-14,1012.9
114,盔林,2017-12-15,1007.9
114,盔林,2017-12-16,1007.3
114,盔林,2017-12-17,1011.3
114,盔林,2017-12-18,1008.3
114,盔林,2017-12-19,1011.9
114,盔林,2017-12-20,1012.5
114,盔林,2017-12-21,1012.1
114,盔林,2017-12-22,1008.2
114,盔林,2017-12-23,1004.8
114,盔林,2017-12-24,994.9
114,盔林,2017-12-25,1003.4
114,盔林,2017-12-26,1005.6
114,盔林,2017-12-27,1010.4
114,盔林,2017-12-28,1011
114,盔林,2017-12-29,1008.3
114,盔林,2017-12-30,1006.3
114,盔林,2017-12-31,1003.9
114,盔林,2018-01-01,1008.7
114,盔林,2018-01-02,1009.6
114,盔林,2018-01-03,1011.1
114,盔林,2018-01-04,1008.2
114,盔林,2018-01-05,1002
114,盔林,2018-01-06,1004.7
114,盔林,2018-01-07,1003.1
114,盔林,2018-01-08,992.3
114,盔林,2018-01-09,994.1
114,盔林,2018-01-10,998.8
114,盔林,2018-01-11,1006.7
114,盔林,2018-01-12,1012.1
114,盔林,2018-01-13,1013.5
114,盔林,2018-01-14,1010.6
114,盔林,2018-01-15,1004.9
114,盔林,2018-01-16,1000
114,盔林,2018-01-17,999.6
114,盔林,2018-01-18,1004.4
114,盔林,2018-01-19,1005.2
114,盔林,2018-01-20,1004.2
114,盔林,2018-01-21,1004.6
114,盔林,2018-01-22,996.9
114,盔林,2018-01-23,1003.5
114,盔林,2018-01-24,1008.8
114,盔林,2018-01-25,1009.5
114,盔林,2018-01-26,1009.6
114,盔林,2018-01-27,1009.1
114,盔林,2018-01-28,1002.9
114,盔林,2018-01-29,1003.9
114,盔林,2018-01-30,1006.9
114,盔林,2018-01-31,1008.3
114,盔林,2018-02-01,1009.9
114,盔林,2018-02-02,1009.1
114,盔林,2018-02-03,1007.6
114,盔林,2018-02-04,1008.3
114,盔林,2018-02-05,1006
114,盔林,2018-02-06,1005.3
114,盔林,2018-02-07,1007.2
114,盔林,2018-02-08,1006.2
114,盔林,2018-02-09,1004.1
114,盔林,2018-02-10,1001.9
114,盔林,2018-02-11,1002.7
114,盔林,2018-02-12,1002.7
114,盔林,2018-02-13,1003.6
114,盔林,2018-02-14,998.5
114,盔林,2018-02-15,1002.5
114,盔林,2018-02-16,999.6
114,盔林,2018-02-17,1005.1
114,盔林,2018-02-18,1007.1
114,盔林,2018-02-19,1005.2
114,盔林,2018-02-20,1004
114,盔林,2018-02-21,1004.7
114,盔林,2018-02-22,1003.5
114,盔林,2018-02-23,1002.7
114,盔林,2018-02-24,1008.1
114,盔林,2018-02-25,1006.2
114,盔林,2018-02-26,1005.9
114,盔林,2018-02-27,1005.1
114,盔林,2018-02-28,992
114,盔林,2018-03-01,991.8
114,盔林,2018-03-02,999.4
114,盔林,2018-03-03,996.3
114,盔林,2018-03-04,995.5
114,盔林,2018-03-05,999.9
114,盔林,2018-03-06,1010.8
114,盔林,2018-03-07,1009.4
114,盔林,2018-03-08,1000.8
114,盔林,2018-03-09,1004.7
114,盔林,2018-03-10,1005.3
114,盔林,2018-03-11,1006.5
114,盔林,2018-03-12,1004.2
114,盔林,2018-03-13,1001
114,盔林,2018-03-14,1001.2
114,盔林,2018-03-15,995.7
114,盔林,2018-03-16,1006.7
114,盔林,2018-03-17,1008.9
114,盔林,2018-03-18,1003
114,盔林,2018-03-19,999
114,盔林,2018-03-20,1005.8
114,盔林,2018-03-21,998.7
114,盔林,2018-03-22,996.1
114,盔林,2018-03-23,1001
114,盔林,2018-03-24,1003.6
114,盔林,2018-03-25,1006
114,盔林,2018-03-26,1003.4
114,盔林,2018-03-27,999.9
114,盔林,2018-03-28,999
114,盔林,2018-03-29,1001.7
114,盔林,2018-03-30,1005.3
114,盔林,2018-03-31,1002
114,盔林,2018-04-01,999.1
114,盔林,2018-04-02,998
114,盔林,2018-04-03,998.9
114,盔林,2018-04-04,1000.3
114,盔林,2018-04-05,998.6
114,盔林,2018-04-06,992.8
114,盔林,2018-04-07,994.9
114,盔林,2018-04-08,997.2
114,盔林,2018-04-09,1000
114,盔林,2018-04-10,993.1
114,盔林,2018-04-11,992.7
114,盔林,2018-04-12,999.7
114,盔林,2018-04-13,1004.6
114,盔林,2018-04-14,991.4
114,盔林,2018-04-15,994.1
114,盔林,2018-04-16,1001.3
114,盔林,2018-04-17,1001.7
114,盔林,2018-04-18,999.4
114,盔林,2018-04-19,999.9
114,盔林,2018-04-20,1001.7
114,盔林,2018-04-21,1000.2
114,盔林,2018-04-22,1000.9
114,盔林,2018-04-23,998.5
114,盔林,2018-04-24,993.9
114,盔林,2018-04-25,995.5
114,盔林,2018-04-26,996
114,盔林,2018-04-27,996.5
114,盔林,2018-04-28,998.4
114,盔林,2018-04-29,995.7
114,盔林,2018-04-30,996.9
114,盔林,2018-05-01,996.1
114,盔林,2018-05-02,987
114,盔林,2018-05-03,989.7
114,盔林,2018-05-04,993.9
114,盔林,2018-05-05,997.6
114,盔林,2018-05-06,990.7
114,盔林,2018-05-07,989.4
114,盔林,2018-05-08,997.2
114,盔林,2018-05-09,1003.1
114,盔林,2018-05-10,1004.3
114,盔林,2018-05-11,1000.5
114,盔林,2018-05-12,992.8
114,盔林,2018-05-13,990.5
114,盔林,2018-05-14,994
114,盔林,2018-05-15,993.1
114,盔林,2018-05-16,988.4
114,盔林,2018-05-17,986.9
114,盔林,2018-05-18,988.7
114,盔林,2018-05-19,998.8
114,盔林,2018-05-20,1002
114,盔林,2018-05-21,1000.7
114,盔林,2018-05-22,994.8
114,盔林,2018-05-23,990.1
114,盔林,2018-05-24,992.3
114,盔林,2018-05-25,991.2
114,盔林,2018-05-26,991.3
114,盔林,2018-05-27,992.9
114,盔林,2018-05-28,992.4
114,盔林,2018-05-29,994.1
114,盔林,2018-05-30,992.5
114,盔林,2018-05-31,993.9
114,盔林,2018-06-01,997.1
114,盔林,2018-06-02,997.5
114,盔林,2018-06-03,995.8
114,盔林,2018-06-04,995.2
114,盔林,2018-06-05,994.3
114,盔林,2018-06-06,994.4
114,盔林,2018-06-07,993.8
114,盔林,2018-06-08,991.2
114,盔林,2018-06-09,990.3
114,盔林,2018-06-10,987.7
114,盔林,2018-06-11,983.7
114,盔林,2018-06-12,985.5
114,盔林,2018-06-13,989.3
114,盔林,2018-06-14,990.8
114,盔林,2018-06-15,994.1
114,盔林,2018-06-16,995
114,盔林,2018-06-17,993
114,盔林,2018-06-18,989.4
114,盔林,2018-06-19,987.5
114,盔林,2018-06-20,986.1
114,盔林,2018-06-21,989.2
114,盔林,2018-06-22,991
114,盔林,2018-06-23,987.2
114,盔林,2018-06-24,990.6
114,盔林,2018-06-25,993.3
114,盔林,2018-06-26,987
114,盔林,2018-06-27,984.9
114,盔林,2018-06-28,982.6
114,盔林,2018-06-29,986
114,盔林,2018-06-30,992.7
114,盔林,2018-07-01,992.9
114,盔林,2018-07-02,991
114,盔林,2018-07-03,983.2
114,盔林,2018-07-04,980.8
114,盔林,2018-07-05,986.2
114,盔林,2018-07-06,991.1
114,盔林,2018-07-07,993.3
114,盔林,2018-07-08,995.6
114,盔林,2018-07-09,998.2
114,盔林,2018-07-10,997.7
114,盔林,2018-07-11,998
114,盔林,2018-07-12,996.1
114,盔林,2018-07-13,995.1
114,盔林,2018-07-14,994.2
114,盔林,2018-07-15,995.1
114,盔林,2018-07-16,995
114,盔林,2018-07-17,994.8
114,盔林,2018-07-18,994.7
114,盔林,2018-07-19,993.8
114,盔林,2018-07-20,992.3
114,盔林,2018-07-21,991.9
114,盔林,2018-07-22,991.6
114,盔林,2018-07-23,991.9
114,盔林,2018-07-24,990.3
114,盔林,2018-07-25,990.5
114,盔林,2018-07-26,990.4
114,盔林,2018-07-27,989.8
114,盔林,2018-07-28,988.8
114,盔林,2018-07-29,986.9
114,盔林,2018-07-30,987.3
114,盔林,2018-07-31,987.8
114,盔林,2018-08-01,986.5
114,盔林,2018-08-02,988.7
114,盔林,2018-08-03,990.2
114,盔林,2018-08-04,990.7
114,盔林,2018-08-05,990.2
114,盔林,2018-08-06,989.9
114,盔林,2018-08-07,990.3
114,盔林,2018-08-08,989.6
114,盔林,2018-08-09,987.5
114,盔林,2018-08-10,986.7
114,盔林,2018-08-11,988.7
114,盔林,2018-08-12,990.7
114,盔林,2018-08-13,993.3
114,盔林,2018-08-14,992.9
114,盔林,2018-08-15,990.3
114,盔林,2018-08-16,993.1
114,盔林,2018-08-17,995.8
114,盔林,2018-08-18,993.9
114,盔林,2018-08-19,992.9
114,盔林,2018-08-20,988.8
114,盔林,2018-08-21,987.1
114,盔林,2018-08-22,988.1
114,盔林,2018-08-23,983.3
114,盔林,2018-08-24,979.9
114,盔林,2018-08-25,992.3
114,盔林,2018-08-26,995.2
114,盔林,2018-08-27,994.5
114,盔林,2018-08-28,994.9
114,盔林,2018-08-29,992.7
114,盔林,2018-08-30,992
114,盔林,2018-08-31,993.1
114,盔林,2018-09-01,994.8
114,盔林,2018-09-02,992.6
114,盔林,2018-09-03,985.1
114,盔林,2018-09-04,980.3
114,盔林,2018-09-05,985.8
114,盔林,2018-09-06,988
114,盔林,2018-09-07,988.3
114,盔林,2018-09-08,996
114,盔林,2018-09-09,999
114,盔林,2018-09-10,1003.6
114,盔林,2018-09-11,1003.7
114,盔林,2018-09-12,1001.1
114,盔林,2018-09-13,1000.2
114,盔林,2018-09-14,998.6
114,盔林,2018-09-15,997.4
114,盔林,2018-09-16,997.9
114,盔林,2018-09-17,999.6
114,盔林,2018-09-18,999.2
114,盔林,2018-09-19,996.9
114,盔林,2018-09-20,993.7
114,盔林,2018-09-21,992.9
114,盔林,2018-09-22,997.4
114,盔林,2018-09-23,998.7
114,盔林,2018-09-24,1001.1
114,盔林,2018-09-25,1002.1
114,盔林,2018-09-26,1002.7
114,盔林,2018-09-27,1001.6
114,盔林,2018-09-28,1001.4
114,盔林,2018-09-29,996.7
114,盔林,2018-09-30,988.4
114,盔林,2018-10-01,990.2
114,盔林,2018-10-02,999.8
114,盔林,2018-10-03,1004.5
114,盔林,2018-10-04,1006.4
114,盔林,2018-10-05,1000.6
114,盔林,2018-10-06,988.8
114,盔林,2018-10-07,998.9
114,盔林,2018-10-08,1002
114,盔林,2018-10-09,999.2
114,盔林,2018-10-10,998.8
114,盔林,2018-10-11,1004.4
114,盔林,2018-10-12,1008.1
114,盔林,2018-10-13,1007.7
114,盔林,2018-10-14,1005
114,盔林,2018-10-15,1002.5
114,盔林,2018-10-16,999.1
114,盔林,2018-10-17,998.3
114,盔林,2018-10-18,1002.4
114,盔林,2018-10-19,1007.1
114,盔林,2018-10-20,1007.9
114,盔林,2018-10-21,1005.9
114,盔林,2018-10-22,1002.7
114,盔林,2018-10-23,1000.1
114,盔林,2018-10-24,1003.3
114,盔林,2018-10-25,1003
114,盔林,2018-10-26,994.8
114,盔林,2018-10-27,996.4
114,盔林,2018-10-28,992.5
114,盔林,2018-10-29,996.3
114,盔林,2018-10-30,1003
114,盔林,2018-10-31,1005
114,盔林,2018-11-01,1008.4
114,盔林,2018-11-02,1009.9
114,盔林,2018-11-03,1007.5
114,盔林,2018-11-04,1004.6
114,盔林,2018-11-05,1005.4
114,盔林,2018-11-06,1007.2
114,盔林,2018-11-07,1006.9
114,盔林,2018-11-08,996
114,盔林,2018-11-09,999.2
114,盔林,2018-11-10,1006
114,盔林,2018-11-11,1004.5
114,盔林,2018-11-12,1001.5
114,盔林,2018-11-13,1001.8
114,盔林,2018-11-14,1005.3
114,盔林,2018-11-15,1006.9
114,盔林,2018-11-16,1003.6
114,盔林,2018-11-17,1004.8
114,盔林,2018-11-18,1003.4
114,盔林,2018-11-19,1004.2
114,盔林,2018-11-20,1006.9
114,盔林,2018-11-21,1006
114,盔林,2018-11-22,1007.1
114,盔林,2018-11-23,1010.2
114,盔林,2018-11-24,1006.3
114,盔林,2018-11-25,1006.6
114,盔林,2018-11-26,1006.9
114,盔林,2018-11-27,1004.7
114,盔林,2018-11-28,1006.3
114,盔林,2018-11-29,1008.2
114,盔林,2018-11-30,1008.5
114,盔林,2018-12-01,1009.3
114,盔林,2018-12-02,1006.3
114,盔林,2018-12-03,998.7
114,盔林,2018-12-04,1000.1
114,盔林,2018-12-05,1007.9
114,盔林,2018-12-06,1004.1
114,盔林,2018-12-07,1011.8
114,盔林,2018-12-08,1013.8
114,盔林,2018-12-09,1017.1
114,盔林,2018-12-10,1015.6
114,盔林,2018-12-11,1009.9
114,盔林,2018-12-12,1010.3
114,盔林,2018-12-13,1010.3
114,盔林,2018-12-14,1016.1
114,盔林,2018-12-15,1013.6
114,盔林,2018-12-16,1002.6
114,盔林,2018-12-17,999.5
114,盔林,2018-12-18,1002.1
114,盔林,2018-12-19,1002.5
114,盔林,2018-12-20,1005.4
114,盔林,2018-12-21,1005.2
114,盔林,2018-12-22,1004.4
114,盔林,2018-12-23,1005
114,盔林,2018-12-24,1008.7
114,盔林,2018-12-25,1006.1
114,盔林,2018-12-26,1005.3
114,盔林,2018-12-27,1009.6
114,盔林,2018-12-28,1012.7
114,盔林,2018-12-29,1015.4
114,盔林,2018-12-30,1018.4
114,盔林,2018-12-31,1018
114,盔林,2019-01-01,1014
114,盔林,2019-01-02,1015.1
114,盔林,2019-01-03,1016.2
114,盔林,2019-01-04,1011.7
114,盔林,2019-01-05,1007.7
114,盔林,2019-01-06,1009.5
114,盔林,2019-01-07,1009.4
114,盔林,2019-01-08,1009
114,盔林,2019-01-09,1013.8
114,盔林,2019-01-10,1007.4
114,盔林,2019-01-11,1006.6
114,盔林,2019-01-12,1003.9
114,盔林,2019-01-13,1006.8
114,盔林,2019-01-14,1007
114,盔林,2019-01-15,1004.1
114,盔林,2019-01-16,1007.5
114,盔林,2019-01-17,1005.2
114,盔林,2019-01-18,1008.8
114,盔林,2019-01-19,1004.2
114,盔林,2019-01-20,1002.2
114,盔林,2019-01-21,1003.2
114,盔林,2019-01-22,1001.1
114,盔林,2019-01-23,1001.2
114,盔林,2019-01-24,1005.6
114,盔林,2019-01-25,1004.4
114,盔林,2019-01-26,1008.6
114,盔林,2019-01-27,1008.2
114,盔林,2019-01-28,1002.9
114,盔林,2019-01-29,1008.8
114,盔林,2019-01-30,1006.8
114,盔林,2019-01-31,1001.5
114,盔林,2019-02-01,1005.2
114,盔林,2019-02-02,1004.2
114,盔林,2019-02-03,994.3
114,盔林,2019-02-04,1006.1
114,盔林,2019-02-05,1003.4
114,盔林,2019-02-06,998.1
114,盔林,2019-02-07,1001.9
114,盔林,2019-02-08,1006.5
114,盔林,2019-02-09,1008
114,盔林,2019-02-10,1011.1
114,盔林,2019-02-11,1012
114,盔林,2019-02-12,1014.6
114,盔林,2019-02-13,1013.1
114,盔林,2019-02-14,1011.7
114,盔林,2019-02-15,1004.5
114,盔林,2019-02-16,1004.7
114,盔林,2019-02-17,1007.1
114,盔林,2019-02-18,1006.7
114,盔林,2019-02-19,1000.5
114,盔林,2019-02-20,1006.2
114,盔林,2019-02-21,1008
114,盔林,2019-02-22,1003.3
114,盔林,2019-02-23,1005.2
114,盔林,2019-02-24,1004.3
114,盔林,2019-02-25,1002.8
114,盔林,2019-02-26,1005.5
114,盔林,2019-02-27,1002.9
114,盔林,2019-02-28,1000.3
114,盔林,2019-03-01,1003.3
114,盔林,2019-03-02,1001
114,盔林,2019-03-03,994.9
114,盔林,2019-03-04,995.4
114,盔林,2019-03-05,1001.9
114,盔林,2019-03-06,997.7
114,盔林,2019-03-07,1000.8
114,盔林,2019-03-08,1006.3
114,盔林,2019-03-09,1003.7
114,盔林,2019-03-10,995.5
114,盔林,2019-03-11,990.9
114,盔林,2019-03-12,992.6
114,盔林,2019-03-13,1000.9
114,盔林,2019-03-14,1004.5
114,盔林,2019-03-15,999.2
114,盔林,2019-03-16,1001.9
114,盔林,2019-03-17,1004.5
114,盔林,2019-03-18,1001.7
114,盔林,2019-03-19,998.9
114,盔林,2019-03-20,992.6
114,盔林,2019-03-21,989.6
114,盔林,2019-03-22,1000.4
114,盔林,2019-03-23,1002.2
114,盔林,2019-03-24,1002.6
114,盔林,2019-03-25,999.4
114,盔林,2019-03-26,999.1
114,盔林,2019-03-27,994.6
114,盔林,2019-03-28,994.9
114,盔林,2019-03-29,995.1
114,盔林,2019-03-30,994.5
114,盔林,2019-03-31,1000.5
114,盔林,2019-04-01,1003.5
114,盔林,2019-04-02,1003.9
114,盔林,2019-04-03,1004.6
114,盔林,2019-04-04,999.5
114,盔林,2019-04-05,991.7
114,盔林,2019-04-06,994.3
114,盔林,2019-04-07,992.1
114,盔林,2019-04-08,996.4
114,盔林,2019-04-09,998.9
114,盔林,2019-04-10,994.2
114,盔林,2019-04-11,997.2
114,盔林,2019-04-12,999.9
114,盔林,2019-04-13,1001.5
114,盔林,2019-04-14,997
114,盔林,2019-04-15,1000.7
114,盔林,2019-04-16,999.5
114,盔林,2019-04-17,994.5
114,盔林,2019-04-18,994
114,盔林,2019-04-19,998.9
114,盔林,2019-04-20,997.1
114,盔林,2019-04-21,995.5
114,盔林,2019-04-22,997.1
114,盔林,2019-04-23,994.9
114,盔林,2019-04-24,988.9
114,盔林,2019-04-25,990
114,盔林,2019-04-26,994.9
114,盔林,2019-04-27,1002.9
114,盔林,2019-04-28,1002.7
114,盔林,2019-04-29,996.7
114,盔林,2019-04-30,990.9
114,盔林,2019-05-01,988.5
114,盔林,2019-05-02,993.9
114,盔林,2019-05-03,998.8
114,盔林,2019-05-04,1000.3
114,盔林,2019-05-05,997.9
114,盔林,2019-05-06,997.5
114,盔林,2019-05-07,998.2
114,盔林,2019-05-08,994.7
114,盔林,2019-05-09,993.1
114,盔林,2019-05-10,995.3
114,盔林,2019-05-11,995.9
114,盔林,2019-05-12,997.6
114,盔林,2019-05-13,996.9
114,盔林,2019-05-14,995.4
114,盔林,2019-05-15,995.5
114,盔林,2019-05-16,994.6
114,盔林,2019-05-17,995.1
114,盔林,2019-05-18,995.2
114,盔林,2019-05-19,991.7
114,盔林,2019-05-20,987.3
114,盔林,2019-05-21,988.1
114,盔林,2019-05-22,988.3
114,盔林,2019-05-23,991.2
114,盔林,2019-05-24,993.7
114,盔林,2019-05-25,997.9
114,盔林,2019-05-26,996.3
114,盔林,2019-05-27,987.4
114,盔林,2019-05-28,993.1
114,盔林,2019-05-29,992.4
114,盔林,2019-05-30,993.7
114,盔林,2019-05-31,992.5
114,盔林,2019-06-01,992.8
114,盔林,2019-06-02,989.9
114,盔林,2019-06-03,990.6
114,盔林,2019-06-04,991.5
114,盔林,2019-06-05,994
114,盔林,2019-06-06,992.8
114,盔林,2019-06-07,985.7
114,盔林,2019-06-08,990.7
114,盔林,2019-06-09,988
114,盔林,2019-06-10,990
114,盔林,2019-06-11,991.3
114,盔林,2019-06-12,992.7
114,盔林,2019-06-13,992.1
114,盔林,2019-06-14,987.9
114,盔林,2019-06-15,982.7
114,盔林,2019-06-16,989.5
114,盔林,2019-06-17,994.2
114,盔林,2019-06-18,993.3
114,盔林,2019-06-19,990.3
114,盔林,2019-06-20,989.4
114,盔林,2019-06-21,988.5
114,盔林,2019-06-22,989.2
114,盔林,2019-06-23,990.9
114,盔林,2019-06-24,994.7
114,盔林,2019-06-25,996.8
114,盔林,2019-06-26,991.7
114,盔林,2019-06-27,983.7
114,盔林,2019-06-28,984.4
114,盔林,2019-06-29,981.2
114,盔林,2019-06-30,983.5
114,盔林,2019-07-01,988
114,盔林,2019-07-02,991.5
114,盔林,2019-07-03,990.6
114,盔林,2019-07-04,988.9
114,盔林,2019-07-05,986
114,盔林,2019-07-06,987.5
114,盔林,2019-07-07,990.5
114,盔林,2019-07-08,990.9
114,盔林,2019-07-09,989.9
114,盔林,2019-07-10,990
114,盔林,2019-07-11,986.9
114,盔林,2019-07-12,988.9
114,盔林,2019-07-13,984.9
114,盔林,2019-07-14,985.4
114,盔林,2019-07-15,990.4
114,盔林,2019-07-16,993.7
114,盔林,2019-07-17,994.1
114,盔林,2019-07-18,991.7
114,盔林,2019-07-19,989.8
114,盔林,2019-07-20,984.4
114,盔林,2019-07-21,984.7
114,盔林,2019-07-22,989.2
114,盔林,2019-07-23,988.3
114,盔林,2019-07-24,987.7
114,盔林,2019-07-25,987.9
114,盔林,2019-07-26,987
114,盔林,2019-07-27,989
114,盔林,2019-07-28,991.8
114,盔林,2019-07-29,992.5
114,盔林,2019-07-30,990.6
114,盔林,2019-07-31,992.6
114,盔林,2019-08-01,994.8
114,盔林,2019-08-02,994.7
114,盔林,2019-08-03,994
114,盔林,2019-08-04,993.6
114,盔林,2019-08-05,992.7
114,盔林,2019-08-06,990.2
114,盔林,2019-08-07,987.9
114,盔林,2019-08-08,991.5
114,盔林,2019-08-09,990.7
114,盔林,2019-08-10,989.4
114,盔林,2019-08-11,986.2
114,盔林,2019-08-12,984.2
114,盔林,2019-08-13,985.8
114,盔林,2019-08-14,983.4
114,盔林,2019-08-15,976
114,盔林,2019-08-16,978.6
114,盔林,2019-08-17,984.7
114,盔林,2019-08-18,990
114,盔林,2019-08-19,992.6
114,盔林,2019-08-20,993.1
114,盔林,2019-08-21,991.6
114,盔林,2019-08-22,989.2
114,盔林,2019-08-23,991.1
114,盔林,2019-08-24,993.8
114,盔林,2019-08-25,995.8
114,盔林,2019-08-26,994.9
114,盔林,2019-08-27,990.6
114,盔林,2019-08-28,989.6
114,盔林,2019-08-29,989.4
114,盔林,2019-08-30,991.5
114,盔林,2019-08-31,996.3
114,盔林,2019-09-01,999.7
114,盔林,2019-09-02,999.4
114,盔林,2019-09-03,998.6
114,盔林,2019-09-04,996.2
114,盔林,2019-09-05,995
114,盔林,2019-09-06,992.4
114,盔林,2019-09-07,983.1
114,盔林,2019-09-08,991.3
114,盔林,2019-09-09,993.7
114,盔林,2019-09-10,994.8
114,盔林,2019-09-11,997.6
114,盔林,2019-09-12,999.8
114,盔林,2019-09-13,996.7
114,盔林,2019-09-14,994.6
114,盔林,2019-09-15,993.5
114,盔林,2019-09-16,993.9
114,盔林,2019-09-17,997.6
114,盔林,2019-09-18,998.5
114,盔林,2019-09-19,1000.7
114,盔林,2019-09-20,1000.4
114,盔林,2019-09-21,1002
114,盔林,2019-09-22,995.1
114,盔林,2019-09-23,996.8
114,盔林,2019-09-24,1001.5
114,盔林,2019-09-25,1004.8
114,盔林,2019-09-26,1006.6
114,盔林,2019-09-27,1005
114,盔林,2019-09-28,1000.9
114,盔林,2019-09-29,999.4
114,盔林,2019-09-30,999.7
114,盔林,2019-10-01,1000.9
114,盔林,2019-10-02,994.9
114,盔林,2019-10-03,988.2
114,盔林,2019-10-04,995.4
114,盔林,2019-10-05,998.8
114,盔林,2019-10-06,1005.4
114,盔林,2019-10-07,1000.4
114,盔林,2019-10-08,1000.1
114,盔林,2019-10-09,1002
114,盔林,2019-10-10,999.1
114,盔林,2019-10-11,997.8
114,盔林,2019-10-12,1000.1
114,盔林,2019-10-13,1004.8
114,盔林,2019-10-14,1006.8
114,盔林,2019-10-15,1010.2
114,盔林,2019-10-16,1008.4
114,盔林,2019-10-17,1006.8
114,盔林,2019-10-18,1004.6
114,盔林,2019-10-19,1002.8
114,盔林,2019-10-20,1004.2
114,盔林,2019-10-21,1001.1
114,盔林,2019-10-22,1000.3
114,盔林,2019-10-23,1001.7
114,盔林,2019-10-24,1001.5
114,盔林,2019-10-25,999.4
114,盔林,2019-10-26,1000.3
114,盔林,2019-10-27,1001.7
114,盔林,2019-10-28,998.4
114,盔林,2019-10-29,997.8
114,盔林,2019-10-30,1003.7
114,盔林,2019-10-31,1003.3
114,盔林,2019-11-01,1003.7
114,盔林,2019-11-02,1002.6
114,盔林,2019-11-03,1002.1
114,盔林,2019-11-04,1004.1
114,盔林,2019-11-05,1001.6
114,盔林,2019-11-06,999
114,盔林,2019-11-07,999.4
114,盔林,2019-11-08,1003.2
114,盔林,2019-11-09,1003.5
114,盔林,2019-11-10,994.4
114,盔林,2019-11-11,993
114,盔林,2019-11-12,1003.4
114,盔林,2019-11-13,999.5
114,盔林,2019-11-14,1005.4
114,盔林,2019-11-15,1001
114,盔林,2019-11-16,1002.5
114,盔林,2019-11-17,1000.2
114,盔林,2019-11-18,999.9
114,盔林,2019-11-19,1006.7
114,盔林,2019-11-20,1012.7
114,盔林,2019-11-21,1014
114,盔林,2019-11-22,1009.7
114,盔林,2019-11-23,1006.4
114,盔林,2019-11-24,1001.8
114,盔林,2019-11-25,1010.4
114,盔林,2019-11-26,1010.7
114,盔林,2019-11-27,1008.9
114,盔林,2019-11-28,1010.6
114,盔林,2019-11-29,1012.7
114,盔林,2019-11-30,1010.1
114,盔林,2019-12-01,1003.5
114,盔林,2019-12-02,1003
114,盔林,2019-12-03,1006.9
114,盔林,2019-12-04,1010.2
114,盔林,2019-12-05,1015.8
114,盔林,2019-12-06,1016.6
114,盔林,2019-12-07,1011.5
114,盔林,2019-12-08,1010.3
114,盔林,2019-12-09,1005.8
114,盔林,2019-12-10,1001.4
114,盔林,2019-12-11,998.9
114,盔林,2019-12-12,1009.5
114,盔林,2019-12-13,1008.5
114,盔林,2019-12-14,1009.1
114,盔林,2019-12-15,1011
114,盔林,2019-12-16,1005.2
114,盔林,2019-12-17,997.5
114,盔林,2019-12-18,1004.7
114,盔林,2019-12-19,1006.7
114,盔林,2019-12-20,1010.1
114,盔林,2019-12-21,1009
114,盔林,2019-12-22,1002.7
114,盔林,2019-12-23,1003.4
114,盔林,2019-12-24,1008.7
114,盔林,2019-12-25,1005.5
114,盔林,2019-12-26,998.8
114,盔林,2019-12-27,1005.8
114,盔林,2019-12-28,1010.4
114,盔林,2019-12-29,1008
114,盔林,2019-12-30,1004.3
114,盔林,2019-12-31,1014.4
114,盔林,2020-01-01,1013.4
114,盔林,2020-01-02,1010.8
114,盔林,2020-01-03,1008
114,盔林,2020-01-04,1007.3
114,盔林,2020-01-05,1012
114,盔林,2020-01-06,1008.2
114,盔林,2020-01-07,992.1
114,盔林,2020-01-08,995.3
114,盔林,2020-01-09,1004.8
114,盔林,2020-01-10,1004.9
114,盔林,2020-01-11,1001.3
114,盔林,2020-01-12,999.3
114,盔林,2020-01-13,1003.9
114,盔林,2020-01-14,1006.9
114,盔林,2020-01-15,1009.3
114,盔林,2020-01-16,1008.1
114,盔林,2020-01-17,1004.4
114,盔林,2020-01-18,1002.7
114,盔林,2020-01-19,1000.4
114,盔林,2020-01-20,1003.6
114,盔林,2020-01-21,1011
114,盔林,2020-01-22,1007.1
114,盔林,2020-01-23,1005.1
114,盔林,2020-01-24,1011.3
114,盔林,2020-01-25,1010.9
114,盔林,2020-01-26,1008.8
114,盔林,2020-01-27,1001.9
114,盔林,2020-01-28,999.5
114,盔林,2020-01-29,997.5
114,盔林,2020-01-30,996.6
114,盔林,2020-01-31,1001.1
114,盔林,2020-02-01,1005.6
114,盔林,2020-02-02,1006.6
114,盔林,2020-02-03,1007.6
114,盔林,2020-02-04,1007.3
114,盔林,2020-02-05,1011.4
114,盔林,2020-02-06,1014.4
114,盔林,2020-02-07,1010.3
114,盔林,2020-02-08,1007.8
114,盔林,2020-02-09,1006.5
114,盔林,2020-02-10,1005.4
114,盔林,2020-02-11,1008.9
114,盔林,2020-02-12,999.1
114,盔林,2020-02-13,1000.5
114,盔林,2020-02-14,1002.9
114,盔林,2020-02-15,999.5
114,盔林,2020-02-16,994
114,盔林,2020-02-17,998.5
114,盔林,2020-02-18,1008.2
114,盔林,2020-02-19,1011.6
114,盔林,2020-02-20,1014.9
114,盔林,2020-02-21,1011.1
114,盔林,2020-02-22,1005.4
114,盔林,2020-02-23,1010.1
114,盔林,2020-02-24,1006.3
114,盔林,2020-02-25,1000
114,盔林,2020-02-26,1004.7
114,盔林,2020-02-27,1009.3
114,盔林,2020-02-28,1004.6
114,盔林,2020-02-29,1000
114,盔林,2020-03-01,999.9
114,盔林,2020-03-02,1004.4
114,盔林,2020-03-03,1005.3
114,盔林,2020-03-04,1002.6
114,盔林,2020-03-05,1006
114,盔林,2020-03-06,1003.9
114,盔林,2020-03-07,999.9
114,盔林,2020-03-08,1000.5
114,盔林,2020-03-09,995.8
114,盔林,2020-03-10,988.7
114,盔林,2020-03-11,999.1
114,盔林,2020-03-12,1003.3
114,盔林,2020-03-13,1002.1
114,盔林,2020-03-14,996.8
114,盔林,2020-03-15,992.5
114,盔林,2020-03-16,1003
114,盔林,2020-03-17,997.9
114,盔林,2020-03-18,995.5
114,盔林,2020-03-19,987.7
114,盔林,2020-03-20,995.7
114,盔林,2020-03-21,993.7
114,盔林,2020-03-22,995.2
114,盔林,2020-03-23,998.8
114,盔林,2020-03-24,1002.1
114,盔林,2020-03-25,1002
114,盔林,2020-03-26,997.6
114,盔林,2020-03-27,994.7
114,盔林,2020-03-28,1002.3
114,盔林,2020-03-29,1003
114,盔林,2020-03-30,1002
114,盔林,2020-03-31,999.1
114,盔林,2020-04-01,996.3
114,盔林,2020-04-02,1003.5
114,盔林,2020-04-03,1002.5
114,盔林,2020-04-04,1000
114,盔林,2020-04-05,1003.4
114,盔林,2020-04-06,1002.1
114,盔林,2020-04-07,997.3
114,盔林,2020-04-08,999.3
114,盔林,2020-04-09,1003.4
114,盔林,2020-04-10,1006.1
114,盔林,2020-04-11,1001.1
114,盔林,2020-04-12,996.5
114,盔林,2020-04-13,995.8
114,盔林,2020-04-14,998.3
114,盔林,2020-04-15,996.6
114,盔林,2020-04-16,998.9
114,盔林,2020-04-17,995.2
114,盔林,2020-04-18,997.9
114,盔林,2020-04-19,996.7
114,盔林,2020-04-20,992.6
114,盔林,2020-04-21,995.4
114,盔林,2020-04-22,997.2
114,盔林,2020-04-23,997.1
114,盔林,2020-04-24,995.5
114,盔林,2020-04-25,991.6
114,盔林,2020-04-26,998.7
114,盔林,2020-04-27,1001.4
114,盔林,2020-04-28,1001.7
114,盔林,2020-04-29,1001.3
114,盔林,2020-04-30,998.2
114,盔林,2020-05-01,995.3
114,盔林,2020-05-02,993.8
114,盔林,2020-05-03,988.9
114,盔林,2020-05-04,990
114,盔林,2020-05-05,993.7
114,盔林,2020-05-06,996.4
114,盔林,2020-05-07,999.9
114,盔林,2020-05-08,996.9
114,盔林,2020-05-09,988
114,盔林,2020-05-10,989.6
114,盔林,2020-05-11,989.8
114,盔林,2020-05-12,987.1
114,盔林,2020-05-13,997.6
114,盔林,2020-05-14,998.9
114,盔林,2020-05-15,992
114,盔林,2020-05-16,988.8
114,盔林,2020-05-17,987.5
114,盔林,2020-05-18,981.7
114,盔林,2020-05-19,983
114,盔林,2020-05-20,994.1
114,盔林,2020-05-21,997.1
114,盔林,2020-05-22,995.3
114,盔林,2020-05-23,993.4
114,盔林,2020-05-24,991.8
114,盔林,2020-05-25,994.5
114,盔林,2020-05-26,991.3
114,盔林,2020-05-27,991.2
114,盔林,2020-05-28,992
114,盔林,2020-05-29,997.3
114,盔林,2020-05-30,998.7
114,盔林,2020-05-31,993.8
114,盔林,2020-06-01,991.9
114,盔林,2020-06-02,990.4
114,盔林,2020-06-03,986.5
114,盔林,2020-06-04,986.4
114,盔林,2020-06-05,989.5
114,盔林,2020-06-06,991
114,盔林,2020-06-07,994.1
114,盔林,2020-06-08,997.1
114,盔林,2020-06-09,996.5
114,盔林,2020-06-10,991.6
114,盔林,2020-06-11,986
114,盔林,2020-06-12,987.8
114,盔林,2020-06-13,987.1
114,盔林,2020-06-14,986.5
114,盔林,2020-06-15,989
114,盔林,2020-06-16,988.6
114,盔林,2020-06-17,988
114,盔林,2020-06-18,985.9
114,盔林,2020-06-19,988.9
114,盔林,2020-06-20,992.5
114,盔林,2020-06-21,990.4
114,盔林,2020-06-22,990.6
114,盔林,2020-06-23,990.9
114,盔林,2020-06-24,986.9
114,盔林,2020-06-25,984.8
114,盔林,2020-06-26,989
114,盔林,2020-06-27,988.1
114,盔林,2020-06-28,987.1
114,盔林,2020-06-29,985
114,盔林,2020-06-30,975.4
114,盔林,2020-07-01,987.7
114,盔林,2020-07-02,993.5
114,盔林,2020-07-03,993.4
114,盔林,2020-07-04,989.5
114,盔林,2020-07-05,987
114,盔林,2020-07-06,983.7
114,盔林,2020-07-07,986.6
114,盔林,2020-07-08,987.2
114,盔林,2020-07-09,986.9
114,盔林,2020-07-10,984.8
114,盔林,2020-07-11,989.8
114,盔林,2020-07-12,992.6
114,盔林,2020-07-13,986.3
114,盔林,2020-07-14,986.1
114,盔林,2020-07-15,988.2
114,盔林,2020-07-16,989.7
114,盔林,2020-07-17,990.9
114,盔林,2020-07-18,991.4
114,盔林,2020-07-19,988.6
114,盔林,2020-07-20,988.9
114,盔林,2020-07-21,994.3
114,盔林,2020-07-22,992.6
114,盔林,2020-07-23,989.4
114,盔林,2020-07-24,981.7
114,盔林,2020-07-25,985.7
114,盔林,2020-07-26,990
114,盔林,2020-07-27,991.3
114,盔林,2020-07-28,993.2
114,盔林,2020-07-29,995
114,盔林,2020-07-30,996
114,盔林,2020-07-31,996.7
114,盔林,2020-08-01,993.7
114,盔林,2020-08-02,991.3
114,盔林,2020-08-03,991.8
114,盔林,2020-08-04,994
114,盔林,2020-08-05,994.5
114,盔林,2020-08-06,988.4
114,盔林,2020-08-07,989.8
114,盔林,2020-08-08,986.3
114,盔林,2020-08-09,986.3
114,盔林,2020-08-10,987
114,盔林,2020-08-11,992.3
114,盔林,2020-08-12,995.5
114,盔林,2020-08-13,992.4
114,盔林,2020-08-14,988.7
114,盔林,2020-08-15,991.7
114,盔林,2020-08-16,993.9
114,盔林,2020-08-17,996.5
114,盔林,2020-08-18,995.8
114,盔林,2020-08-19,994.2
114,盔林,2020-08-20,995.1
114,盔林,2020-08-21,996.6
114,盔林,2020-08-22,995.2
114,盔林,2020-08-23,991.5
114,盔林,2020-08-24,988.3
114,盔林,2020-08-25,988.1
114,盔林,2020-08-26,986.3
114,盔林,2020-08-27,985.2
114,盔林,2020-08-28,990.2
114,盔林,2020-08-29,992.3
114,盔林,2020-08-30,994.3
114,盔林,2020-08-31,995.4
114,盔林,2020-09-01,992.4
114,盔林,2020-09-02,986
114,盔林,2020-09-03,979
114,盔林,2020-09-04,995.3
114,盔林,2020-09-05,996.8
114,盔林,2020-09-06,992
114,盔林,2020-09-07,974.4
114,盔林,2020-09-08,991.6
114,盔林,2020-09-09,992.8
114,盔林,2020-09-10,992.2
114,盔林,2020-09-11,997.5
114,盔林,2020-09-12,998.2
114,盔林,2020-09-13,997.9
114,盔林,2020-09-14,997
114,盔林,2020-09-15,995.3
114,盔林,2020-09-16,992.5
114,盔林,2020-09-17,992.8
114,盔林,2020-09-18,995.4
114,盔林,2020-09-19,997.6
114,盔林,2020-09-20,999.2
114,盔林,2020-09-21,1001
114,盔林,2020-09-22,1001.5
114,盔林,2020-09-23,1000.8
114,盔林,2020-09-24,997.9
114,盔林,2020-09-25,995.9
114,盔林,2020-09-26,999
114,盔林,2020-09-27,1001.1
114,盔林,2020-09-28,999.3
114,盔林,2020-09-29,994.3
114,盔林,2020-09-30,993.3
114,盔林,2020-10-01,996
114,盔林,2020-10-02,997.3
114,盔林,2020-10-03,997.5
114,盔林,2020-10-04,994.6
114,盔林,2020-10-05,999.9
114,盔林,2020-10-06,1004.4
114,盔林,2020-10-07,1008.1
114,盔林,2020-10-08,1009.4
114,盔林,2020-10-09,1005.8
114,盔林,2020-10-10,1002.3
114,盔林,2020-10-11,998.7
114,盔林,2020-10-12,997.5
114,盔林,2020-10-13,1002.8
114,盔林,2020-10-14,1006.7
114,盔林,2020-10-15,1007.8
114,盔林,2020-10-16,1006
114,盔林,2020-10-17,1005.3
114,盔林,2020-10-18,1006.2
114,盔林,2020-10-19,1007.2
114,盔林,2020-10-20,1008.1
114,盔林,2020-10-21,1001.8
114,盔林,2020-10-22,995.6
114,盔林,2020-10-23,996.4
114,盔林,2020-10-24,1000.3
114,盔林,2020-10-25,1002.4
114,盔林,2020-10-26,1002.3
114,盔林,2020-10-27,1003.4
114,盔林,2020-10-28,1004.2
114,盔林,2020-10-29,1005.9
114,盔林,2020-10-30,1007.6
114,盔林,2020-10-31,1006.8
114,盔林,2020-11-01,1002.2
114,盔林,2020-11-02,1002
114,盔林,2020-11-03,1003.1
114,盔林,2020-11-04,1007.1
114,盔林,2020-11-05,1009.3
114,盔林,2020-11-06,1003.7
114,盔林,2020-11-07,1000
114,盔林,2020-11-08,1003.3
114,盔林,2020-11-09,1007
114,盔林,2020-11-10,1010
114,盔林,2020-11-11,1013.8
114,盔林,2020-11-12,1012.3
114,盔林,2020-11-13,1010.7
114,盔林,2020-11-14,1011.6
114,盔林,2020-11-15,1009.3
114,盔林,2020-11-16,1008.5
114,盔林,2020-11-17,1006.2
114,盔林,2020-11-18,999.2
114,盔林,2020-11-19,990.2
114,盔林,2020-11-20,1000.4
114,盔林,2020-11-21,1005.5
114,盔林,2020-11-22,1003.6
114,盔林,2020-11-23,1009.1
114,盔林,2020-11-24,1009.7
114,盔林,2020-11-25,1009.1
114,盔林,2020-11-26,1008.3
114,盔林,2020-11-27,1006.8
114,盔林,2020-11-28,1009.5
114,盔林,2020-11-29,1010.8
114,盔林,2020-11-30,1015.7
114,盔林,2020-12-01,1016.4
114,盔林,2020-12-02,1011.8
114,盔林,2020-12-03,1010.3
114,盔林,2020-12-04,1011.3
114,盔林,2020-12-05,1011.3
114,盔林,2020-12-06,1009.7
114,盔林,2020-12-07,1009
114,盔林,2020-12-08,1010
114,盔林,2020-12-09,1008.4
114,盔林,2020-12-10,1004.3
114,盔林,2020-12-11,1001.1
114,盔林,2020-12-12,1000.4
114,盔林,2020-12-13,1000
114,盔林,2020-12-14,1009
114,盔林,2020-12-15,1011.5
114,盔林,2020-12-16,1011.6
114,盔林,2020-12-17,1011.9
114,盔林,2020-12-18,1009
114,盔林,2020-12-19,1013.6
114,盔林,2020-12-20,1013.3
114,盔林,2020-12-21,1010.6
114,盔林,2020-12-22,1007.8
114,盔林,2020-12-23,1004.2
114,盔林,2020-12-24,999.2
114,盔林,2020-12-25,1004.7
114,盔林,2020-12-26,1006.2
114,盔林,2020-12-27,1003.7
114,盔林,2020-12-28,1005
114,盔林,2020-12-29,1001.8
114,盔林,2020-12-30,1002.6
114,盔林,2020-12-31,1006.9
114,盔林,2021-01-01,1006.8
114,盔林,2021-01-02,1009.5
114,盔林,2021-01-03,1014.6
114,盔林,2021-01-04,1012.4
114,盔林,2021-01-05,1010
114,盔林,2021-01-06,1004.2
114,盔林,2021-01-07,1005.6
114,盔林,2021-01-08,1004.9
114,盔林,2021-01-09,1005.1
114,盔林,2021-01-10,1008.9
114,盔林,2021-01-11,1007.7
114,盔林,2021-01-12,999.6
114,盔林,2021-01-13,997
114,盔林,2021-01-14,1003.4
114,盔林,2021-01-15,998
114,盔林,2021-01-16,1005.4
114,盔林,2021-01-17,1008.1
114,盔林,2021-01-18,1002.1
114,盔林,2021-01-19,1013
114,盔林,2021-01-20,1011.8
114,盔林,2021-01-21,1005.3
114,盔林,2021-01-22,1001.3
114,盔林,2021-01-23,1002.5
114,盔林,2021-01-24,1007.5
114,盔林,2021-01-25,1007.9
114,盔林,2021-01-26,1001.4
114,盔林,2021-01-27,1004.4
114,盔林,2021-01-28,997.7
114,盔林,2021-01-29,1006.9
114,盔林,2021-01-30,1007.3
114,盔林,2021-01-31,1008.6
114,盔林,2021-02-01,997.9
114,盔林,2021-02-02,1005.9
114,盔林,2021-02-03,1006.6
114,盔林,2021-02-04,1007.7
114,盔林,2021-02-05,1002.9
114,盔林,2021-02-06,997.4
114,盔林,2021-02-07,1001.7
114,盔林,2021-02-08,1008.1
114,盔林,2021-02-09,1009.4
114,盔林,2021-02-10,1007
114,盔林,2021-02-11,1006.9
114,盔林,2021-02-12,1006.5
114,盔林,2021-02-13,1006
114,盔林,2021-02-14,997
114,盔林,2021-02-15,991.8
114,盔林,2021-02-16,997.2
114,盔林,2021-02-17,998.3
114,盔林,2021-02-18,1002.8
114,盔林,2021-02-19,999.2
114,盔林,2021-02-20,991.9
114,盔林,2021-02-21,992.2
114,盔林,2021-02-22,995.5
114,盔林,2021-02-23,1006.1
114,盔林,2021-02-24,1006.7
114,盔林,2021-02-25,1005.5
114,盔林,2021-02-26,1005.7
114,盔林,2021-02-27,1010.7
114,盔林,2021-02-28,1007.8
114,盔林,2021-03-01,996.8
114,盔林,2021-03-02,1006
114,盔林,2021-03-03,1011
114,盔林,2021-03-04,1006.3
114,盔林,2021-03-05,1002.6
114,盔林,2021-03-06,1009.3
114,盔林,2021-03-07,1009.7
114,盔林,2021-03-08,1008.2
114,盔林,2021-03-09,1007
114,盔林,2021-03-10,1009.9
114,盔林,2021-03-11,1007.5
114,盔林,2021-03-12,1003.5
114,盔林,2021-03-13,1002.7
114,盔林,2021-03-14,1001.7
114,盔林,2021-03-15,998.2
114,盔林,2021-03-16,996.5
114,盔林,2021-03-17,1000.8
114,盔林,2021-03-18,1001.3
114,盔林,2021-03-19,1000.8
114,盔林,2021-03-20,995.2
114,盔林,2021-03-21,995.6
114,盔林,2021-03-22,1001.6
114,盔林,2021-03-23,1002.7
114,盔林,2021-03-24,1002.4
114,盔林,2021-03-25,1002.8
114,盔林,2021-03-26,1002.5
114,盔林,2021-03-27,993
114,盔林,2021-03-28,985.3
114,盔林,2021-03-29,990.1
114,盔林,2021-03-30,994.5
114,盔林,2021-03-31,996.5
114,盔林,2021-04-01,1001.4
114,盔林,2021-04-02,1001.4
114,盔林,2021-04-03,994.8
114,盔林,2021-04-04,997.8
114,盔林,2021-04-05,1004
114,盔林,2021-04-06,1001.5
114,盔林,2021-04-07,1001
114,盔林,2021-04-08,999.8
114,盔林,2021-04-09,1006.9
114,盔林,2021-04-10,1012.2
114,盔林,2021-04-11,1011
114,盔林,2021-04-12,1000.3
114,盔林,2021-04-13,994
114,盔林,2021-04-14,1000.3
114,盔林,2021-04-15,1000.3
114,盔林,2021-04-16,998.3
114,盔林,2021-04-17,996.6
114,盔林,2021-04-18,997.7
114,盔林,2021-04-19,999.4
114,盔林,2021-04-20,1002.7
114,盔林,2021-04-21,1003.4
114,盔林,2021-04-22,1001.3
114,盔林,2021-04-23,1002.1
114,盔林,2021-04-24,1001.8
114,盔林,2021-04-25,1001.8
114,盔林,2021-04-26,1003.1
114,盔林,2021-04-27,1000
114,盔林,2021-04-28,998.1
114,盔林,2021-04-29,988.6
114,盔林,2021-04-30,986.5
114,盔林,2021-05-01,987.5
114,盔林,2021-05-02,997.8
114,盔林,2021-05-03,1000
114,盔林,2021-05-04,992
114,盔林,2021-05-05,994.3
114,盔林,2021-05-06,998.2
114,盔林,2021-05-07,989.1
114,盔林,2021-05-08,986.9
114,盔林,2021-05-09,991.5
114,盔林,2021-05-10,996.1
114,盔林,2021-05-11,996.3
114,盔林,2021-05-12,995
114,盔林,2021-05-13,993.7
114,盔林,2021-05-14,993.7
114,盔林,2021-05-15,989.5
114,盔林,2021-05-16,984
114,盔林,2021-05-17,989.2
114,盔林,2021-05-18,992.9
114,盔林,2021-05-19,994.3
114,盔林,2021-05-20,987.8
114,盔林,2021-05-21,987.9
114,盔林,2021-05-22,993.1
114,盔林,2021-05-23,993.2
114,盔林,2021-05-24,989.9
114,盔林,2021-05-25,989.4
114,盔林,2021-05-26,990.6
114,盔林,2021-05-27,984.6
114,盔林,2021-05-28,983.9
114,盔林,2021-05-29,989.1
114,盔林,2021-05-30,992
114,盔林,2021-05-31,994.1
114,盔林,2021-06-01,996.5
114,盔林,2021-06-02,995.3
114,盔林,2021-06-03,987
114,盔林,2021-06-04,984.5
114,盔林,2021-06-05,984.2
114,盔林,2021-06-06,989.8
114,盔林,2021-06-07,996.6
114,盔林,2021-06-08,998.1
114,盔林,2021-06-09,997.7
114,盔林,2021-06-10,994.3
114,盔林,2021-06-11,992.7
114,盔林,2021-06-12,994.3
114,盔林,2021-06-13,990.8
114,盔林,2021-06-14,988.3
114,盔林,2021-06-15,987.4
114,盔林,2021-06-16,988.6
114,盔林,2021-06-17,989.1
114,盔林,2021-06-18,984.3
114,盔林,2021-06-19,983.9
114,盔林,2021-06-20,983.9
114,盔林,2021-06-21,987.1
114,盔林,2021-06-22,991.5
114,盔林,2021-06-23,993.6
114,盔林,2021-06-24,994
114,盔林,2021-06-25,993.2
114,盔林,2021-06-26,993.6
114,盔林,2021-06-27,990.4
114,盔林,2021-06-28,988.4
114,盔林,2021-06-29,988.6
114,盔林,2021-06-30,990
114,盔林,2021-07-01,989.8
114,盔林,2021-07-02,992.1
114,盔林,2021-07-03,990.1
114,盔林,2021-07-04,987.5
114,盔林,2021-07-05,992.6
114,盔林,2021-07-06,990.1
114,盔林,2021-07-07,990.1
114,盔林,2021-07-08,987.9
114,盔林,2021-07-09,988.3
114,盔林,2021-07-10,990.6
114,盔林,2021-07-11,993.2
114,盔林,2021-07-12,993.3
114,盔林,2021-07-13,992.9
114,盔林,2021-07-14,995.3
114,盔林,2021-07-15,997.7
114,盔林,2021-07-16,997.6
114,盔林,2021-07-17,995.4
114,盔林,2021-07-18,994.8
114,盔林,2021-07-19,996.4
114,盔林,2021-07-20,997.5
114,盔林,2021-07-21,996.1
114,盔林,2021-07-22,994.2
114,盔林,2021-07-23,992.6
114,盔林,2021-07-24,991.5
114,盔林,2021-07-25,990
114,盔林,2021-07-26,988
114,盔林,2021-07-27,986.2
114,盔林,2021-07-28,986
114,盔林,2021-07-29,985.1
114,盔林,2021-07-30,983.8
114,盔林,2021-07-31,983.7
114,盔林,2021-08-01,984.2
114,盔林,2021-08-02,986.8
114,盔林,2021-08-03,991
114,盔林,2021-08-04,991.8
114,盔林,2021-08-05,989.3
114,盔林,2021-08-06,986.9
114,盔林,2021-08-07,986.5
114,盔林,2021-08-08,986.4
114,盔林,2021-08-09,986.6
114,盔林,2021-08-10,991.1
114,盔林,2021-08-11,993.3
114,盔林,2021-08-12,992.7
114,盔林,2021-08-13,989.7
114,盔林,2021-08-14,991.2
114,盔林,2021-08-15,996.9
114,盔林,2021-08-16,997.4
114,盔林,2021-08-17,993.5
114,盔林,2021-08-18,993.3
114,盔林,2021-08-19,994.9
114,盔林,2021-08-20,994.8
114,盔林,2021-08-21,987.1
114,盔林,2021-08-22,991.4
114,盔林,2021-08-23,992.4
114,盔林,2021-08-24,983.5
114,盔林,2021-08-25,989.7
114,盔林,2021-08-26,995.3
114,盔林,2021-08-27,996
114,盔林,2021-08-28,997.1
114,盔林,2021-08-29,996.8
114,盔林,2021-08-30,998.8
114,盔林,2021-08-31,997.6
114,盔林,2021-09-01,992.6
114,盔林,2021-09-02,993
114,盔林,2021-09-03,992.8
114,盔林,2021-09-04,998.4
114,盔林,2021-09-05,1001.5
114,盔林,2021-09-06,999.8
114,盔林,2021-09-07,991.4
114,盔林,2021-09-08,992.9
114,盔林,2021-09-09,996.8
114,盔林,2021-09-10,996.2
114,盔林,2021-09-11,995.6
114,盔林,2021-09-12,996.1
114,盔林,2021-09-13,999.6
114,盔林,2021-09-14,998.8
114,盔林,2021-09-15,999.4
114,盔林,2021-09-16,996
114,盔林,2021-09-17,992.8
114,盔林,2021-09-18,997.3
114,盔林,2021-09-19,998.9
114,盔林,2021-09-20,994.7
114,盔林,2021-09-21,988.4
114,盔林,2021-09-22,991.4
114,盔林,2021-09-23,999.5
114,盔林,2021-09-24,1005.4
114,盔林,2021-09-25,1006
114,盔林,2021-09-26,1003.4
114,盔林,2021-09-27,998.9
114,盔林,2021-09-28,995.9
114,盔林,2021-09-29,990.9
114,盔林,2021-09-30,991.8
114,盔林,2021-10-01,992.3
114,盔林,2021-10-02,996.8
114,盔林,2021-10-03,1001.8
114,盔林,2021-10-04,1003.1
114,盔林,2021-10-05,1003.2
114,盔林,2021-10-06,1002.5
114,盔林,2021-10-07,999.5
114,盔林,2021-10-08,1003.6
114,盔林,2021-10-09,1004.8
114,盔林,2021-10-10,1000.4
114,盔林,2021-10-11,1003.5
114,盔林,2021-10-12,1007.7
114,盔林,2021-10-13,1006.4
114,盔林,2021-10-14,1002
114,盔林,2021-10-15,1000.7
114,盔林,2021-10-16,1003.9
114,盔林,2021-10-17,1009.2
114,盔林,2021-10-18,1005.7
114,盔林,2021-10-19,1001.6
114,盔林,2021-10-20,1003.5
114,盔林,2021-10-21,1002.2
114,盔林,2021-10-22,1004.5
114,盔林,2021-10-23,1010.4
114,盔林,2021-10-24,1008.7
114,盔林,2021-10-25,1005.3
114,盔林,2021-10-26,1002.9
114,盔林,2021-10-27,1001.6
114,盔林,2021-10-28,1005.9
114,盔林,2021-10-29,1007.6
114,盔林,2021-10-30,1006.6
114,盔林,2021-10-31,1006.3
114,盔林,2021-11-01,1005.5
114,盔林,2021-11-02,1004
114,盔林,2021-11-03,1001.8
114,盔林,2021-11-04,1002.4
114,盔林,2021-11-05,1003.7
114,盔林,2021-11-06,1003.6
114,盔林,2021-11-07,1002.7
114,盔林,2021-11-08,993.6
114,盔林,2021-11-09,992.4
114,盔林,2021-11-10,990
114,盔林,2021-11-11,993
114,盔林,2021-11-12,998.8
114,盔林,2021-11-13,1001
114,盔林,2021-11-14,1000.2
114,盔林,2021-11-15,1003.8
114,盔林,2021-11-16,1006.2
114,盔林,2021-11-17,1005.9
114,盔林,2021-11-18,1000.7
114,盔林,2021-11-19,1000.2
114,盔林,2021-11-20,1003.1
114,盔林,2021-11-21,998.6
114,盔林,2021-11-22,996.8
114,盔林,2021-11-23,999.5
114,盔林,2021-11-24,999.2
114,盔林,2021-11-25,1000.1
114,盔林,2021-11-26,1008.2
114,盔林,2021-11-27,1015.8
114,盔林,2021-11-28,1015.5
114,盔林,2021-11-29,1008.8
114,盔林,2021-11-30,993
114,盔林,2021-12-01,1002.1
114,盔林,2021-12-02,1001
114,盔林,2021-12-03,999.8
114,盔林,2021-12-04,1007.5
114,盔林,2021-12-05,1011
114,盔林,2021-12-06,1009
114,盔林,2021-12-07,1011
114,盔林,2021-12-08,1014.2
114,盔林,2021-12-09,1011.7
114,盔林,2021-12-10,1007
114,盔林,2021-12-11,1007.6
114,盔林,2021-12-12,1006.3
114,盔林,2021-12-13,1009.1
114,盔林,2021-12-14,1003.7
114,盔林,2021-12-15,1002.2
114,盔林,2021-12-16,1000.4
114,盔林,2021-12-17,1003.7
114,盔林,2021-12-18,1006.8
114,盔林,2021-12-19,1003.5
114,盔林,2021-12-20,999.2
114,盔林,2021-12-21,998.8
114,盔林,2021-12-22,1004.8
114,盔林,2021-12-23,1006.4
114,盔林,2021-12-24,1003.7
114,盔林,2021-12-25,1011.4
114,盔林,2021-12-26,1014.2
114,盔林,2021-12-27,1012.2
114,盔林,2021-12-28,1009.5
114,盔林,2021-12-29,1001.3
114,盔林,2021-12-30,1005.7
114,盔林,2021-12-31,1011.6
114,盔林,2022-01-01,1012.3
114,盔林,2022-01-02,1007.6
114,盔林,2022-01-03,1007.4
114,盔林,2022-01-04,1008.6
114,盔林,2022-01-05,1008.8
114,盔林,2022-01-06,1009.5
114,盔林,2022-01-07,1010.9
114,盔林,2022-01-08,1006.2
114,盔林,2022-01-09,1003.7
114,盔林,2022-01-10,1001.9
114,盔林,2022-01-11,1000.5
114,盔林,2022-01-12,1003.5
114,盔林,2022-01-13,1002
114,盔林,2022-01-14,1007
114,盔林,2022-01-15,1004.6
114,盔林,2022-01-16,1005.3
114,盔林,2022-01-17,1007.9
114,盔林,2022-01-18,1009.2
114,盔林,2022-01-19,1005.8
114,盔林,2022-01-20,1009.8
114,盔林,2022-01-21,1011.6
114,盔林,2022-01-22,1007.8
114,盔林,2022-01-23,1003.4
114,盔林,2022-01-24,1004
114,盔林,2022-01-25,1002.9
114,盔林,2022-01-26,1005.5
114,盔林,2022-01-27,1005.7
114,盔林,2022-01-28,1005.4
114,盔林,2022-01-29,1002.9
114,盔林,2022-01-30,1003.2
114,盔林,2022-01-31,1005.4
114,盔林,2022-02-01,1006.1
114,盔林,2022-02-02,1009
114,盔林,2022-02-03,1007.7
114,盔林,2022-02-04,1005.5
114,盔林,2022-02-05,1006.7
114,盔林,2022-02-06,1008.5
114,盔林,2022-02-07,1009.4
114,盔林,2022-02-08,1008.7
114,盔林,2022-02-09,1007
114,盔林,2022-02-10,1004.3
114,盔林,2022-02-11,1007.7
114,盔林,2022-02-12,1006.4
114,盔林,2022-02-13,1003.7
114,盔林,2022-02-14,1001.7
114,盔林,2022-02-15,1002.1
114,盔林,2022-02-16,1003.8
114,盔林,2022-02-17,1009.2
114,盔林,2022-02-18,1011
114,盔林,2022-02-19,1004.2
114,盔林,2022-02-20,1006.7
114,盔林,2022-02-21,1008.7
114,盔林,2022-02-22,1012.1
114,盔林,2022-02-23,1013.2
114,盔林,2022-02-24,1011.6
114,盔林,2022-02-25,1008.3
114,盔林,2022-02-26,999.4
114,盔林,2022-02-27,1003
114,盔林,2022-02-28,1002.8
114,盔林,2022-03-01,996.5
114,盔林,2022-03-02,999.3
114,盔林,2022-03-03,999.6
114,盔林,2022-03-04,993.6
114,盔林,2022-03-05,996.2
114,盔林,2022-03-06,1002.6
114,盔林,2022-03-07,1002.2
114,盔林,2022-03-08,1001.1
114,盔林,2022-03-09,1003.6
114,盔林,2022-03-10,1002.8
114,盔林,2022-03-11,1000.6
114,盔林,2022-03-12,997.5
114,盔林,2022-03-13,993.6
114,盔林,2022-03-14,993.4
114,盔林,2022-03-15,996.2
114,盔林,2022-03-16,998.5
114,盔林,2022-03-17,1001.4
114,盔林,2022-03-18,993.5
114,盔林,2022-03-19,991.5
114,盔林,2022-03-20,1000.6
114,盔林,2022-03-21,1005.4
114,盔林,2022-03-22,1003.4
114,盔林,2022-03-23,1000
114,盔林,2022-03-24,1002
114,盔林,2022-03-25,998.3
114,盔林,2022-03-26,984.5
114,盔林,2022-03-27,997.3
114,盔林,2022-03-28,1007.5
114,盔林,2022-03-29,1006.4
114,盔林,2022-03-30,1003
114,盔林,2022-03-31,1005.6
114,盔林,2022-04-01,1010.4
114,盔林,2022-04-02,1008.9
114,盔林,2022-04-03,1009.4
114,盔林,2022-04-04,1009.3
114,盔林,2022-04-05,1004.2
114,盔林,2022-04-06,1002.6
114,盔林,2022-04-07,999.5
114,盔林,2022-04-08,1001.3
114,盔林,2022-04-09,997.7
114,盔林,2022-04-10,998.8
114,盔林,2022-04-11,995.7
114,盔林,2022-04-12,993
114,盔林,2022-04-13,997.8
114,盔林,2022-04-14,1001.1
114,盔林,2022-04-15,999.5
114,盔林,2022-04-16,999.4
114,盔林,2022-04-17,1000.2
114,盔林,2022-04-18,1000.1
114,盔林,2022-04-19,999.5
114,盔林,2022-04-20,998.1
114,盔林,2022-04-21,994.7
114,盔林,2022-04-22,993
114,盔林,2022-04-23,994.6
114,盔林,2022-04-24,993.8
114,盔林,2022-04-25,993.4
114,盔林,2022-04-26,985.8
114,盔林,2022-04-27,996.4
114,盔林,2022-04-28,998.3
114,盔林,2022-04-29,999.1
114,盔林,2022-04-30,999.6
114,盔林,2022-05-01,995.4
114,盔林,2022-05-02,995.9
114,盔林,2022-05-03,1001.3
114,盔林,2022-05-04,1001.6
114,盔林,2022-05-05,1001.1
114,盔林,2022-05-06,998.9
114,盔林,2022-05-07,999.2
114,盔林,2022-05-08,1001.8
114,盔林,2022-05-09,1000.4
114,盔林,2022-05-10,998.9
114,盔林,2022-05-11,997.4
114,盔林,2022-05-12,993.4
114,盔林,2022-05-13,990.4
114,盔林,2022-05-14,994.3
114,盔林,2022-05-15,996.1
114,盔林,2022-05-16,994.3
114,盔林,2022-05-17,995.9
114,盔林,2022-05-18,998.6
114,盔林,2022-05-19,999.4
114,盔林,2022-05-20,996.3
114,盔林,2022-05-21,991.9
114,盔林,2022-05-22,990.5
114,盔林,2022-05-23,994.6
114,盔林,2022-05-24,996.4
114,盔林,2022-05-25,991
114,盔林,2022-05-26,986.9
114,盔林,2022-05-27,983.8
114,盔林,2022-05-28,988.3
114,盔林,2022-05-29,988
114,盔林,2022-05-30,985.1
114,盔林,2022-05-31,990.4
114,盔林,2022-06-01,988.9
114,盔林,2022-06-02,990.1
114,盔林,2022-06-03,992.3
114,盔林,2022-06-04,992.8
114,盔林,2022-06-05,986.3
114,盔林,2022-06-06,984.6
114,盔林,2022-06-07,990.6
114,盔林,2022-06-08,994.2
114,盔林,2022-06-09,996
114,盔林,2022-06-10,996.4
114,盔林,2022-06-11,995.2
114,盔林,2022-06-12,995.2
114,盔林,2022-06-13,992.5
114,盔林,2022-06-14,992.1
114,盔林,2022-06-15,989.3
114,盔林,2022-06-16,990.7
114,盔林,2022-06-17,991
114,盔林,2022-06-18,990.3
114,盔林,2022-06-19,990.5
114,盔林,2022-06-20,987.5
114,盔林,2022-06-21,986.5
114,盔林,2022-06-22,989.9
114,盔林,2022-06-23,983.5
114,盔林,2022-06-24,980.9
114,盔林,2022-06-25,987.6
114,盔林,2022-06-26,991.8
114,盔林,2022-06-27,990.7
114,盔林,2022-06-28,986.4
114,盔林,2022-06-29,988.1
114,盔林,2022-06-30,994.4
114,盔林,2022-07-01,997.5
114,盔林,2022-07-02,995.7
114,盔林,2022-07-03,991.7
114,盔林,2022-07-04,988.7
114,盔林,2022-07-05,988.5
114,盔林,2022-07-06,990.7
114,盔林,2022-07-07,989.1
114,盔林,2022-07-08,986
114,盔林,2022-07-09,985.7
114,盔林,2022-07-10,987.8
114,盔林,2022-07-11,989.4
114,盔林,2022-07-12,991
114,盔林,2022-07-13,986.4
114,盔林,2022-07-14,983.1
114,盔林,2022-07-15,982.9
114,盔林,2022-07-16,982.1
114,盔林,2022-07-17,983.9
114,盔林,2022-07-18,982.9
114,盔林,2022-07-19,985.5
114,盔林,2022-07-20,989.4
114,盔林,2022-07-21,984.9
114,盔林,2022-07-22,988.8
114,盔林,2022-07-23,988.5
114,盔林,2022-07-24,985.9
114,盔林,2022-07-25,991.6
114,盔林,2022-07-26,992.6
114,盔林,2022-07-27,993.2
114,盔林,2022-07-28,994.5
114,盔林,2022-07-29,995.4
114,盔林,2022-07-30,993
114,盔林,2022-07-31,990.2
114,盔林,2022-08-01,989.8
114,盔林,2022-08-02,992.2
114,盔林,2022-08-03,993.6
114,盔林,2022-08-04,992.6
114,盔林,2022-08-05,989.5
114,盔林,2022-08-06,989.3
114,盔林,2022-08-07,989.8
114,盔林,2022-08-08,990
114,盔林,2022-08-09,989.3
114,盔林,2022-08-10,989.2
114,盔林,2022-08-11,987.3
114,盔林,2022-08-12,989.4
114,盔林,2022-08-13,989.1
114,盔林,2022-08-14,989.1
114,盔林,2022-08-15,984.6
114,盔林,2022-08-16,986.7
114,盔林,2022-08-17,989.4
114,盔林,2022-08-18,990.7
114,盔林,2022-08-19,986.2
114,盔林,2022-08-20,984.9
114,盔林,2022-08-21,988.3
114,盔林,2022-08-22,987.8
114,盔林,2022-08-23,989.3
114,盔林,2022-08-24,991.4
114,盔林,2022-08-25,990.8
114,盔林,2022-08-26,990.3
114,盔林,2022-08-27,992.7
114,盔林,2022-08-28,997.8
114,盔林,2022-08-29,999.1
114,盔林,2022-08-30,994.4
114,盔林,2022-08-31,991.5
114,盔林,2022-09-01,996.4
114,盔林,2022-09-02,999.3
114,盔林,2022-09-03,997.8
114,盔林,2022-09-04,993
114,盔林,2022-09-05,988.9
114,盔林,2022-09-06,987.5
114,盔林,2022-09-07,999.9
114,盔林,2022-09-08,1000.9
114,盔林,2022-09-09,1000.6
114,盔林,2022-09-10,1000.8
114,盔林,2022-09-11,998
114,盔林,2022-09-12,997.3
114,盔林,2022-09-13,999
114,盔林,2022-09-14,999.5
114,盔林,2022-09-15,994.9
114,盔林,2022-09-16,991.5
114,盔林,2022-09-17,991.1
114,盔林,2022-09-18,986.8
114,盔林,2022-09-19,984.7
114,盔林,2022-09-20,996.3
114,盔林,2022-09-21,1000.2
114,盔林,2022-09-22,998.4
114,盔林,2022-09-23,995.7
114,盔林,2022-09-24,999.6
114,盔林,2022-09-25,999.5
114,盔林,2022-09-26,999.8
114,盔林,2022-09-27,998.6
114,盔林,2022-09-28,997
114,盔林,2022-09-29,997.7
114,盔林,2022-09-30,999.2
114,盔林,2022-10-01,1000.9
114,盔林,2022-10-02,999.8
114,盔林,2022-10-03,995.3
114,盔林,2022-10-04,994.9
114,盔林,2022-10-05,1002
114,盔林,2022-10-06,1001.5
114,盔林,2022-10-07,1002.2
114,盔林,2022-10-08,1006.7
114,盔林,2022-10-09,1000.3
114,盔林,2022-10-10,995.8
114,盔林,2022-10-11,1003.8
114,盔林,2022-10-12,1009.2
114,盔林,2022-10-13,1007.5
114,盔林,2022-10-14,1002.6
114,盔林,2022-10-15,1001.6
114,盔林,2022-10-16,1000.7
114,盔林,2022-10-17,1000.9
114,盔林,2022-10-18,1004.8
114,盔林,2022-10-19,1008.4
114,盔林,2022-10-20,1010
114,盔林,2022-10-21,1006.9
114,盔林,2022-10-22,1003.4
114,盔林,2022-10-23,1000.7
114,盔林,2022-10-24,1003.6
114,盔林,2022-10-25,1010.5
114,盔林,2022-10-26,1010.1
114,盔林,2022-10-27,1007.7
114,盔林,2022-10-28,1008.3
114,盔林,2022-10-29,1008.7
114,盔林,2022-10-30,1007.9
114,盔林,2022-10-31,1006.6
114,盔林,2022-11-01,1004.2
114,盔林,2022-11-02,1003.1
114,盔林,2022-11-03,1001.5
114,盔林,2022-11-04,1004.7
114,盔林,2022-11-05,1007.4
114,盔林,2022-11-06,1007
114,盔林,2022-11-07,1005.6
114,盔林,2022-11-08,1007
114,盔林,2022-11-09,1007.7
114,盔林,2022-11-10,1007.4
114,盔林,2022-11-11,1007.8
114,盔林,2022-11-12,998.8
114,盔林,2022-11-13,997.5
114,盔林,2022-11-14,1000.1
114,盔林,2022-11-15,999.5
114,盔林,2022-11-16,1002.7
114,盔林,2022-11-17,1006.5
114,盔林,2022-11-18,1008.6
114,盔林,2022-11-19,1005.4
114,盔林,2022-11-20,1002.5
114,盔林,2022-11-21,1003.7
114,盔林,2022-11-22,1003.2
114,盔林,2022-11-23,999.5
114,盔林,2022-11-24,1003.4
114,盔林,2022-11-25,1000.3
114,盔林,2022-11-26,999.9
114,盔林,2022-11-27,1003.4
114,盔林,2022-11-28,997.6
114,盔林,2022-11-29,997.8
114,盔林,2022-11-30,1012.1
114,盔林,2022-12-01,1012.8
114,盔林,2022-12-02,1011.7
114,盔林,2022-12-03,1007.4
114,盔林,2022-12-04,1012
114,盔林,2022-12-05,1010.6
114,盔林,2022-12-06,1005.4
114,盔林,2022-12-07,1005.1
114,盔林,2022-12-08,1007.7
114,盔林,2022-12-09,1004.8
114,盔林,2022-12-10,1002.4
114,盔林,2022-12-11,1004.9
114,盔林,2022-12-12,1002.1
114,盔林,2022-12-13,999.3
114,盔林,2022-12-14,1008.7
114,盔林,2022-12-15,1006.3
114,盔林,2022-12-16,1011.2
114,盔林,2022-12-17,1006.1
114,盔林,2022-12-18,1004.1
114,盔林,2022-12-19,1008.2
114,盔林,2022-12-20,1008.4
114,盔林,2022-12-21,994
114,盔林,2022-12-22,990.5
114,盔林,2022-12-23,994
114,盔林,2022-12-24,1002.1
114,盔林,2022-12-25,1005.2
114,盔林,2022-12-26,1008
114,盔林,2022-12-27,1010.7
114,盔林,2022-12-28,1011.3
114,盔林,2022-12-29,1013.9
114,盔林,2022-12-30,1013
114,盔林,2022-12-31,1012.4
114,盔林,2023-01-01,1011.4
114,盔林,2023-01-02,1012.7
114,盔林,2023-01-03,1011.6
114,盔林,2023-01-04,1012
114,盔林,2023-01-05,1012.2
114,盔林,2023-01-06,1004.3
114,盔林,2023-01-07,1000.9
114,盔林,2023-01-08,1006.8
114,盔林,2023-01-09,1005.8
114,盔林,2023-01-10,1010.2
114,盔林,2023-01-11,1008
114,盔林,2023-01-12,1004.9
114,盔林,2023-01-13,993.6
114,盔林,2023-01-14,995.8
114,盔林,2023-01-15,999.4
114,盔林,2023-01-16,1006.1
114,盔林,2023-01-17,1008.2
114,盔林,2023-01-18,1007.5
114,盔林,2023-01-19,1005.3
114,盔林,2023-01-20,1007.9
114,盔林,2023-01-21,1012.1
114,盔林,2023-01-22,1008
114,盔林,2023-01-23,1004.1
114,盔林,2023-01-24,1008.2
114,盔林,2023-01-25,1011.5
114,盔林,2023-01-26,1005.6
114,盔林,2023-01-27,1003.1
114,盔林,2023-01-28,1003.2
114,盔林,2023-01-29,1000.7
114,盔林,2023-01-30,1004.3
114,盔林,2023-01-31,1000.3
114,盔林,2023-02-01,1000.2
114,盔林,2023-02-02,1008
114,盔林,2023-02-03,1004.7
114,盔林,2023-02-04,1006.3
114,盔林,2023-02-05,1006.9
114,盔林,2023-02-06,1004.3
114,盔林,2023-02-07,1003.1
114,盔林,2023-02-08,1007.9
114,盔林,2023-02-09,1009
114,盔林,2023-02-10,1002.3
114,盔林,2023-02-11,1005.4
114,盔林,2023-02-12,1003.6
114,盔林,2023-02-13,1000.2
114,盔林,2023-02-14,1004
114,盔林,2023-02-15,1010.6
114,盔林,2023-02-16,1011.9
114,盔林,2023-02-17,1009.3
114,盔林,2023-02-18,1002
114,盔林,2023-02-19,1000.3
114,盔林,2023-02-20,1007
114,盔林,2023-02-21,1015.4
114,盔林,2023-02-22,1011.4
114,盔林,2023-02-23,1005.7
114,盔林,2023-02-24,1005.5
114,盔林,2023-02-25,1012.5
114,盔林,2023-02-26,1017.7
114,盔林,2023-02-27,1015.4
114,盔林,2023-02-28,1008.8
114,盔林,2023-03-01,1003.2
114,盔林,2023-03-02,1008.2
114,盔林,2023-03-03,1009.5
114,盔林,2023-03-04,1010.5
114,盔林,2023-03-05,1009
114,盔林,2023-03-06,1005.3
114,盔林,2023-03-07,1002.4
114,盔林,2023-03-08,1001.5
114,盔林,2023-03-09,997.2
114,盔林,2023-03-10,1001.5
114,盔林,2023-03-11,1003.7
114,盔林,2023-03-12,1000.8
114,盔林,2023-03-13,1003.8
114,盔林,2023-03-14,1000.4
114,盔林,2023-03-15,1002
114,盔林,2023-03-16,1009.8
114,盔林,2023-03-17,1005.4
114,盔林,2023-03-18,1000.4
114,盔林,2023-03-19,1001.9
114,盔林,2023-03-20,997.9
114,盔林,2023-03-21,994.5
114,盔林,2023-03-22,992.2
114,盔林,2023-03-23,989.3
114,盔林,2023-03-24,997.4
114,盔林,2023-03-25,1000.3
114,盔林,2023-03-26,998.6
114,盔林,2023-03-27,1003.6
114,盔林,2023-03-28,1005.9
114,盔林,2023-03-29,1004.5
114,盔林,2023-03-30,1001.7
114,盔林,2023-03-31,1000.4
114,盔林,2023-04-01,998.6
114,盔林,2023-04-02,1002.1
114,盔林,2023-04-03,1004.8
114,盔林,2023-04-04,1001.5
114,盔林,2023-04-05,991.7
114,盔林,2023-04-06,993
114,盔林,2023-04-07,996
114,盔林,2023-04-08,1000.6
114,盔林,2023-04-09,1001.4
114,盔林,2023-04-10,997.7
114,盔林,2023-04-11,993.2
114,盔林,2023-04-12,999.7
114,盔林,2023-04-13,1000.1
114,盔林,2023-04-14,995.5
114,盔林,2023-04-15,987.2
114,盔林,2023-04-16,988
114,盔林,2023-04-17,997.7
114,盔林,2023-04-18,994.6
114,盔林,2023-04-19,992.2
114,盔林,2023-04-20,992.6
114,盔林,2023-04-21,994.6
114,盔林,2023-04-22,1001.9
114,盔林,2023-04-23,1005.2
114,盔林,2023-04-24,1005.1
114,盔林,2023-04-25,998.2
114,盔林,2023-04-26,996
114,盔林,2023-04-28,998.5
114,盔林,2023-04-29,989.1
114,盔林,2023-04-30,992.4
114,盔林,2023-05-01,999.2
114,盔林,2023-05-02,1005.1
114,盔林,2023-05-03,1003.1
114,盔林,2023-05-04,996.3
114,盔林,2023-05-05,985.9
114,盔林,2023-05-06,989.9
114,盔林,2023-05-07,995.4
114,盔林,2023-05-08,999
114,盔林,2023-05-09,998.8
114,盔林,2023-05-10,999.3
114,盔林,2023-05-11,1000.5
114,盔林,2023-05-12,999.1
114,盔林,2023-05-13,995.2
114,盔林,2023-05-14,992
114,盔林,2023-05-15,991.4
114,盔林,2023-05-16,993.7
114,盔林,2023-05-17,995.9
114,盔林,2023-05-18,993.8
114,盔林,2023-05-19,992.3
114,盔林,2023-05-20,993.2
114,盔林,2023-05-21,992.2
114,盔林,2023-05-22,991.1
114,盔林,2023-05-23,993.2
114,盔林,2023-05-24,997.2
114,盔林,2023-05-25,998.6
114,盔林,2023-05-26,1000.8
114,盔林,2023-05-27,1000.5
114,盔林,2023-05-28,995.6
114,盔林,2023-05-29,993.3
114,盔林,2023-05-30,993.2
114,盔林,2023-05-31,993.5
114,盔林,2023-06-01,988.9
114,盔林,2023-06-02,985.1
114,盔林,2023-06-03,990.6
114,盔林,2023-06-04,993.3
114,盔林,2023-06-05,993.8
114,盔林,2023-06-06,990.2
114,盔林,2023-06-07,991.8
114,盔林,2023-06-08,987.4
114,盔林,2023-06-09,986.8
114,盔林,2023-06-10,988
114,盔林,2023-06-11,988.6
114,盔林,2023-06-12,988.4
114,盔林,2023-06-13,987.1
114,盔林,2023-06-14,988.8
114,盔林,2023-06-15,991.4
114,盔林,2023-06-16,995.7
114,盔林,2023-06-17,995.4
114,盔林,2023-06-18,990.4
114,盔林,2023-06-19,989.4
114,盔林,2023-06-20,988
114,盔林,2023-06-21,984.5
114,盔林,2023-06-22,986.7
114,盔林,2023-06-23,992.5
114,盔林,2023-06-24,996.9
114,盔林,2023-06-25,995
114,盔林,2023-06-26,990.1
114,盔林,2023-06-27,991.6
114,盔林,2023-06-28,990.8
114,盔林,2023-06-29,984.9
114,盔林,2023-06-30,983.7
114,盔林,2023-07-01,988.6
114,盔林,2023-07-02,991.7
114,盔林,2023-07-03,988.8
114,盔林,2023-07-04,983.6
114,盔林,2023-07-05,978.6
114,盔林,2023-07-06,985.4
114,盔林,2023-07-07,986
114,盔林,2023-07-08,985.9
114,盔林,2023-07-09,986.3
114,盔林,2023-07-10,987.4
114,盔林,2023-07-11,989.1
114,盔林,2023-07-12,988.8
114,盔林,2023-07-13,987.8
114,盔林,2023-07-14,981.8
114,盔林,2023-07-15,984.6
114,盔林,2023-07-16,990.7
114,盔林,2023-07-17,994.9
114,盔林,2023-07-18,994.1
114,盔林,2023-07-19,990.7
114,盔林,2023-07-20,992.2
114,盔林,2023-07-21,995.2
114,盔林,2023-07-22,995.5
114,盔林,2023-07-23,991.6
114,盔林,2023-07-24,992.2
114,盔林,2023-07-25,995.9
114,盔林,2023-07-26,998.3
114,盔林,2023-07-27,997.7
114,盔林,2023-07-28,997.4
114,盔林,2023-07-29,997.6
114,盔林,2023-07-30,996.3
114,盔林,2023-07-31,996.1
114,盔林,2023-08-01,994
114,盔林,2023-08-02,991.2
114,盔林,2023-08-03,989.6
114,盔林,2023-08-04,987.9
114,盔林,2023-08-05,984.2
114,盔林,2023-08-06,982.1
114,盔林,2023-08-07,983.4
114,盔林,2023-08-08,986.2
114,盔林,2023-08-09,987.5
114,盔林,2023-08-10,978.5
114,盔林,2023-08-11,983.4
114,盔林,2023-08-12,987.7
114,盔林,2023-08-13,988.3
114,盔林,2023-08-14,989.1
114,盔林,2023-08-15,988.1
114,盔林,2023-08-16,987.4
114,盔林,2023-08-17,988.4
114,盔林,2023-08-18,990
114,盔林,2023-08-19,992.9
114,盔林,2023-08-20,994.3
114,盔林,2023-08-21,991.1
114,盔林,2023-08-22,988
114,盔林,2023-08-23,988.9
114,盔林,2023-08-24,989.7
114,盔林,2023-08-25,990.7
114,盔林,2023-08-26,992.7
114,盔林,2023-08-27,992.1
114,盔林,2023-08-28,991.1
114,盔林,2023-08-29,989.2
114,盔林,2023-08-30,992.7
114,盔林,2023-08-31,994.1
114,盔林,2023-09-01,995.2
114,盔林,2023-09-02,995.1
114,盔林,2023-09-03,995.7
114,盔林,2023-09-04,995.4
114,盔林,2023-09-05,995
114,盔林,2023-09-06,995.5
114,盔林,2023-09-07,998.2
114,盔林,2023-09-08,996.5
114,盔林,2023-09-09,994.3
114,盔林,2023-09-10,993.3
114,盔林,2023-09-11,992.6
114,盔林,2023-09-12,994
114,盔林,2023-09-13,995.3
114,盔林,2023-09-14,996.3
114,盔林,2023-09-15,997.2
114,盔林,2023-09-16,995.2
114,盔林,2023-09-17,993.5
114,盔林,2023-09-18,995.4
114,盔林,2023-09-19,997.3
114,盔林,2023-09-20,994
114,盔林,2023-09-21,994.4
114,盔林,2023-09-22,999.1
114,盔林,2023-09-23,1003.1
114,盔林,2023-09-24,1003.3
114,盔林,2023-09-25,999.5
114,盔林,2023-09-26,996.2
114,盔林,2023-09-27,994.2
114,盔林,2023-09-28,996.6
114,盔林,2023-09-29,997.1
114,盔林,2023-09-30,994.3
114,盔林,2023-10-01,997.1
114,盔林,2023-10-02,1001.1
114,盔林,2023-10-03,1001
114,盔林,2023-10-04,997
114,盔林,2023-10-05,998.7
114,盔林,2023-10-06,1002
114,盔林,2023-10-07,1005.2
114,盔林,2023-10-08,1005.8
114,盔林,2023-10-09,1002.5
114,盔林,2023-10-10,1003.7
114,盔林,2023-10-11,1007.4
114,盔林,2023-10-12,1007
114,盔林,2023-10-13,1000.7
114,盔林,2023-10-14,993.3
114,盔林,2023-10-15,993.7
114,盔林,2023-10-16,997.6
114,盔林,2023-10-17,1002.1
114,盔林,2023-10-18,1002.3
114,盔林,2023-10-19,998.3
114,盔林,2023-10-20,998.6
114,盔林,2023-10-21,1002.9
114,盔林,2023-10-22,1005.8
114,盔林,2023-10-23,1005.4
114,盔林,2023-10-24,1003.1
114,盔林,2023-10-25,1000.9
114,盔林,2023-10-26,997.8
114,盔林,2023-10-27,997.2
114,盔林,2023-10-28,1001.4
114,盔林,2023-10-29,1004.3
114,盔林,2023-10-30,1005.1
114,盔林,2023-10-31,1004.7
114,盔林,2023-11-01,1000.9
114,盔林,2023-11-02,999.5
114,盔林,2023-11-03,998.2
114,盔林,2023-11-04,1003.2
114,盔林,2023-11-05,999.4
114,盔林,2023-11-06,988.8
114,盔林,2023-11-07,1003.1
114,盔林,2023-11-08,1004.9
114,盔林,2023-11-09,1002.1
114,盔林,2023-11-10,1006.3
114,盔林,2023-11-11,1009.9
114,盔林,2023-11-12,1008.8
114,盔林,2023-11-13,1009.5
114,盔林,2023-11-14,1008.8
114,盔林,2023-11-15,1010
114,盔林,2023-11-16,1001.9
114,盔林,2023-11-17,995
114,盔林,2023-11-18,999.5
114,盔林,2023-11-19,999.5
114,盔林,2023-11-20,1005.5
114,盔林,2023-11-21,1004.3
114,盔林,2023-11-22,999.4
114,盔林,2023-11-23,995.4
114,盔林,2023-11-24,1009.2
114,盔林,2023-11-25,1013.9
114,盔林,2023-11-26,1006.9
114,盔林,2023-11-27,996.7
114,盔林,2023-11-28,1002.6
114,盔林,2023-11-29,1006.5
114,盔林,2023-11-30,1009.6
114,盔林,2023-12-01,1007.7
114,盔林,2023-12-02,1006.7
114,盔林,2023-12-03,1008.1
114,盔林,2023-12-04,1004.5
114,盔林,2023-12-05,1000.3
114,盔林,2023-12-06,992.8
114,盔林,2023-12-07,997.3
114,盔林,2023-12-08,996.5
114,盔林,2023-12-09,1000.2
114,盔林,2023-12-10,1005.1
114,盔林,2023-12-11,1000
114,盔林,2023-12-12,1003.1
114,盔林,2023-12-13,1010.3
114,盔林,2023-12-14,1005.4
114,盔林,2023-12-15,995.1
114,盔林,2023-12-16,1002.4
114,盔林,2023-12-17,1014.3
114,盔林,2023-12-18,1015.6
114,盔林,2023-12-19,1009.8
114,盔林,2023-12-20,1007.6
114,盔林,2023-12-21,1010.7
114,盔林,2023-12-22,1016.7
114,盔林,2023-12-23,1018.2
114,盔林,2023-12-24,1012.5
114,盔林,2023-12-25,1010.5
114,盔林,2023-12-26,1011.1
114,盔林,2023-12-27,1012.5
114,盔林,2023-12-28,1010.3
114,盔林,2023-12-29,1009.1
114,盔林,2023-12-30,1000.5
114,盔林,2023-12-31,999.5
114,盔林,2024-01-01,1009.1
