지점,지점명,일시,평균 현지기압(hPa)
216,태백,2017-01-01,940.2
216,태백,2017-01-02,934.9
216,태백,2017-01-03,935.3
216,태백,2017-01-04,936.9
216,태백,2017-01-05,942.5
216,태백,2017-01-06,940.9
216,태백,2017-01-07,936.3
216,태백,2017-01-08,929.4
216,태백,2017-01-09,928
216,태백,2017-01-10,932
216,태백,2017-01-11,933.5
216,태백,2017-01-12,927
216,태백,2017-01-13,925.7
216,태백,2017-01-14,931.5
216,태백,2017-01-15,935.9
216,태백,2017-01-16,939.9
216,태백,2017-01-17,942.7
216,태백,2017-01-18,940.9
216,태백,2017-01-19,935.5
216,태백,2017-01-20,930.7
216,태백,2017-01-21,936.3
216,태백,2017-01-22,933.5
216,태백,2017-01-23,938.1
216,태백,2017-01-24,942.2
216,태백,2017-01-25,943.1
216,태백,2017-01-26,937.3
216,태백,2017-01-27,935.7
216,태백,2017-01-28,938.8
216,태백,2017-01-29,931.9
216,태백,2017-01-30,933.3
216,태백,2017-01-31,937.7
216,태백,2017-02-01,936.8
216,태백,2017-02-02,937.9
216,태백,2017-02-03,937.7
216,태백,2017-02-04,933.9
216,태백,2017-02-05,925.6
216,태백,2017-02-06,931.7
216,태백,2017-02-07,936.8
216,태백,2017-02-08,930.3
216,태백,2017-02-09,923.9
216,태백,2017-02-10,925.9
216,태백,2017-02-11,932.9
216,태백,2017-02-12,938.3
216,태백,2017-02-13,941.2
216,태백,2017-02-14,943.2
216,태백,2017-02-15,941.1
216,태백,2017-02-16,932.8
216,태백,2017-02-17,931.3
216,태백,2017-02-18,934.5
216,태백,2017-02-19,929.2
216,태백,2017-02-20,926.9
216,태백,2017-02-21,941.3
216,태백,2017-02-22,929.8
216,태백,2017-02-23,928.4
216,태백,2017-02-24,934.3
216,태백,2017-02-25,933.7
216,태백,2017-02-26,937.6
216,태백,2017-02-27,940.2
216,태백,2017-02-28,937.9
216,태백,2017-03-01,930.9
216,태백,2017-03-02,927
216,태백,2017-03-03,932.5
216,태백,2017-03-04,932.9
216,태백,2017-03-05,929.6
216,태백,2017-03-06,926.3
216,태백,2017-03-07,926.3
216,태백,2017-03-08,925.4
216,태백,2017-03-09,924.8
216,태백,2017-03-10,931.9
216,태백,2017-03-11,937.2
216,태백,2017-03-12,934.9
216,태백,2017-03-13,932.2
216,태백,2017-03-14,932.7
216,태백,2017-03-15,936.8
216,태백,2017-03-16,935.5
216,태백,2017-03-17,937.5
216,태백,2017-03-18,938.5
216,태백,2017-03-19,940.8
216,태백,2017-03-20,935.2
216,태백,2017-03-21,930.6
216,태백,2017-03-22,934.3
216,태백,2017-03-23,935.4
216,태백,2017-03-24,936.4
216,태백,2017-03-25,934.8
216,태백,2017-03-26,932.5
216,태백,2017-03-27,933
216,태백,2017-03-28,936.7
216,태백,2017-03-29,936.3
216,태백,2017-03-30,936.6
216,태백,2017-03-31,934.8
216,태백,2017-04-01,930.9
216,태백,2017-04-02,932.5
216,태백,2017-04-03,936.9
216,태백,2017-04-04,939.2
216,태백,2017-04-05,934.6
216,태백,2017-04-06,927.7
216,태백,2017-04-07,931.5
216,태백,2017-04-08,929
216,태백,2017-04-09,933
216,태백,2017-04-10,931.1
216,태백,2017-04-11,922.5
216,태백,2017-04-12,928.6
216,태백,2017-04-13,931.5
216,태백,2017-04-14,928.8
216,태백,2017-04-15,930.7
216,태백,2017-04-16,932.5
216,태백,2017-04-17,920.5
216,태백,2017-04-18,915.7
216,태백,2017-04-19,924.7
216,태백,2017-04-20,928.7
216,태백,2017-04-21,927.9
216,태백,2017-04-22,930.2
216,태백,2017-04-23,933.4
216,태백,2017-04-24,935
216,태백,2017-04-25,934.5
216,태백,2017-04-26,931.6
216,태백,2017-04-27,927.3
216,태백,2017-04-28,922.4
216,태백,2017-04-29,923.9
216,태백,2017-04-30,925.8
216,태백,2017-05-01,935.8
216,태백,2017-05-02,939.9
216,태백,2017-05-03,939.1
216,태백,2017-05-04,934.5
216,태백,2017-05-05,930.4
216,태백,2017-05-06,930.2
216,태백,2017-05-07,928.8
216,태백,2017-05-08,931.2
216,태백,2017-05-09,929.4
216,태백,2017-05-10,926.6
216,태백,2017-05-11,929.6
216,태백,2017-05-12,928.4
216,태백,2017-05-13,923.7
216,태백,2017-05-14,924.7
216,태백,2017-05-15,928.3
216,태백,2017-05-16,928.3
216,태백,2017-05-17,929.5
216,태백,2017-05-18,933
216,태백,2017-05-19,933.3
216,태백,2017-05-20,933.2
216,태백,2017-05-21,932.8
216,태백,2017-05-22,932.8
216,태백,2017-05-23,929.4
216,태백,2017-05-24,927.1
216,태백,2017-05-25,923
216,태백,2017-05-26,925.2
216,태백,2017-05-27,930.1
216,태백,2017-05-28,929.8
216,태백,2017-05-29,930.2
216,태백,2017-05-30,929
216,태백,2017-05-31,923.2
216,태백,2017-06-01,919
216,태백,2017-06-02,922.8
216,태백,2017-06-03,925.7
216,태백,2017-06-04,929.9
216,태백,2017-06-05,935.1
216,태백,2017-06-06,933.2
216,태백,2017-06-07,923.5
216,태백,2017-06-08,927.3
216,태백,2017-06-09,925.4
216,태백,2017-06-10,926.3
216,태백,2017-06-11,929
216,태백,2017-06-12,934.5
216,태백,2017-06-13,932.9
216,태백,2017-06-14,928.7
216,태백,2017-06-15,927.5
216,태백,2017-06-16,930.7
216,태백,2017-06-17,930.1
216,태백,2017-06-18,929.6
216,태백,2017-06-19,929
216,태백,2017-06-20,925.8
216,태백,2017-06-21,925.6
216,태백,2017-06-22,928.3
216,태백,2017-06-23,927.5
216,태백,2017-06-24,924.3
216,태백,2017-06-25,924
216,태백,2017-06-26,928.7
216,태백,2017-06-27,930.5
216,태백,2017-06-28,932.1
216,태백,2017-06-29,931.3
216,태백,2017-06-30,928.1
216,태백,2017-07-01,927.4
216,태백,2017-07-02,928
216,태백,2017-07-03,926.3
216,태백,2017-07-04,927.1
216,태백,2017-07-05,931.1
216,태백,2017-07-06,931.5
216,태백,2017-07-07,929.7
216,태백,2017-07-08,927.9
216,태백,2017-07-09,927.9
216,태백,2017-07-10,923.7
216,태백,2017-07-11,927.3
216,태백,2017-07-12,930.2
216,태백,2017-07-13,928.3
216,태백,2017-07-14,929.1
216,태백,2017-07-15,930.3
216,태백,2017-07-16,932.3
216,태백,2017-07-17,932
216,태백,2017-07-18,929.9
216,태백,2017-07-19,927.9
216,태백,2017-07-20,928.1
216,태백,2017-07-21,929.7
216,태백,2017-07-22,930.9
216,태백,2017-07-23,926.2
216,태백,2017-07-24,924.3
216,태백,2017-07-25,926.7
216,태백,2017-07-26,930.3
216,태백,2017-07-27,929.8
216,태백,2017-07-28,929.6
216,태백,2017-07-29,930.2
216,태백,2017-07-30,928.8
216,태백,2017-07-31,930.5
216,태백,2017-08-01,931.6
216,태백,2017-08-02,930.1
216,태백,2017-08-03,928.6
216,태백,2017-08-04,928.1
216,태백,2017-08-05,926.5
216,태백,2017-08-06,923.4
216,태백,2017-08-07,921.1
216,태백,2017-08-08,921.6
216,태백,2017-08-09,920.6
216,태백,2017-08-10,922.8
216,태백,2017-08-11,928.2
216,태백,2017-08-12,932.4
216,태백,2017-08-13,932.3
216,태백,2017-08-14,928.8
216,태백,2017-08-15,926.3
216,태백,2017-08-16,927.8
216,태백,2017-08-17,929.6
216,태백,2017-08-18,931.9
216,태백,2017-08-19,933.7
216,태백,2017-08-20,931.8
216,태백,2017-08-21,929.2
216,태백,2017-08-22,932.2
216,태백,2017-08-23,932.5
216,태백,2017-08-24,926.6
216,태백,2017-08-25,928.4
216,태백,2017-08-26,932.8
216,태백,2017-08-27,935.2
216,태백,2017-08-28,930.9
216,태백,2017-08-29,931.6
216,태백,2017-08-30,931.9
216,태백,2017-08-31,931.8
216,태백,2017-09-01,933
216,태백,2017-09-02,933.2
216,태백,2017-09-03,935
216,태백,2017-09-04,935.7
216,태백,2017-09-05,931.9
216,태백,2017-09-06,927.6
216,태백,2017-09-07,926.9
216,태백,2017-09-08,930.9
216,태백,2017-09-09,932.8
216,태백,2017-09-10,934.2
216,태백,2017-09-11,927.6
216,태백,2017-09-12,932.1
216,태백,2017-09-13,937
216,태백,2017-09-14,939
216,태백,2017-09-15,939.4
216,태백,2017-09-16,934.7
216,태백,2017-09-17,927.5
216,태백,2017-09-18,927.2
216,태백,2017-09-19,928.8
216,태백,2017-09-20,929.7
216,태백,2017-09-21,933.3
216,태백,2017-09-22,932.3
216,태백,2017-09-23,934.3
216,태백,2017-09-24,934.6
216,태백,2017-09-25,934.9
216,태백,2017-09-26,932.6
216,태백,2017-09-27,927.8
216,태백,2017-09-28,928.1
216,태백,2017-09-29,934.3
216,태백,2017-09-30,939.6
216,태백,2017-10-01,936.5
216,태백,2017-10-02,930.8
216,태백,2017-10-03,936.8
216,태백,2017-10-04,941.4
216,태백,2017-10-05,942
216,태백,2017-10-06,937.8
216,태백,2017-10-07,938.9
216,태백,2017-10-08,941.3
216,태백,2017-10-09,940
216,태백,2017-10-10,937.6
216,태백,2017-10-11,934.6
216,태백,2017-10-12,936.6
216,태백,2017-10-13,937.4
216,태백,2017-10-14,941.7
216,태백,2017-10-15,944.9
216,태백,2017-10-16,943.4
216,태백,2017-10-17,942.4
216,태백,2017-10-18,941.3
216,태백,2017-10-19,937.3
216,태백,2017-10-20,936.9
216,태백,2017-10-21,936.2
216,태백,2017-10-22,931.7
216,태백,2017-10-23,934.8
216,태백,2017-10-24,940.6
216,태백,2017-10-25,940.5
216,태백,2017-10-26,938
216,태백,2017-10-27,938
216,태백,2017-10-28,938.3
216,태백,2017-10-29,931.3
216,태백,2017-10-30,938.1
216,태백,2017-10-31,938.9
216,태백,2017-11-01,936.6
216,태백,2017-11-02,935
216,태백,2017-11-03,934.6
216,태백,2017-11-04,941.2
216,태백,2017-11-05,941.7
216,태백,2017-11-06,938.7
216,태백,2017-11-07,936.7
216,태백,2017-11-08,934.5
216,태백,2017-11-09,939.5
216,태백,2017-11-10,930
216,태백,2017-11-11,934.2
216,태백,2017-11-12,935.5
216,태백,2017-11-13,932.1
216,태백,2017-11-14,931.7
216,태백,2017-11-15,932.6
216,태백,2017-11-16,936.7
216,태백,2017-11-17,933.4
216,태백,2017-11-18,932.1
216,태백,2017-11-19,936.4
216,태백,2017-11-20,937.2
216,태백,2017-11-21,938.4
216,태백,2017-11-22,931.3
216,태백,2017-11-23,932
216,태백,2017-11-24,935.3
216,태백,2017-11-25,937.6
216,태백,2017-11-26,938.2
216,태백,2017-11-27,940.2
216,태백,2017-11-28,936
216,태백,2017-11-29,936.7
216,태백,2017-11-30,936.9
216,태백,2017-12-01,940.1
216,태백,2017-12-02,940.2
216,태백,2017-12-03,936.8
216,태백,2017-12-04,932
216,태백,2017-12-05,931.2
216,태백,2017-12-06,935
216,태백,2017-12-07,933.6
216,태백,2017-12-08,932.8
216,태백,2017-12-09,932.1
216,태백,2017-12-10,926.6
216,태백,2017-12-11,929.5
216,태백,2017-12-12,936.1
216,태백,2017-12-13,939.1
216,태백,2017-12-14,942.2
216,태백,2017-12-15,936.9
216,태백,2017-12-16,934.3
216,태백,2017-12-17,938
216,태백,2017-12-18,937.4
216,태백,2017-12-19,939.6
216,태백,2017-12-20,941.7
216,태백,2017-12-21,940.8
216,태백,2017-12-22,938.5
216,태백,2017-12-23,936.6
216,태백,2017-12-24,926.5
216,태백,2017-12-25,931.6
216,태백,2017-12-26,932.6
216,태백,2017-12-27,936.7
216,태백,2017-12-28,939.1
216,태백,2017-12-29,938.6
216,태백,2017-12-30,937.7
216,태백,2017-12-31,932.8
216,태백,2018-01-01,937.6
216,태백,2018-01-02,937.8
216,태백,2018-01-03,939.4
216,태백,2018-01-04,937.6
216,태백,2018-01-05,931.2
216,태백,2018-01-06,933.7
216,태백,2018-01-07,934.5
216,태백,2018-01-08,923.4
216,태백,2018-01-09,921.6
216,태백,2018-01-10,926.4
216,태백,2018-01-11,932.6
216,태백,2018-01-12,937.5
216,태백,2018-01-13,942
216,태백,2018-01-14,940.8
216,태백,2018-01-15,935.9
216,태백,2018-01-16,932.1
216,태백,2018-01-17,931.4
216,태백,2018-01-18,934.6
216,태백,2018-01-19,935.3
216,태백,2018-01-20,934.9
216,태백,2018-01-21,935.6
216,태백,2018-01-22,928.2
216,태백,2018-01-23,928.3
216,태백,2018-01-24,932.5
216,태백,2018-01-25,933.8
216,태백,2018-01-26,934.1
216,태백,2018-01-27,936.2
216,태백,2018-01-28,930.1
216,태백,2018-01-29,930.5
216,태백,2018-01-30,934.7
216,태백,2018-01-31,937.5
216,태백,2018-02-01,939.3
216,태백,2018-02-02,938.5
216,태백,2018-02-03,934.5
216,태백,2018-02-04,934
216,태백,2018-02-05,932.5
216,태백,2018-02-06,931.9
216,태백,2018-02-07,934.4
216,태백,2018-02-08,935.1
216,태백,2018-02-09,934.6
216,태백,2018-02-10,930.8
216,태백,2018-02-11,930.2
216,태백,2018-02-12,929
216,태백,2018-02-13,932.4
216,태백,2018-02-14,929.4
216,태백,2018-02-15,932.8
216,태백,2018-02-16,928.8
216,태백,2018-02-17,933.3
216,태백,2018-02-18,936.9
216,태백,2018-02-19,935.8
216,태백,2018-02-20,934.4
216,태백,2018-02-21,934.7
216,태백,2018-02-22,934
216,태백,2018-02-23,934.1
216,태백,2018-02-24,940
216,태백,2018-02-25,937.5
216,태백,2018-02-26,937.9
216,태백,2018-02-27,936.8
216,태백,2018-02-28,927
216,태백,2018-03-01,919.9
216,태백,2018-03-02,929.2
216,태백,2018-03-03,929.3
216,태백,2018-03-04,931.1
216,태백,2018-03-05,934.2
216,태백,2018-03-06,943.2
216,태백,2018-03-07,942.6
216,태백,2018-03-08,932.9
216,태백,2018-03-09,936.9
216,태백,2018-03-10,936.2
216,태백,2018-03-11,937.9
216,태백,2018-03-12,936.6
216,태백,2018-03-13,933.6
216,태백,2018-03-14,935.5
216,태백,2018-03-15,931.3
216,태백,2018-03-16,940.6
216,태백,2018-03-17,940.8
216,태백,2018-03-18,935.9
216,태백,2018-03-19,935.3
216,태백,2018-03-20,940.3
216,태백,2018-03-21,931.1
216,태백,2018-03-22,927.9
216,태백,2018-03-23,932.7
216,태백,2018-03-24,935.5
216,태백,2018-03-25,938
216,태백,2018-03-26,936.1
216,태백,2018-03-27,933.4
216,태백,2018-03-28,932.2
216,태백,2018-03-29,937
216,태백,2018-03-30,940.7
216,태백,2018-03-31,935.5
216,태백,2018-04-01,933.3
216,태백,2018-04-02,932.9
216,태백,2018-04-03,934.2
216,태백,2018-04-04,936.7
216,태백,2018-04-05,934
216,태백,2018-04-06,924.4
216,태백,2018-04-07,925.5
216,태백,2018-04-08,928.9
216,태백,2018-04-09,932.6
216,태백,2018-04-10,928.7
216,태백,2018-04-11,925.7
216,태백,2018-04-12,932.7
216,태백,2018-04-13,940.3
216,태백,2018-04-14,925.6
216,태백,2018-04-15,926.7
216,태백,2018-04-16,935.5
216,태백,2018-04-17,935.6
216,태백,2018-04-18,932.8
216,태백,2018-04-19,933
216,태백,2018-04-20,937.2
216,태백,2018-04-21,935.7
216,태백,2018-04-22,938.4
216,태백,2018-04-23,936.5
216,태백,2018-04-24,930
216,태백,2018-04-25,930.9
216,태백,2018-04-26,930.3
216,태백,2018-04-27,931.3
216,태백,2018-04-28,932.3
216,태백,2018-04-29,929.5
216,태백,2018-04-30,932.1
216,태백,2018-05-01,932.7
216,태백,2018-05-02,923.4
216,태백,2018-05-03,922.5
216,태백,2018-05-04,926.9
216,태백,2018-05-05,931.5
216,태백,2018-05-06,927.1
216,태백,2018-05-07,926.7
216,태백,2018-05-08,934.2
216,태백,2018-05-09,938.8
216,태백,2018-05-10,938
216,태백,2018-05-11,934.4
216,태백,2018-05-12,928.7
216,태백,2018-05-13,925.3
216,태백,2018-05-14,929.4
216,태백,2018-05-15,929.6
216,태백,2018-05-16,926.3
216,태백,2018-05-17,925
216,태백,2018-05-18,926.1
216,태백,2018-05-19,935.8
216,태백,2018-05-20,939.3
216,태백,2018-05-21,937.2
216,태백,2018-05-22,931.2
216,태백,2018-05-23,925.2
216,태백,2018-05-24,927.1
216,태백,2018-05-25,926.6
216,태백,2018-05-26,928.7
216,태백,2018-05-27,929.2
216,태백,2018-05-28,929.7
216,태백,2018-05-29,930.4
216,태백,2018-05-30,928.9
216,태백,2018-05-31,929.9
216,태백,2018-06-01,934
216,태백,2018-06-02,933.8
216,태백,2018-06-03,932.5
216,태백,2018-06-04,932
216,태백,2018-06-05,931.4
216,태백,2018-06-06,931
216,태백,2018-06-07,930.4
216,태백,2018-06-08,928
216,태백,2018-06-09,929.6
216,태백,2018-06-10,926.3
216,태백,2018-06-11,921.6
216,태백,2018-06-12,923
216,태백,2018-06-13,927.4
216,태백,2018-06-14,929.4
216,태백,2018-06-15,932.1
216,태백,2018-06-16,932.2
216,태백,2018-06-17,930.1
216,태백,2018-06-18,927.3
216,태백,2018-06-19,924.6
216,태백,2018-06-20,922.7
216,태백,2018-06-21,925.7
216,태백,2018-06-22,928.4
216,태백,2018-06-23,924.2
216,태백,2018-06-24,927.4
216,태백,2018-06-25,931.1
216,태백,2018-06-26,925.4
216,태백,2018-06-27,921.9
216,태백,2018-06-28,920.7
216,태백,2018-06-29,924
216,태백,2018-06-30,930.9
216,태백,2018-07-01,931.2
216,태백,2018-07-02,929
216,태백,2018-07-03,922.7
216,태백,2018-07-04,919.5
216,태백,2018-07-05,925.7
216,태백,2018-07-06,930.2
216,태백,2018-07-07,932.3
216,태백,2018-07-08,934
216,태백,2018-07-09,936.3
216,태백,2018-07-10,935.8
216,태백,2018-07-11,936.1
216,태백,2018-07-12,933.5
216,태백,2018-07-13,932.5
216,태백,2018-07-14,931.6
216,태백,2018-07-15,932.7
216,태백,2018-07-16,932.8
216,태백,2018-07-17,932.3
216,태백,2018-07-18,932.3
216,태백,2018-07-19,931.7
216,태백,2018-07-20,930.7
216,태백,2018-07-21,930.5
216,태백,2018-07-22,930.4
216,태백,2018-07-23,930.6
216,태백,2018-07-24,929.6
216,태백,2018-07-25,929.1
216,태백,2018-07-26,929
216,태백,2018-07-27,929.2
216,태백,2018-07-28,928.8
216,태백,2018-07-29,926.3
216,태백,2018-07-30,927.7
216,태백,2018-07-31,927.6
216,태백,2018-08-01,927
216,태백,2018-08-02,929
216,태백,2018-08-03,929.8
216,태백,2018-08-04,928.8
216,태백,2018-08-05,928.3
216,태백,2018-08-06,929.4
216,태백,2018-08-07,929.8
216,태백,2018-08-08,928.8
216,태백,2018-08-09,926.6
216,태백,2018-08-10,926.5
216,태백,2018-08-11,928.6
216,태백,2018-08-12,930.2
216,태백,2018-08-13,932.2
216,태백,2018-08-14,932.5
216,태백,2018-08-15,930.5
216,태백,2018-08-16,932.6
216,태백,2018-08-17,934.6
216,태백,2018-08-18,932
216,태백,2018-08-19,931.3
216,태백,2018-08-20,928.2
216,태백,2018-08-21,925.2
216,태백,2018-08-22,928.6
216,태백,2018-08-23,924.7
216,태백,2018-08-24,917.8
216,태백,2018-08-25,929.2
216,태백,2018-08-26,932.4
216,태백,2018-08-27,932
216,태백,2018-08-28,933.1
216,태백,2018-08-29,930.7
216,태백,2018-08-30,929.7
216,태백,2018-08-31,930.5
216,태백,2018-09-01,933.4
216,태백,2018-09-02,931
216,태백,2018-09-03,923.6
216,태백,2018-09-04,917.6
216,태백,2018-09-05,922
216,태백,2018-09-06,925.2
216,태백,2018-09-07,925.1
216,태백,2018-09-08,932.7
216,태백,2018-09-09,936.5
216,태백,2018-09-10,940.6
216,태백,2018-09-11,940.8
216,태백,2018-09-12,938.5
216,태백,2018-09-13,937.6
216,태백,2018-09-14,936.7
216,태백,2018-09-15,934.4
216,태백,2018-09-16,934.1
216,태백,2018-09-17,935.8
216,태백,2018-09-18,935.7
216,태백,2018-09-19,933.8
216,태백,2018-09-20,931.5
216,태백,2018-09-21,930
216,태백,2018-09-22,933.1
216,태백,2018-09-23,934.3
216,태백,2018-09-24,936
216,태백,2018-09-25,938.2
216,태백,2018-09-26,939
216,태백,2018-09-27,937.7
216,태백,2018-09-28,937.8
216,태백,2018-09-29,933.8
216,태백,2018-09-30,923.5
216,태백,2018-10-01,924.2
216,태백,2018-10-02,934.2
216,태백,2018-10-03,939.6
216,태백,2018-10-04,943.2
216,태백,2018-10-05,938.5
216,태백,2018-10-06,925.2
216,태백,2018-10-07,933.5
216,태백,2018-10-08,936
216,태백,2018-10-09,934.9
216,태백,2018-10-10,931.7
216,태백,2018-10-11,936.5
216,태백,2018-10-12,941.2
216,태백,2018-10-13,941.9
216,태백,2018-10-14,938.8
216,태백,2018-10-15,936.5
216,태백,2018-10-16,934
216,태백,2018-10-17,933.2
216,태백,2018-10-18,936.1
216,태백,2018-10-19,940.9
216,태백,2018-10-20,941.9
216,태백,2018-10-21,940.2
216,태백,2018-10-22,937.2
216,태백,2018-10-23,933.8
216,태백,2018-10-24,936.6
216,태백,2018-10-25,937.8
216,태백,2018-10-26,928.7
216,태백,2018-10-27,927.5
216,태백,2018-10-28,925.7
216,태백,2018-10-29,928.4
216,태백,2018-10-30,934.4
216,태백,2018-10-31,936.9
216,태백,2018-11-01,940.8
216,태백,2018-11-02,943.3
216,태백,2018-11-03,940.9
216,태백,2018-11-04,938.3
216,태백,2018-11-05,939.9
216,태백,2018-11-06,941.7
216,태백,2018-11-07,941.6
216,태백,2018-11-08,932
216,태백,2018-11-09,931.4
216,태백,2018-11-10,939.2
216,태백,2018-11-11,937.5
216,태백,2018-11-12,935.2
216,태백,2018-11-13,935.9
216,태백,2018-11-14,939.3
216,태백,2018-11-15,940.2
216,태백,2018-11-16,936.6
216,태백,2018-11-17,937
216,태백,2018-11-18,935.2
216,태백,2018-11-19,936.6
216,태백,2018-11-20,938.5
216,태백,2018-11-21,937.5
216,태백,2018-11-22,937.2
216,태백,2018-11-23,940.6
216,태백,2018-11-24,938.4
216,태백,2018-11-25,938.1
216,태백,2018-11-26,939
216,태백,2018-11-27,936.4
216,태백,2018-11-28,937.9
216,태백,2018-11-29,939.7
216,태백,2018-11-30,939.2
216,태백,2018-12-01,941.3
216,태백,2018-12-02,940.1
216,태백,2018-12-03,934.2
216,태백,2018-12-04,932.4
216,태백,2018-12-05,939.2
216,태백,2018-12-06,934.5
216,태백,2018-12-07,937.9
216,태백,2018-12-08,939.9
216,태백,2018-12-09,943.7
216,태백,2018-12-10,945.3
216,태백,2018-12-11,940.4
216,태백,2018-12-12,939.1
216,태백,2018-12-13,939
216,태백,2018-12-14,944.2
216,태백,2018-12-15,942.6
216,태백,2018-12-16,932.8
216,태백,2018-12-17,929.6
216,태백,2018-12-18,932.9
216,태백,2018-12-19,933.6
216,태백,2018-12-20,937.6
216,태백,2018-12-21,937.6
216,태백,2018-12-22,937.4
216,태백,2018-12-23,935.5
216,태백,2018-12-24,937.6
216,태백,2018-12-25,935.9
216,태백,2018-12-26,935
216,태백,2018-12-27,934.7
216,태백,2018-12-28,937.6
216,태백,2018-12-29,941.1
216,태백,2018-12-30,945.7
216,태백,2018-12-31,946.2
216,태백,2019-01-01,941.4
216,태백,2019-01-02,942.3
216,태백,2019-01-03,944.1
216,태백,2019-01-04,940.5
216,태백,2019-01-05,937.4
216,태백,2019-01-06,939
216,태백,2019-01-07,938
216,태백,2019-01-08,936.7
216,태백,2019-01-09,942
216,태백,2019-01-10,935.7
216,태백,2019-01-11,938.1
216,태백,2019-01-12,935.9
216,태백,2019-01-13,938
216,태백,2019-01-14,937.6
216,태백,2019-01-15,932.9
216,태백,2019-01-16,934.6
216,태백,2019-01-17,933.8
216,태백,2019-01-18,938.5
216,태백,2019-01-19,935.3
216,태백,2019-01-20,930.9
216,태백,2019-01-21,931.2
216,태백,2019-01-22,931.1
216,태백,2019-01-23,931.7
216,태백,2019-01-24,936
216,태백,2019-01-25,933.9
216,태백,2019-01-26,937
216,태백,2019-01-27,936.8
216,태백,2019-01-28,932.5
216,태백,2019-01-29,939
216,태백,2019-01-30,936.3
216,태백,2019-01-31,931.7
216,태백,2019-02-01,932.9
216,태백,2019-02-02,934.4
216,태백,2019-02-03,926.5
216,태백,2019-02-04,935.7
216,태백,2019-02-05,934.9
216,태백,2019-02-06,930.6
216,태백,2019-02-07,931.2
216,태백,2019-02-08,935.4
216,태백,2019-02-09,936.1
216,태백,2019-02-10,940.3
216,태백,2019-02-11,940.3
216,태백,2019-02-12,943.8
216,태백,2019-02-13,942.5
216,태백,2019-02-14,943
216,태백,2019-02-15,934.1
216,태백,2019-02-16,933.5
216,태백,2019-02-17,935.5
216,태백,2019-02-18,937.4
216,태백,2019-02-19,931.5
216,태백,2019-02-20,936.3
216,태백,2019-02-21,938.8
216,태백,2019-02-22,935.3
216,태백,2019-02-23,938.5
216,태백,2019-02-24,936
216,태백,2019-02-25,934.8
216,태백,2019-02-26,937.6
216,태백,2019-02-27,936.2
216,태백,2019-02-28,932.8
216,태백,2019-03-01,935.4
216,태백,2019-03-02,934.6
216,태백,2019-03-03,929.2
216,태백,2019-03-04,929.6
216,태백,2019-03-05,934.5
216,태백,2019-03-06,930.8
216,태백,2019-03-07,933.5
216,태백,2019-03-08,938.2
216,태백,2019-03-09,935.8
216,태백,2019-03-10,929.9
216,태백,2019-03-11,923.5
216,태백,2019-03-12,923.8
216,태백,2019-03-13,931
216,태백,2019-03-14,935.9
216,태백,2019-03-15,931.5
216,태백,2019-03-16,933.4
216,태백,2019-03-17,936.1
216,태백,2019-03-18,933.5
216,태백,2019-03-19,932.2
216,태백,2019-03-20,928.3
216,태백,2019-03-21,920.7
216,태백,2019-03-22,931.5
216,태백,2019-03-23,933.1
216,태백,2019-03-24,933.1
216,태백,2019-03-25,931.5
216,태백,2019-03-26,932
216,태백,2019-03-27,928.4
216,태백,2019-03-28,929.5
216,태백,2019-03-29,929.2
216,태백,2019-03-30,925.8
216,태백,2019-03-31,930.9
216,태백,2019-04-01,934.7
216,태백,2019-04-02,936
216,태백,2019-04-03,936
216,태백,2019-04-04,931.1
216,태백,2019-04-05,924.3
216,태백,2019-04-06,928
216,태백,2019-04-07,926.8
216,태백,2019-04-08,930.6
216,태백,2019-04-09,934.8
216,태백,2019-04-10,928.3
216,태백,2019-04-11,930.8
216,태백,2019-04-12,933.5
216,태백,2019-04-13,935
216,태백,2019-04-14,929.5
216,태백,2019-04-15,933.2
216,태백,2019-04-16,933.5
216,태백,2019-04-17,929.4
216,태백,2019-04-18,928.1
216,태백,2019-04-19,934.7
216,태백,2019-04-20,930.9
216,태백,2019-04-21,930.2
216,태백,2019-04-22,934.3
216,태백,2019-04-23,931.7
216,태백,2019-04-24,925.8
216,태백,2019-04-25,927.8
216,태백,2019-04-26,929.4
216,태백,2019-04-27,936.7
216,태백,2019-04-28,936.6
216,태백,2019-04-29,931.7
216,태백,2019-04-30,926.4
216,태백,2019-05-01,923.5
216,태백,2019-05-02,928.5
216,태백,2019-05-03,934.2
216,태백,2019-05-04,935.9
216,태백,2019-05-05,933.4
216,태백,2019-05-06,932.8
216,태백,2019-05-07,932.1
216,태백,2019-05-08,928.7
216,태백,2019-05-09,927.4
216,태백,2019-05-10,931.2
216,태백,2019-05-11,932.7
216,태백,2019-05-12,935.7
216,태백,2019-05-13,933
216,태백,2019-05-14,931.3
216,태백,2019-05-15,932
216,태백,2019-05-16,931.5
216,태백,2019-05-17,932.8
216,태백,2019-05-18,933
216,태백,2019-05-19,929.5
216,태백,2019-05-20,921.8
216,태백,2019-05-21,923
216,태백,2019-05-22,924.2
216,태백,2019-05-23,927.6
216,태백,2019-05-24,931
216,태백,2019-05-25,933.9
216,태백,2019-05-26,933.8
216,태백,2019-05-27,923.8
216,태백,2019-05-28,927.3
216,태백,2019-05-29,927.7
216,태백,2019-05-30,929.3
216,태백,2019-05-31,927.6
216,태백,2019-06-01,928.2
216,태백,2019-06-02,926.4
216,태백,2019-06-03,927.6
216,태백,2019-06-04,928.2
216,태백,2019-06-05,930.9
216,태백,2019-06-06,930.7
216,태백,2019-06-07,923.7
216,태백,2019-06-08,928
216,태백,2019-06-09,926.5
216,태백,2019-06-10,927
216,태백,2019-06-11,928.5
216,태백,2019-06-12,929.7
216,태백,2019-06-13,929.4
216,태백,2019-06-14,925.4
216,태백,2019-06-15,920.2
216,태백,2019-06-16,926.7
216,태백,2019-06-17,930.3
216,태백,2019-06-18,929.1
216,태백,2019-06-19,926.5
216,태백,2019-06-20,926
216,태백,2019-06-21,926.2
216,태백,2019-06-22,927.5
216,태백,2019-06-23,928.8
216,태백,2019-06-24,932.2
216,태백,2019-06-25,934.5
216,태백,2019-06-26,929.9
216,태백,2019-06-27,922.1
216,태백,2019-06-28,923.3
216,태백,2019-06-29,919.2
216,태백,2019-06-30,920.8
216,태백,2019-07-01,925.1
216,태백,2019-07-02,928.3
216,태백,2019-07-03,928.2
216,태백,2019-07-04,926.7
216,태백,2019-07-05,925.4
216,태백,2019-07-06,927.4
216,태백,2019-07-07,929.5
216,태백,2019-07-08,928.7
216,태백,2019-07-09,928.4
216,태백,2019-07-10,928.5
216,태백,2019-07-11,924.3
216,태백,2019-07-12,925.7
216,태백,2019-07-13,922.8
216,태백,2019-07-14,924.3
216,태백,2019-07-15,928.6
216,태백,2019-07-16,931.9
216,태백,2019-07-17,932.1
216,태백,2019-07-18,930.1
216,태백,2019-07-19,929.2
216,태백,2019-07-20,925.7
216,태백,2019-07-21,922.4
216,태백,2019-07-22,926.4
216,태백,2019-07-23,926.5
216,태백,2019-07-24,926
216,태백,2019-07-25,926.7
216,태백,2019-07-26,925.7
216,태백,2019-07-27,927.9
216,태백,2019-07-28,930
216,태백,2019-07-29,930.7
216,태백,2019-07-30,928.9
216,태백,2019-07-31,930.4
216,태백,2019-08-01,932.4
216,태백,2019-08-02,933.1
216,태백,2019-08-03,933.4
216,태백,2019-08-04,932.6
216,태백,2019-08-05,932.4
216,태백,2019-08-06,929.9
216,태백,2019-08-07,925.6
216,태백,2019-08-08,929.8
216,태백,2019-08-09,929.4
216,태백,2019-08-10,929.9
216,태백,2019-08-11,927.4
216,태백,2019-08-12,924.5
216,태백,2019-08-13,926.2
216,태백,2019-08-14,924
216,태백,2019-08-15,914.3
216,태백,2019-08-16,916.5
216,태백,2019-08-17,922.6
216,태백,2019-08-18,927.6
216,태백,2019-08-19,931.3
216,태백,2019-08-20,932.3
216,태백,2019-08-21,929.8
216,태백,2019-08-22,927.1
216,태백,2019-08-23,928.4
216,태백,2019-08-24,930.6
216,태백,2019-08-25,932.9
216,태백,2019-08-26,933
216,태백,2019-08-27,928.8
216,태백,2019-08-28,927.2
216,태백,2019-08-29,926.7
216,태백,2019-08-30,927.8
216,태백,2019-08-31,932.8
216,태백,2019-09-01,936.8
216,태백,2019-09-02,936.8
216,태백,2019-09-03,936.4
216,태백,2019-09-04,934.5
216,태백,2019-09-05,933.3
216,태백,2019-09-06,931.7
216,태백,2019-09-07,923.8
216,태백,2019-09-08,928.6
216,태백,2019-09-09,931.7
216,태백,2019-09-10,933.6
216,태백,2019-09-11,936.5
216,태백,2019-09-12,937.8
216,태백,2019-09-13,934.5
216,태백,2019-09-14,931.4
216,태백,2019-09-15,931.8
216,태백,2019-09-16,931.8
216,태백,2019-09-17,935
216,태백,2019-09-18,935
216,태백,2019-09-19,936.8
216,태백,2019-09-20,937.5
216,태백,2019-09-21,939.2
216,태백,2019-09-22,933.7
216,태백,2019-09-23,932.5
216,태백,2019-09-24,936.8
216,태백,2019-09-25,941
216,태백,2019-09-26,943.6
216,태백,2019-09-27,942.1
216,태백,2019-09-28,937.6
216,태백,2019-09-29,935.6
216,태백,2019-09-30,936.8
216,태백,2019-10-01,938.5
216,태백,2019-10-02,933.6
216,태백,2019-10-03,923.8
216,태백,2019-10-04,932.3
216,태백,2019-10-05,935.2
216,태백,2019-10-06,941.7
216,태백,2019-10-07,935.4
216,태백,2019-10-08,933.8
216,태백,2019-10-09,935.8
216,태백,2019-10-10,933.6
216,태백,2019-10-11,934.4
216,태백,2019-10-12,936.4
216,태백,2019-10-13,940.7
216,태백,2019-10-14,941.3
216,태백,2019-10-15,945.2
216,태백,2019-10-16,942.3
216,태백,2019-10-17,942.6
216,태백,2019-10-18,940.8
216,태백,2019-10-19,938.1
216,태백,2019-10-20,939
216,태백,2019-10-21,937.2
216,태백,2019-10-22,936.6
216,태백,2019-10-23,937.8
216,태백,2019-10-24,937.7
216,태백,2019-10-25,934.6
216,태백,2019-10-26,933
216,태백,2019-10-27,934.4
216,태백,2019-10-28,932.4
216,태백,2019-10-29,931.2
216,태백,2019-10-30,936.2
216,태백,2019-10-31,936.2
216,태백,2019-11-01,938.3
216,태백,2019-11-02,937.1
216,태백,2019-11-03,937.4
216,태백,2019-11-04,938.7
216,태백,2019-11-05,934.8
216,태백,2019-11-06,932.7
216,태백,2019-11-07,932.4
216,태백,2019-11-08,935.3
216,태백,2019-11-09,936.5
216,태백,2019-11-10,929.1
216,태백,2019-11-11,925.9
216,태백,2019-11-12,936.5
216,태백,2019-11-13,931.5
216,태백,2019-11-14,934.9
216,태백,2019-11-15,933.7
216,태백,2019-11-16,936.1
216,태백,2019-11-17,936
216,태백,2019-11-18,929.1
216,태백,2019-11-19,935.4
216,태백,2019-11-20,942.6
216,태백,2019-11-21,945.8
216,태백,2019-11-22,944.1
216,태백,2019-11-23,940.7
216,태백,2019-11-24,935
216,태백,2019-11-25,942.6
216,태백,2019-11-26,943.6
216,태백,2019-11-27,940.3
216,태백,2019-11-28,943.1
216,태백,2019-11-29,943.5
216,태백,2019-11-30,942.3
216,태백,2019-12-01,935.3
216,태백,2019-12-02,931.1
216,태백,2019-12-03,936.2
216,태백,2019-12-04,940.1
216,태백,2019-12-05,943.4
216,태백,2019-12-06,943.8
216,태백,2019-12-07,940.1
216,태백,2019-12-08,940.1
216,태백,2019-12-09,937.2
216,태백,2019-12-10,934.7
216,태백,2019-12-11,929.7
216,태백,2019-12-12,938.7
216,태백,2019-12-13,938.9
216,태백,2019-12-14,940.1
216,태백,2019-12-15,943.6
216,태백,2019-12-16,938.1
216,태백,2019-12-17,930.3
216,태백,2019-12-18,935.4
216,태백,2019-12-19,935.8
216,태백,2019-12-20,939.5
216,태백,2019-12-21,939
216,태백,2019-12-22,934.9
216,태백,2019-12-23,934.5
216,태백,2019-12-24,939.9
216,태백,2019-12-25,936.6
216,태백,2019-12-26,929
216,태백,2019-12-27,934.9
216,태백,2019-12-28,941
216,태백,2019-12-29,940.3
216,태백,2019-12-30,934.4
216,태백,2019-12-31,939.8
216,태백,2020-01-01,941
216,태백,2020-01-02,939.8
216,태백,2020-01-03,937.1
216,태백,2020-01-04,937.1
216,태백,2020-01-05,943.1
216,태백,2020-01-06,940.7
216,태백,2020-01-07,928.4
216,태백,2020-01-08,925.5
216,태백,2020-01-09,934.1
216,태백,2020-01-10,935
216,태백,2020-01-11,931.8
216,태백,2020-01-12,928.7
216,태백,2020-01-13,932.6
216,태백,2020-01-14,936.3
216,태백,2020-01-15,938.5
216,태백,2020-01-16,937.6
216,태백,2020-01-17,935.4
216,태백,2020-01-18,933.3
216,태백,2020-01-19,930.7
216,태백,2020-01-20,933.2
216,태백,2020-01-21,941
216,태백,2020-01-22,938.8
216,태백,2020-01-23,937.4
216,태백,2020-01-24,943.7
216,태백,2020-01-25,943.4
216,태백,2020-01-26,942.3
216,태백,2020-01-27,935.8
216,태백,2020-01-28,932.8
216,태백,2020-01-29,930.7
216,태백,2020-01-30,929.4
216,태백,2020-01-31,932.8
216,태백,2020-02-01,936.1
216,태백,2020-02-02,937
216,태백,2020-02-03,936.7
216,태백,2020-02-04,936.7
216,태백,2020-02-05,938.3
216,태백,2020-02-06,943.2
216,태백,2020-02-07,938.4
216,태백,2020-02-08,937.3
216,태백,2020-02-09,935.9
216,태백,2020-02-10,936.6
216,태백,2020-02-11,941.4
216,태백,2020-02-12,932.9
216,태백,2020-02-13,932.7
216,태백,2020-02-14,936.1
216,태백,2020-02-15,934.9
216,태백,2020-02-16,923.1
216,태백,2020-02-17,925.9
216,태백,2020-02-18,935.8
216,태백,2020-02-19,941.2
216,태백,2020-02-20,946.2
216,태백,2020-02-21,943.7
216,태백,2020-02-22,935.1
216,태백,2020-02-23,939.6
216,태백,2020-02-24,937.5
216,태백,2020-02-25,934.8
216,태백,2020-02-26,938
216,태백,2020-02-27,942.1
216,태백,2020-02-28,936.7
216,태백,2020-02-29,932.8
216,태백,2020-03-01,932.8
216,태백,2020-03-02,935.2
216,태백,2020-03-03,938.2
216,태백,2020-03-04,932.1
216,태백,2020-03-05,936
216,태백,2020-03-06,935.4
216,태백,2020-03-07,933.3
216,태백,2020-03-08,934.5
216,태백,2020-03-09,930.7
216,태백,2020-03-10,921.7
216,태백,2020-03-11,929.3
216,태백,2020-03-12,934.6
216,태백,2020-03-13,933.4
216,태백,2020-03-14,927.7
216,태백,2020-03-15,924.1
216,태백,2020-03-16,933.4
216,태백,2020-03-17,929.2
216,태백,2020-03-18,929.2
216,태백,2020-03-19,920.3
216,태백,2020-03-20,927.4
216,태백,2020-03-21,927.2
216,태백,2020-03-22,929.2
216,태백,2020-03-23,932.6
216,태백,2020-03-24,936.2
216,태백,2020-03-25,936.4
216,태백,2020-03-26,932.9
216,태백,2020-03-27,929.3
216,태백,2020-03-28,935.4
216,태백,2020-03-29,937.2
216,태백,2020-03-30,936
216,태백,2020-03-31,933.3
216,태백,2020-04-01,930.2
216,태백,2020-04-02,935.7
216,태백,2020-04-03,934.6
216,태백,2020-04-04,932.9
216,태백,2020-04-05,935.5
216,태백,2020-04-06,934.4
216,태백,2020-04-07,930.3
216,태백,2020-04-08,932.1
216,태백,2020-04-09,936.7
216,태백,2020-04-10,940
216,태백,2020-04-11,934.4
216,태백,2020-04-12,930.3
216,태백,2020-04-13,929.2
216,태백,2020-04-14,931.8
216,태백,2020-04-15,931.8
216,태백,2020-04-16,936
216,태백,2020-04-17,930.7
216,태백,2020-04-18,932
216,태백,2020-04-19,932.4
216,태백,2020-04-20,925.1
216,태백,2020-04-21,926.6
216,태백,2020-04-22,927.7
216,태백,2020-04-23,928.8
216,태백,2020-04-24,928.1
216,태백,2020-04-25,925.3
216,태백,2020-04-26,932.9
216,태백,2020-04-27,935.2
216,태백,2020-04-28,934.8
216,태백,2020-04-29,935.1
216,태백,2020-04-30,932.2
216,태백,2020-05-01,930.3
216,태백,2020-05-02,929.5
216,태백,2020-05-03,926.1
216,태백,2020-05-04,927.4
216,태백,2020-05-05,930
216,태백,2020-05-06,933.4
216,태백,2020-05-07,937.3
216,태백,2020-05-08,933.3
216,태백,2020-05-09,925.2
216,태백,2020-05-10,923.2
216,태백,2020-05-11,924.1
216,태백,2020-05-12,921.4
216,태백,2020-05-13,931.3
216,태백,2020-05-14,934.3
216,태백,2020-05-15,929.5
216,태백,2020-05-16,925.2
216,태백,2020-05-17,924.5
216,태백,2020-05-18,921.2
216,태백,2020-05-19,916.9
216,태백,2020-05-20,928.5
216,태백,2020-05-21,933
216,태백,2020-05-22,932.4
216,태백,2020-05-23,930.1
216,태백,2020-05-24,927.3
216,태백,2020-05-25,929.2
216,태백,2020-05-26,926.8
216,태백,2020-05-27,926.6
216,태백,2020-05-28,928.1
216,태백,2020-05-29,934
216,태백,2020-05-30,935.8
216,태백,2020-05-31,930.6
216,태백,2020-06-01,927
216,태백,2020-06-02,926.3
216,태백,2020-06-03,922.9
216,태백,2020-06-04,923.8
216,태백,2020-06-05,927.1
216,태백,2020-06-06,930.1
216,태백,2020-06-07,931.3
216,태백,2020-06-08,933.8
216,태백,2020-06-09,934
216,태백,2020-06-10,929.5
216,태백,2020-06-11,924.3
216,태백,2020-06-12,926
216,태백,2020-06-13,925.5
216,태백,2020-06-14,923
216,태백,2020-06-15,925.3
216,태백,2020-06-16,926
216,태백,2020-06-17,925.5
216,태백,2020-06-18,923.6
216,태백,2020-06-19,927.3
216,태백,2020-06-20,930.3
216,태백,2020-06-21,928.7
216,태백,2020-06-22,929.3
216,태백,2020-06-23,930.1
216,태백,2020-06-24,926.3
216,태백,2020-06-25,922.6
216,태백,2020-06-26,925.2
216,태백,2020-06-27,925.3
216,태백,2020-06-28,925.1
216,태백,2020-06-29,924.6
216,태백,2020-06-30,913.3
216,태백,2020-07-01,924
216,태백,2020-07-02,931.3
216,태백,2020-07-03,931.7
216,태백,2020-07-04,927
216,태백,2020-07-05,924.6
216,태백,2020-07-06,922.3
216,태백,2020-07-07,923.9
216,태백,2020-07-08,925.6
216,태백,2020-07-09,926.5
216,태백,2020-07-10,923.7
216,태백,2020-07-11,928.1
216,태백,2020-07-12,931.3
216,태백,2020-07-13,925.9
216,태백,2020-07-14,924
216,태백,2020-07-15,925.8
216,태백,2020-07-16,927.4
216,태백,2020-07-17,929.4
216,태백,2020-07-18,930
216,태백,2020-07-19,928.3
216,태백,2020-07-20,926
216,태백,2020-07-21,932
216,태백,2020-07-22,931
216,태백,2020-07-23,929.3
216,태백,2020-07-24,920.8
216,태백,2020-07-25,923.9
216,태백,2020-07-26,928.3
216,태백,2020-07-27,930
216,태백,2020-07-28,931.7
216,태백,2020-07-29,933.5
216,태백,2020-07-30,933.4
216,태백,2020-07-31,933.7
216,태백,2020-08-01,931.9
216,태백,2020-08-02,929.6
216,태백,2020-08-03,929.2
216,태백,2020-08-04,932.5
216,태백,2020-08-05,933.4
216,태백,2020-08-06,926.2
216,태백,2020-08-07,927.8
216,태백,2020-08-08,925.5
216,태백,2020-08-09,925.2
216,태백,2020-08-10,925.9
216,태백,2020-08-11,930
216,태백,2020-08-12,933.1
216,태백,2020-08-13,930.8
216,태백,2020-08-14,926.8
216,태백,2020-08-15,929.6
216,태백,2020-08-16,931.5
216,태백,2020-08-17,934.1
216,태백,2020-08-18,933.2
216,태백,2020-08-19,931.4
216,태백,2020-08-20,933.4
216,태백,2020-08-21,935.5
216,태백,2020-08-22,933.5
216,태백,2020-08-23,929.4
216,태백,2020-08-24,927.2
216,태백,2020-08-25,927.5
216,태백,2020-08-26,927.5
216,태백,2020-08-27,925.4
216,태백,2020-08-28,929
216,태백,2020-08-29,930.6
216,태백,2020-08-30,933
216,태백,2020-08-31,934.7
216,태백,2020-09-01,931
216,태백,2020-09-02,925.2
216,태백,2020-09-03,914.1
216,태백,2020-09-04,932.2
216,태백,2020-09-05,934.7
216,태백,2020-09-06,930.6
216,태백,2020-09-07,910.8
216,태백,2020-09-08,927.8
216,태백,2020-09-09,929.4
216,태백,2020-09-10,929.3
216,태백,2020-09-11,935.5
216,태백,2020-09-12,934.8
216,태백,2020-09-13,934.3
216,태백,2020-09-14,933.2
216,태백,2020-09-15,933
216,태백,2020-09-16,929.6
216,태백,2020-09-17,929.1
216,태백,2020-09-18,931
216,태백,2020-09-19,933.3
216,태백,2020-09-20,934.5
216,태백,2020-09-21,937.1
216,태백,2020-09-22,937.8
216,태백,2020-09-23,937.2
216,태백,2020-09-24,934.6
216,태백,2020-09-25,932.3
216,태백,2020-09-26,935.1
216,태백,2020-09-27,937.6
216,태백,2020-09-28,935.6
216,태백,2020-09-29,930.5
216,태백,2020-09-30,930.3
216,태백,2020-10-01,933.1
216,태백,2020-10-02,933.4
216,태백,2020-10-03,933.5
216,태백,2020-10-04,929.1
216,태백,2020-10-05,932.9
216,태백,2020-10-06,938.5
216,태백,2020-10-07,943.7
216,태백,2020-10-08,945
216,태백,2020-10-09,942.1
216,태백,2020-10-10,937.9
216,태백,2020-10-11,934.1
216,태백,2020-10-12,932.2
216,태백,2020-10-13,936.7
216,태백,2020-10-14,940.3
216,태백,2020-10-15,941.4
216,태백,2020-10-16,939.6
216,태백,2020-10-17,938.9
216,태백,2020-10-18,939.6
216,태백,2020-10-19,941.7
216,태백,2020-10-20,943.2
216,태백,2020-10-21,936.6
216,태백,2020-10-22,929.5
216,태백,2020-10-23,928.2
216,태백,2020-10-24,931.2
216,태백,2020-10-25,934.8
216,태백,2020-10-26,936.3
216,태백,2020-10-27,937.1
216,태백,2020-10-28,937.7
216,태백,2020-10-29,939.3
216,태백,2020-10-30,942.2
216,태백,2020-10-31,940.8
216,태백,2020-11-01,936.1
216,태백,2020-11-02,935.2
216,태백,2020-11-03,932.7
216,태백,2020-11-04,937.2
216,태백,2020-11-05,941.4
216,태백,2020-11-06,937.4
216,태백,2020-11-07,933.2
216,태백,2020-11-08,935
216,태백,2020-11-09,937.8
216,태백,2020-11-10,941.6
216,태백,2020-11-11,946.5
216,태백,2020-11-12,945
216,태백,2020-11-13,943.8
216,태백,2020-11-14,945.8
216,태백,2020-11-15,942.3
216,태백,2020-11-16,943.1
216,태백,2020-11-17,941.7
216,태백,2020-11-18,935.7
216,태백,2020-11-19,923.9
216,태백,2020-11-20,930.1
216,태백,2020-11-21,939.1
216,태백,2020-11-22,934.8
216,태백,2020-11-23,938.9
216,태백,2020-11-24,941
216,태백,2020-11-25,939.6
216,태백,2020-11-26,940.8
216,태백,2020-11-27,937
216,태백,2020-11-28,938.8
216,태백,2020-11-29,939.8
216,태백,2020-11-30,944.6
216,태백,2020-12-01,946.3
216,태백,2020-12-02,942.1
216,태백,2020-12-03,939.9
216,태백,2020-12-04,940.5
216,태백,2020-12-05,941.1
216,태백,2020-12-06,940.1
216,태백,2020-12-07,938.8
216,태백,2020-12-08,939.5
216,태백,2020-12-09,938.6
216,태백,2020-12-10,935.6
216,태백,2020-12-11,933.1
216,태백,2020-12-12,930.8
216,태백,2020-12-13,930.1
216,태백,2020-12-14,935.5
216,태백,2020-12-15,937.6
216,태백,2020-12-16,937.5
216,태백,2020-12-17,939
216,태백,2020-12-18,937.5
216,태백,2020-12-19,940.6
216,태백,2020-12-20,941.2
216,태백,2020-12-21,939.3
216,태백,2020-12-22,937.7
216,태백,2020-12-23,934.9
216,태백,2020-12-24,929.5
216,태백,2020-12-25,933.8
216,태백,2020-12-26,937
216,태백,2020-12-27,936.1
216,태백,2020-12-28,937.7
216,태백,2020-12-29,932.6
216,태백,2020-12-30,927.9
216,태백,2020-12-31,932.3
216,태백,2021-01-01,934.7
216,태백,2021-01-02,937.1
216,태백,2021-01-03,941.2
216,태백,2021-01-04,941.2
216,태백,2021-01-05,937.8
216,태백,2021-01-06,932.2
216,태백,2021-01-07,929.2
216,태백,2021-01-08,929.1
216,태백,2021-01-09,930.4
216,태백,2021-01-10,935.8
216,태백,2021-01-11,936
216,태백,2021-01-12,929.2
216,태백,2021-01-13,928.1
216,태백,2021-01-14,935.7
216,태백,2021-01-15,930.3
216,태백,2021-01-16,933.6
216,태백,2021-01-17,935.8
216,태백,2021-01-18,931
216,태백,2021-01-19,941.4
216,태백,2021-01-20,942.1
216,태백,2021-01-21,937.4
216,태백,2021-01-22,935.1
216,태백,2021-01-23,937.4
216,태백,2021-01-24,941
216,태백,2021-01-25,941.8
216,태백,2021-01-26,933.5
216,태백,2021-01-27,935.2
216,태백,2021-01-28,926.4
216,태백,2021-01-29,932.1
216,태백,2021-01-30,936.3
216,태백,2021-01-31,940.5
216,태백,2021-02-01,929.1
216,태백,2021-02-02,932.2
216,태백,2021-02-03,934.9
216,태백,2021-02-04,935
216,태백,2021-02-05,932.7
216,태백,2021-02-06,929.3
216,태백,2021-02-07,932.7
216,태백,2021-02-08,935.9
216,태백,2021-02-09,937.7
216,태백,2021-02-10,937
216,태백,2021-02-11,939
216,태백,2021-02-12,938.7
216,태백,2021-02-13,939
216,태백,2021-02-14,931.3
216,태백,2021-02-15,921
216,태백,2021-02-16,925.5
216,태백,2021-02-17,924
216,태백,2021-02-18,930
216,태백,2021-02-19,928.2
216,태백,2021-02-20,924.4
216,태백,2021-02-21,926.2
216,태백,2021-02-22,928
216,태백,2021-02-23,936.1
216,태백,2021-02-24,938.9
216,태백,2021-02-25,937.6
216,태백,2021-02-26,939.8
216,태백,2021-02-27,945
216,태백,2021-02-28,940.7
216,태백,2021-03-01,932.7
216,태백,2021-03-02,937.5
216,태백,2021-03-03,942.1
216,태백,2021-03-04,938.4
216,태백,2021-03-05,935.5
216,태백,2021-03-06,943.4
216,태백,2021-03-07,941.8
216,태백,2021-03-08,941.4
216,태백,2021-03-09,938.5
216,태백,2021-03-10,943.3
216,태백,2021-03-11,940.9
216,태백,2021-03-12,937.6
216,태백,2021-03-13,936
216,태백,2021-03-14,934.5
216,태백,2021-03-15,931.6
216,태백,2021-03-16,928.5
216,태백,2021-03-17,934.9
216,태백,2021-03-18,937.1
216,태백,2021-03-19,937.3
216,태백,2021-03-20,929.4
216,태백,2021-03-21,926.4
216,태백,2021-03-22,932.3
216,태백,2021-03-23,934.2
216,태백,2021-03-24,934.8
216,태백,2021-03-25,935.8
216,태백,2021-03-26,937.3
216,태백,2021-03-27,929.5
216,태백,2021-03-28,918.4
216,태백,2021-03-29,922.2
216,태백,2021-03-30,928
216,태백,2021-03-31,932.5
216,태백,2021-04-01,939
216,태백,2021-04-02,938.7
216,태백,2021-04-03,932.1
216,태백,2021-04-04,933
216,태백,2021-04-05,938
216,태백,2021-04-06,934.9
216,태백,2021-04-07,934.6
216,태백,2021-04-08,933.9
216,태백,2021-04-09,942.2
216,태백,2021-04-10,945.8
216,태백,2021-04-11,945.7
216,태백,2021-04-12,935.9
216,태백,2021-04-13,926.4
216,태백,2021-04-14,932.1
216,태백,2021-04-15,934.1
216,태백,2021-04-16,931.6
216,태백,2021-04-17,929.1
216,태백,2021-04-18,929.9
216,태백,2021-04-19,931.8
216,태백,2021-04-20,936.9
216,태백,2021-04-21,939.7
216,태백,2021-04-22,938.9
216,태백,2021-04-23,939.7
216,태백,2021-04-24,937.5
216,태백,2021-04-25,938.7
216,태백,2021-04-26,938.1
216,태백,2021-04-27,934.5
216,태백,2021-04-28,932
216,태백,2021-04-29,924.6
216,태백,2021-04-30,921
216,태백,2021-05-01,921.1
216,태백,2021-05-02,931
216,태백,2021-05-03,933.6
216,태백,2021-05-04,927.8
216,태백,2021-05-05,927.3
216,태백,2021-05-06,932.9
216,태백,2021-05-07,923.4
216,태백,2021-05-08,921.1
216,태백,2021-05-09,925.7
216,태백,2021-05-10,931.1
216,태백,2021-05-11,933.9
216,태백,2021-05-12,932.8
216,태백,2021-05-13,931.1
216,태백,2021-05-14,931.7
216,태백,2021-05-15,927.2
216,태백,2021-05-16,922.7
216,태백,2021-05-17,925.6
216,태백,2021-05-18,928.6
216,태백,2021-05-19,930.2
216,태백,2021-05-20,926.1
216,태백,2021-05-21,923.5
216,태백,2021-05-22,927.7
216,태백,2021-05-23,928.9
216,태백,2021-05-24,925.7
216,태백,2021-05-25,924.3
216,태백,2021-05-26,926.5
216,태백,2021-05-27,920.2
216,태백,2021-05-28,919.8
216,태백,2021-05-29,923.8
216,태백,2021-05-30,928.3
216,태백,2021-05-31,931.1
216,태백,2021-06-01,933.3
216,태백,2021-06-02,932.7
216,태백,2021-06-03,923.9
216,태백,2021-06-04,920
216,태백,2021-06-05,920
216,태백,2021-06-06,926.8
216,태백,2021-06-07,933
216,태백,2021-06-08,935.5
216,태백,2021-06-09,935.7
216,태백,2021-06-10,933
216,태백,2021-06-11,930
216,태백,2021-06-12,932.3
216,태백,2021-06-13,929.1
216,태백,2021-06-14,927.3
216,태백,2021-06-15,926.2
216,태백,2021-06-16,927.3
216,태백,2021-06-17,926.3
216,태백,2021-06-18,921
216,태백,2021-06-19,921.1
216,태백,2021-06-20,921.9
216,태백,2021-06-21,924.9
216,태백,2021-06-22,929.4
216,태백,2021-06-23,931.2
216,태백,2021-06-24,931.2
216,태백,2021-06-25,930.9
216,태백,2021-06-26,930.6
216,태백,2021-06-27,929
216,태백,2021-06-28,926.9
216,태백,2021-06-29,926.6
216,태백,2021-06-30,928
216,태백,2021-07-01,928.5
216,태백,2021-07-02,931.3
216,태백,2021-07-03,929.9
216,태백,2021-07-04,924.7
216,태백,2021-07-05,929.4
216,태백,2021-07-06,927.9
216,태백,2021-07-07,928.7
216,태백,2021-07-08,927
216,태백,2021-07-09,926.7
216,태백,2021-07-10,928.6
216,태백,2021-07-11,930.7
216,태백,2021-07-12,931.5
216,태백,2021-07-13,932.2
216,태백,2021-07-14,934.1
216,태백,2021-07-15,936.2
216,태백,2021-07-16,936.4
216,태백,2021-07-17,934.4
216,태백,2021-07-18,933.7
216,태백,2021-07-19,934.8
216,태백,2021-07-20,936
216,태백,2021-07-21,935.5
216,태백,2021-07-22,933.8
216,태백,2021-07-23,931.9
216,태백,2021-07-24,931.1
216,태백,2021-07-25,929.6
216,태백,2021-07-26,927.7
216,태백,2021-07-27,926.3
216,태백,2021-07-28,925.7
216,태백,2021-07-29,924.2
216,태백,2021-07-30,923.2
216,태백,2021-07-31,923.1
216,태백,2021-08-01,923.5
216,태백,2021-08-02,925.4
216,태백,2021-08-03,929.5
216,태백,2021-08-04,930.4
216,태백,2021-08-05,928.1
216,태백,2021-08-06,925.9
216,태백,2021-08-07,925.5
216,태백,2021-08-08,925.9
216,태백,2021-08-09,925
216,태백,2021-08-10,929.7
216,태백,2021-08-11,931.9
216,태백,2021-08-12,931.5
216,태백,2021-08-13,928.6
216,태백,2021-08-14,929.5
216,태백,2021-08-15,935.3
216,태백,2021-08-16,935.9
216,태백,2021-08-17,931.3
216,태백,2021-08-18,931.4
216,태백,2021-08-19,932.9
216,태백,2021-08-20,933.2
216,태백,2021-08-21,925.7
216,태백,2021-08-22,928.3
216,태백,2021-08-23,930.6
216,태백,2021-08-24,922.2
216,태백,2021-08-25,927.9
216,태백,2021-08-26,932.6
216,태백,2021-08-27,932.7
216,태백,2021-08-28,933.4
216,태백,2021-08-29,933.5
216,태백,2021-08-30,935.5
216,태백,2021-08-31,935.6
216,태백,2021-09-01,930.9
216,태백,2021-09-02,931.2
216,태백,2021-09-03,931
216,태백,2021-09-04,935.9
216,태백,2021-09-05,938.9
216,태백,2021-09-06,938.1
216,태백,2021-09-07,929.5
216,태백,2021-09-08,929.8
216,태백,2021-09-09,933.7
216,태백,2021-09-10,933
216,태백,2021-09-11,932.5
216,태백,2021-09-12,933.8
216,태백,2021-09-13,938
216,태백,2021-09-14,937.3
216,태백,2021-09-15,937.4
216,태백,2021-09-16,933.9
216,태백,2021-09-17,931.1
216,태백,2021-09-18,934.7
216,태백,2021-09-19,936.4
216,태백,2021-09-20,933.3
216,태백,2021-09-21,925.8
216,태백,2021-09-22,927.2
216,태백,2021-09-23,934.9
216,태백,2021-09-24,942.3
216,태백,2021-09-25,942.9
216,태백,2021-09-26,940.4
216,태백,2021-09-27,936.2
216,태백,2021-09-28,933.5
216,태백,2021-09-29,928.2
216,태백,2021-09-30,929.1
216,태백,2021-10-01,928.8
216,태백,2021-10-02,933.1
216,태백,2021-10-03,938.9
216,태백,2021-10-04,939.2
216,태백,2021-10-05,939.6
216,태백,2021-10-06,939.9
216,태백,2021-10-07,935.9
216,태백,2021-10-08,940.5
216,태백,2021-10-09,942.1
216,태백,2021-10-10,936.1
216,태백,2021-10-11,939.3
216,태백,2021-10-12,944.4
216,태백,2021-10-13,943.1
216,태백,2021-10-14,937.2
216,태백,2021-10-15,936.5
216,태백,2021-10-16,936.2
216,태백,2021-10-17,940.1
216,태백,2021-10-18,938.7
216,태백,2021-10-19,934.9
216,태백,2021-10-20,936.9
216,태백,2021-10-21,935.9
216,태백,2021-10-22,938
216,태백,2021-10-23,943.7
216,태백,2021-10-24,942
216,태백,2021-10-25,938.8
216,태백,2021-10-26,936.4
216,태백,2021-10-27,935.1
216,태백,2021-10-28,940.4
216,태백,2021-10-29,942.8
216,태백,2021-10-30,940.9
216,태백,2021-10-31,940.4
216,태백,2021-11-01,939
216,태백,2021-11-02,937.2
216,태백,2021-11-03,935.3
216,태백,2021-11-04,936.2
216,태백,2021-11-05,938.5
216,태백,2021-11-06,939
216,태백,2021-11-07,938.8
216,태백,2021-11-08,926.8
216,태백,2021-11-09,924
216,태백,2021-11-10,920.3
216,태백,2021-11-11,924.1
216,태백,2021-11-12,929.4
216,태백,2021-11-13,932.6
216,태백,2021-11-14,933.6
216,태백,2021-11-15,936.9
216,태백,2021-11-16,938.8
216,태백,2021-11-17,938
216,태백,2021-11-18,933.8
216,태백,2021-11-19,934.1
216,태백,2021-11-20,937.2
216,태백,2021-11-21,932.9
216,태백,2021-11-22,925.9
216,태백,2021-11-23,926.8
216,태백,2021-11-24,929.2
216,태백,2021-11-25,931.4
216,태백,2021-11-26,938.4
216,태백,2021-11-27,946.8
216,태백,2021-11-28,946.8
216,태백,2021-11-29,940.9
216,태백,2021-11-30,925.2
216,태백,2021-12-01,929.7
216,태백,2021-12-02,931.1
216,태백,2021-12-03,929.9
216,태백,2021-12-04,937.6
216,태백,2021-12-05,942.8
216,태백,2021-12-06,941.1
216,태백,2021-12-07,943.5
216,태백,2021-12-08,946.7
216,태백,2021-12-09,944.5
216,태백,2021-12-10,939.5
216,태백,2021-12-11,939.2
216,태백,2021-12-12,935.4
216,태백,2021-12-13,937.2
216,태백,2021-12-14,934
216,태백,2021-12-15,934.2
216,태백,2021-12-16,931.8
216,태백,2021-12-17,930.3
216,태백,2021-12-18,934.5
216,태백,2021-12-19,932.3
216,태백,2021-12-20,930.5
216,태백,2021-12-21,930.8
216,태백,2021-12-22,936.3
216,태백,2021-12-23,937.8
216,태백,2021-12-24,934.1
216,태백,2021-12-25,936.3
216,태백,2021-12-26,938.6
216,태백,2021-12-27,938.1
216,태백,2021-12-28,938.3
216,태백,2021-12-29,931.5
216,태백,2021-12-30,932.7
216,태백,2021-12-31,937.9
216,태백,2022-01-01,940.4
216,태백,2022-01-02,936.8
216,태백,2022-01-03,936
216,태백,2022-01-04,937.9
216,태백,2022-01-05,940.2
216,태백,2022-01-06,939.4
216,태백,2022-01-07,940.6
216,태백,2022-01-08,935.5
216,태백,2022-01-09,935.2
216,태백,2022-01-10,932.8
216,태백,2022-01-11,927.3
216,태백,2022-01-12,930.4
216,태백,2022-01-13,928.5
216,태백,2022-01-14,934.7
216,태백,2022-01-15,934.4
216,태백,2022-01-16,933.8
216,태백,2022-01-17,935.3
216,태백,2022-01-18,937.2
216,태백,2022-01-19,934.5
216,태백,2022-01-20,939.2
216,태백,2022-01-21,942.4
216,태백,2022-01-22,939.1
216,태백,2022-01-23,936
216,태백,2022-01-24,937.1
216,태백,2022-01-25,934.2
216,태백,2022-01-26,935.9
216,태백,2022-01-27,935.7
216,태백,2022-01-28,934.3
216,태백,2022-01-29,931.6
216,태백,2022-01-30,932.6
216,태백,2022-01-31,935.1
216,태백,2022-02-01,934.7
216,태백,2022-02-02,936.9
216,태백,2022-02-03,936.2
216,태백,2022-02-04,932.9
216,태백,2022-02-05,932.7
216,태백,2022-02-06,936.3
216,태백,2022-02-07,938.1
216,태백,2022-02-08,938.6
216,태백,2022-02-09,938.2
216,태백,2022-02-10,935.5
216,태백,2022-02-11,938.6
216,태백,2022-02-12,938.8
216,태백,2022-02-13,936.6
216,태백,2022-02-14,932.9
216,태백,2022-02-15,929
216,태백,2022-02-16,930.2
216,태백,2022-02-17,936.8
216,태백,2022-02-18,941.1
216,태백,2022-02-19,933.5
216,태백,2022-02-20,933.8
216,태백,2022-02-21,937.1
216,태백,2022-02-22,939.3
216,태백,2022-02-23,940.5
216,태백,2022-02-24,939.3
216,태백,2022-02-25,938
216,태백,2022-02-26,931.1
216,태백,2022-02-27,933
216,태백,2022-02-28,934.8
216,태백,2022-03-01,928.2
216,태백,2022-03-02,929.3
216,태백,2022-03-03,931.2
216,태백,2022-03-04,926.9
216,태백,2022-03-05,925.3
216,태백,2022-03-06,932.5
216,태백,2022-03-07,933.6
216,태백,2022-03-08,932.8
216,태백,2022-03-09,936.5
216,태백,2022-03-10,935.3
216,태백,2022-03-11,933.7
216,태백,2022-03-12,932.6
216,태백,2022-03-13,929.1
216,태백,2022-03-14,927.3
216,태백,2022-03-15,928.5
216,태백,2022-03-16,932
216,태백,2022-03-17,937.1
216,태백,2022-03-18,928.5
216,태백,2022-03-19,924.9
216,태백,2022-03-20,932.4
216,태백,2022-03-21,937.5
216,태백,2022-03-22,936.5
216,태백,2022-03-23,932
216,태백,2022-03-24,934.8
216,태백,2022-03-25,933.4
216,태백,2022-03-26,919.1
216,태백,2022-03-27,929.6
216,태백,2022-03-28,940.2
216,태백,2022-03-29,939.4
216,태백,2022-03-30,936.8
216,태백,2022-03-31,940.1
216,태백,2022-04-01,943.4
216,태백,2022-04-02,941.1
216,태백,2022-04-03,942.3
216,태백,2022-04-04,941.6
216,태백,2022-04-05,935.8
216,태백,2022-04-06,935.5
216,태백,2022-04-07,932.2
216,태백,2022-04-08,934.8
216,태백,2022-04-09,932
216,태백,2022-04-10,933.6
216,태백,2022-04-11,931.1
216,태백,2022-04-12,929.2
216,태백,2022-04-13,934.8
216,태백,2022-04-14,936.5
216,태백,2022-04-15,934.5
216,태백,2022-04-16,932.7
216,태백,2022-04-17,933.8
216,태백,2022-04-18,934.3
216,태백,2022-04-19,933.7
216,태백,2022-04-20,932.5
216,태백,2022-04-21,929.3
216,태백,2022-04-22,927
216,태백,2022-04-23,930.4
216,태백,2022-04-24,928.6
216,태백,2022-04-25,930.2
216,태백,2022-04-26,922
216,태백,2022-04-27,932.5
216,태백,2022-04-28,935.6
216,태백,2022-04-29,934.1
216,태백,2022-04-30,933.3
216,태백,2022-05-01,929
216,태백,2022-05-02,930.8
216,태백,2022-05-03,934.6
216,태백,2022-05-04,935.5
216,태백,2022-05-05,935.9
216,태백,2022-05-06,933.7
216,태백,2022-05-07,935.1
216,태백,2022-05-08,937
216,태백,2022-05-09,936.6
216,태백,2022-05-10,935.2
216,태백,2022-05-11,932.8
216,태백,2022-05-12,930.9
216,태백,2022-05-13,927.3
216,태백,2022-05-14,928.2
216,태백,2022-05-15,930.1
216,태백,2022-05-16,929.2
216,태백,2022-05-17,932
216,태백,2022-05-18,934.2
216,태백,2022-05-19,934.6
216,태백,2022-05-20,931.4
216,태백,2022-05-21,927.1
216,태백,2022-05-22,926.5
216,태백,2022-05-23,931.1
216,태백,2022-05-24,932.9
216,태백,2022-05-25,927.2
216,태백,2022-05-26,922.1
216,태백,2022-05-27,919.4
216,태백,2022-05-28,924.8
216,태백,2022-05-29,925.2
216,태백,2022-05-30,921.9
216,태백,2022-05-31,926.3
216,태백,2022-06-01,925.6
216,태백,2022-06-02,926.3
216,태백,2022-06-03,931
216,태백,2022-06-04,931.2
216,태백,2022-06-05,924.8
216,태백,2022-06-06,921.8
216,태백,2022-06-07,927.9
216,태백,2022-06-08,931.2
216,태백,2022-06-09,932.7
216,태백,2022-06-10,933.1
216,태백,2022-06-11,933.5
216,태백,2022-06-12,933.1
216,태백,2022-06-13,931.4
216,태백,2022-06-14,930.3
216,태백,2022-06-15,926.1
216,태백,2022-06-16,926.7
216,태백,2022-06-17,927.6
216,태백,2022-06-18,927.3
216,태백,2022-06-19,927.3
216,태백,2022-06-20,925.6
216,태백,2022-06-21,925.3
216,태백,2022-06-22,927.6
216,태백,2022-06-23,922.3
216,태백,2022-06-24,917.8
216,태백,2022-06-25,925.4
216,태백,2022-06-26,929.8
216,태백,2022-06-27,929.6
216,태백,2022-06-28,925.1
216,태백,2022-06-29,926.3
216,태백,2022-06-30,932.2
216,태백,2022-07-01,935.3
216,태백,2022-07-02,934.3
216,태백,2022-07-03,930.4
216,태백,2022-07-04,927.9
216,태백,2022-07-05,927.6
216,태백,2022-07-06,930.3
216,태백,2022-07-07,928.6
216,태백,2022-07-08,924
216,태백,2022-07-09,924
216,태백,2022-07-10,927.6
216,태백,2022-07-11,927.6
216,태백,2022-07-12,930.2
216,태백,2022-07-13,925.6
216,태백,2022-07-14,920.9
216,태백,2022-07-15,920.9
216,태백,2022-07-16,920.3
216,태백,2022-07-17,921.9
216,태백,2022-07-18,921.7
216,태백,2022-07-19,923.4
216,태백,2022-07-20,927.4
216,태백,2022-07-21,923.2
216,태백,2022-07-22,926.3
216,태백,2022-07-23,926.9
216,태백,2022-07-24,924.7
216,태백,2022-07-25,929.7
216,태백,2022-07-26,931.9
216,태백,2022-07-27,932.6
216,태백,2022-07-28,933.9
216,태백,2022-07-29,934.9
216,태백,2022-07-30,933.1
216,태백,2022-07-31,930
216,태백,2022-08-01,929.4
216,태백,2022-08-02,930.7
216,태백,2022-08-03,931
216,태백,2022-08-04,930.6
216,태백,2022-08-05,927.8
216,태백,2022-08-06,927.8
216,태백,2022-08-07,928.5
216,태백,2022-08-08,928
216,태백,2022-08-09,927.7
216,태백,2022-08-10,927.1
216,태백,2022-08-11,925.3
216,태백,2022-08-12,927.3
216,태백,2022-08-13,927.6
216,태백,2022-08-14,927.7
216,태백,2022-08-15,922.6
216,태백,2022-08-16,925
216,태백,2022-08-17,928.3
216,태백,2022-08-18,928.3
216,태백,2022-08-19,924.2
216,태백,2022-08-20,924.5
216,태백,2022-08-21,927.5
216,태백,2022-08-22,925.9
216,태백,2022-08-23,927.6
216,태백,2022-08-24,930.1
216,태백,2022-08-25,927.5
216,태백,2022-08-26,927
216,태백,2022-08-27,928.9
216,태백,2022-08-28,935.3
216,태백,2022-08-29,935.9
216,태백,2022-08-30,931.9
216,태백,2022-08-31,929.1
216,태백,2022-09-01,934
216,태백,2022-09-02,937.7
216,태백,2022-09-03,936.7
216,태백,2022-09-04,931.8
216,태백,2022-09-05,928.1
216,태백,2022-09-06,923.3
216,태백,2022-09-07,935.8
216,태백,2022-09-08,938.2
216,태백,2022-09-09,938.5
216,태백,2022-09-10,938.6
216,태백,2022-09-11,935.8
216,태백,2022-09-12,934.7
216,태백,2022-09-13,937.8
216,태백,2022-09-14,938.9
216,태백,2022-09-15,934.4
216,태백,2022-09-16,930.8
216,태백,2022-09-17,929.6
216,태백,2022-09-18,926.4
216,태백,2022-09-19,922.2
216,태백,2022-09-20,932.7
216,태백,2022-09-21,936.7
216,태백,2022-09-22,934.6
216,태백,2022-09-23,930.5
216,태백,2022-09-24,934.2
216,태백,2022-09-25,935.4
216,태백,2022-09-26,935.9
216,태백,2022-09-27,935.6
216,태백,2022-09-28,933.3
216,태백,2022-09-29,933.8
216,태백,2022-09-30,935.3
216,태백,2022-10-01,937
216,태백,2022-10-02,937.3
216,태백,2022-10-03,932.4
216,태백,2022-10-04,932
216,태백,2022-10-05,938.2
216,태백,2022-10-06,937
216,태백,2022-10-07,936.9
216,태백,2022-10-08,942.5
216,태백,2022-10-09,935.2
216,태백,2022-10-10,927
216,태백,2022-10-11,935.9
216,태백,2022-10-12,944.1
216,태백,2022-10-13,942.7
216,태백,2022-10-14,938.4
216,태백,2022-10-15,937.8
216,태백,2022-10-16,935.7
216,태백,2022-10-17,933.6
216,태백,2022-10-18,937.1
216,태백,2022-10-19,940.7
216,태백,2022-10-20,942.8
216,태백,2022-10-21,939.8
216,태백,2022-10-22,936.7
216,태백,2022-10-23,935.2
216,태백,2022-10-24,936.8
216,태백,2022-10-25,944
216,태백,2022-10-26,943.6
216,태백,2022-10-27,941.5
216,태백,2022-10-28,943.7
216,태백,2022-10-29,943.8
216,태백,2022-10-30,943.2
216,태백,2022-10-31,941.4
216,태백,2022-11-01,938
216,태백,2022-11-02,936.7
216,태백,2022-11-03,934.1
216,태백,2022-11-04,935.6
216,태백,2022-11-05,938.5
216,태백,2022-11-06,939.6
216,태백,2022-11-07,938.7
216,태백,2022-11-08,940.3
216,태백,2022-11-09,940.3
216,태백,2022-11-10,941
216,태백,2022-11-11,943.3
216,태백,2022-11-12,934.8
216,태백,2022-11-13,931.8
216,태백,2022-11-14,933.2
216,태백,2022-11-15,931.9
216,태백,2022-11-16,934.9
216,태백,2022-11-17,939.5
216,태백,2022-11-18,942.6
216,태백,2022-11-19,940.6
216,태백,2022-11-20,937.3
216,태백,2022-11-21,937.5
216,태백,2022-11-22,937.9
216,태백,2022-11-23,933.4
216,태백,2022-11-24,936.6
216,태백,2022-11-25,933.3
216,태백,2022-11-26,931.6
216,태백,2022-11-27,936.5
216,태백,2022-11-28,933.1
216,태백,2022-11-29,929.3
216,태백,2022-11-30,938.7
216,태백,2022-12-01,940.2
216,태백,2022-12-02,940.6
216,태백,2022-12-03,937.1
216,태백,2022-12-04,940.1
216,태백,2022-12-05,938.8
216,태백,2022-12-06,934.6
216,태백,2022-12-07,934.9
216,태백,2022-12-08,938.5
216,태백,2022-12-09,936.5
216,태백,2022-12-10,934
216,태백,2022-12-11,936.2
216,태백,2022-12-12,933
216,태백,2022-12-13,928.6
216,태백,2022-12-14,934.5
216,태백,2022-12-15,935.2
216,태백,2022-12-16,939
216,태백,2022-12-17,933.6
216,태백,2022-12-18,930.4
216,태백,2022-12-19,935.2
216,태백,2022-12-20,937.5
216,태백,2022-12-21,925.4
216,태백,2022-12-22,917.7
216,태백,2022-12-23,918.4
216,태백,2022-12-24,929.6
216,태백,2022-12-25,933
216,태백,2022-12-26,936.9
216,태백,2022-12-27,939.7
216,태백,2022-12-28,938.4
216,태백,2022-12-29,941.8
216,태백,2022-12-30,941.7
216,태백,2022-12-31,940.4
216,태백,2023-01-01,939.9
216,태백,2023-01-02,940.1
216,태백,2023-01-03,938.9
216,태백,2023-01-04,940.5
216,태백,2023-01-05,941.3
216,태백,2023-01-06,935.3
216,태백,2023-01-07,931.3
216,태백,2023-01-08,937
216,태백,2023-01-09,936.8
216,태백,2023-01-10,941.2
216,태백,2023-01-11,938.4
216,태백,2023-01-12,938.1
216,태백,2023-01-13,928.6
216,태백,2023-01-14,930.9
216,태백,2023-01-15,930.7
216,태백,2023-01-16,934.5
216,태백,2023-01-17,936.6
216,태백,2023-01-18,936.9
216,태백,2023-01-19,935.4
216,태백,2023-01-20,935.3
216,태백,2023-01-21,940.6
216,태백,2023-01-22,938.9
216,태백,2023-01-23,933.7
216,태백,2023-01-24,931.8
216,태백,2023-01-25,936.9
216,태백,2023-01-26,934.1
216,태백,2023-01-27,930
216,태백,2023-01-28,930.7
216,태백,2023-01-29,930.4
216,태백,2023-01-30,933.7
216,태백,2023-01-31,931.6
216,태백,2023-02-01,930.5
216,태백,2023-02-02,937.5
216,태백,2023-02-03,934.8
216,태백,2023-02-04,935.8
216,태백,2023-02-05,937.1
216,태백,2023-02-06,935.9
216,태백,2023-02-07,935.7
216,태백,2023-02-08,938.4
216,태백,2023-02-09,942
216,태백,2023-02-10,934.1
216,태백,2023-02-11,936.8
216,태백,2023-02-12,936.8
216,태백,2023-02-13,933.6
216,태백,2023-02-14,936.1
216,태백,2023-02-15,942.9
216,태백,2023-02-16,942.5
216,태백,2023-02-17,940.5
216,태백,2023-02-18,934.2
216,태백,2023-02-19,929.9
216,태백,2023-02-20,936.1
216,태백,2023-02-21,945.1
216,태백,2023-02-22,941.2
216,태백,2023-02-23,935.7
216,태백,2023-02-24,936.4
216,태백,2023-02-25,942.6
216,태백,2023-02-26,947.7
216,태백,2023-02-27,946.2
216,태백,2023-02-28,939.3
216,태백,2023-03-01,934.5
216,태백,2023-03-02,937.9
216,태백,2023-03-03,939.6
216,태백,2023-03-04,943.2
216,태백,2023-03-05,941.6
216,태백,2023-03-06,937.8
216,태백,2023-03-07,935.5
216,태백,2023-03-08,935.3
216,태백,2023-03-09,931.9
216,태백,2023-03-10,936.5
216,태백,2023-03-11,938.8
216,태백,2023-03-12,932.3
216,태백,2023-03-13,933.6
216,태백,2023-03-14,933.5
216,태백,2023-03-15,934.4
216,태백,2023-03-16,940.3
216,태백,2023-03-17,938.3
216,태백,2023-03-18,933.2
216,태백,2023-03-19,934.4
216,태백,2023-03-20,931.6
216,태백,2023-03-21,929.9
216,태백,2023-03-22,928.7
216,태백,2023-03-23,925.9
216,태백,2023-03-24,933.7
216,태백,2023-03-25,935.3
216,태백,2023-03-26,932.1
216,태백,2023-03-27,935.7
216,태백,2023-03-28,938.8
216,태백,2023-03-29,938
216,태백,2023-03-30,935.6
216,태백,2023-03-31,935.7
216,태백,2023-04-01,935.4
216,태백,2023-04-02,938.7
216,태백,2023-04-03,941.5
216,태백,2023-04-04,937.8
216,태백,2023-04-05,927.7
216,태백,2023-04-06,925.9
216,태백,2023-04-07,927.8
216,태백,2023-04-08,932.1
216,태백,2023-04-09,934
216,태백,2023-04-10,930.9
216,태백,2023-04-11,927.2
216,태백,2023-04-12,931.3
216,태백,2023-04-13,933.4
216,태백,2023-04-14,931.1
216,태백,2023-04-15,922.4
216,태백,2023-04-16,922.3
216,태백,2023-04-17,932.2
216,태백,2023-04-18,929.3
216,태백,2023-04-19,929.2
216,태백,2023-04-20,927.6
216,태백,2023-04-21,932
216,태백,2023-04-22,937.8
216,태백,2023-04-23,940.3
216,태백,2023-04-24,941
216,태백,2023-04-25,931.7
216,태백,2023-04-26,928.9
216,태백,2023-04-27,936.2
216,태백,2023-04-28,932.9
216,태백,2023-04-29,923.3
216,태백,2023-04-30,925.2
216,태백,2023-05-01,933.3
216,태백,2023-05-02,940.1
216,태백,2023-05-03,938.2
216,태백,2023-05-04,933.1
216,태백,2023-05-05,924.3
216,태백,2023-05-06,928.1
216,태백,2023-05-07,931.2
216,태백,2023-05-08,933.6
216,태백,2023-05-09,933.2
216,태백,2023-05-10,935.1
216,태백,2023-05-11,937.2
216,태백,2023-05-12,935
216,태백,2023-05-13,930.9
216,태백,2023-05-14,927.8
216,태백,2023-05-15,927.7
216,태백,2023-05-16,930.1
216,태백,2023-05-17,932.6
216,태백,2023-05-18,931.1
216,태백,2023-05-19,930
216,태백,2023-05-20,928.9
216,태백,2023-05-21,926.9
216,태백,2023-05-22,927.6
216,태백,2023-05-23,929.8
216,태백,2023-05-24,933.8
216,태백,2023-05-25,934.7
216,태백,2023-05-26,936.5
216,태백,2023-05-27,936.8
216,태백,2023-05-28,931.9
216,태백,2023-05-29,931.1
216,태백,2023-05-30,931.8
216,태백,2023-05-31,931
216,태백,2023-06-01,925.8
216,태백,2023-06-02,921.7
216,태백,2023-06-03,926.8
216,태백,2023-06-04,929.4
216,태백,2023-06-05,929.5
216,태백,2023-06-06,926
216,태백,2023-06-07,927.8
216,태백,2023-06-08,924.6
216,태백,2023-06-09,924.3
216,태백,2023-06-10,926.4
216,태백,2023-06-11,926
216,태백,2023-06-12,926.1
216,태백,2023-06-13,924.5
216,태백,2023-06-14,926.5
216,태백,2023-06-15,928.6
216,태백,2023-06-16,932.1
216,태백,2023-06-17,931.8
216,태백,2023-06-18,929
216,태백,2023-06-19,929.3
216,태백,2023-06-20,927.2
216,태백,2023-06-21,922.4
216,태백,2023-06-22,923.4
216,태백,2023-06-23,930.4
216,태백,2023-06-24,935
216,태백,2023-06-25,933.7
216,태백,2023-06-26,928.9
216,태백,2023-06-27,928.5
216,태백,2023-06-28,928.1
216,태백,2023-06-29,923.2
216,태백,2023-06-30,922.7
216,태백,2023-07-01,927.1
216,태백,2023-07-02,929.7
216,태백,2023-07-03,928.4
216,태백,2023-07-04,923.3
216,태백,2023-07-05,915.6
216,태백,2023-07-06,924
216,태백,2023-07-07,924.8
216,태백,2023-07-08,924.6
216,태백,2023-07-09,925
216,태백,2023-07-10,925.9
216,태백,2023-07-11,926.5
216,태백,2023-07-12,926.8
216,태백,2023-07-13,926.7
216,태백,2023-07-14,920.2
216,태백,2023-07-15,922.8
216,태백,2023-07-16,928.4
216,태백,2023-07-17,932.6
216,태백,2023-07-18,932.1
216,태백,2023-07-19,928.9
216,태백,2023-07-20,930.5
216,태백,2023-07-21,934.2
216,태백,2023-07-22,934.5
216,태백,2023-07-23,930
216,태백,2023-07-24,930.2
216,태백,2023-07-25,933.9
216,태백,2023-07-26,935.9
216,태백,2023-07-27,935.8
216,태백,2023-07-28,936
216,태백,2023-07-29,936.1
216,태백,2023-07-30,935.2
216,태백,2023-07-31,934.4
216,태백,2023-08-01,932.9
216,태백,2023-08-02,929.7
216,태백,2023-08-03,927.9
216,태백,2023-08-04,926.5
216,태백,2023-08-05,923.3
216,태백,2023-08-06,922.3
216,태백,2023-08-07,924
216,태백,2023-08-08,926.9
216,태백,2023-08-09,927.6
216,태백,2023-08-10,917.5
216,태백,2023-08-11,922.5
216,태백,2023-08-12,926
216,태백,2023-08-13,927.3
216,태백,2023-08-14,928.6
216,태백,2023-08-15,927.4
216,태백,2023-08-16,926.1
216,태백,2023-08-17,927.6
216,태백,2023-08-18,929.4
216,태백,2023-08-19,931.7
216,태백,2023-08-20,933.2
216,태백,2023-08-21,930.4
216,태백,2023-08-22,927.3
216,태백,2023-08-23,928.3
216,태백,2023-08-24,929
216,태백,2023-08-25,928.3
216,태백,2023-08-26,930.9
216,태백,2023-08-27,931.1
216,태백,2023-08-28,930.8
216,태백,2023-08-29,927.9
216,태백,2023-08-30,929.5
216,태백,2023-08-31,930.9
216,태백,2023-09-01,932.3
216,태백,2023-09-02,933.6
216,태백,2023-09-03,934.3
216,태백,2023-09-04,934.4
216,태백,2023-09-05,933.7
216,태백,2023-09-06,934
216,태백,2023-09-07,936.1
216,태백,2023-09-08,934
216,태백,2023-09-09,932.4
216,태백,2023-09-10,931.7
216,태백,2023-09-11,930.5
216,태백,2023-09-12,931.9
216,태백,2023-09-13,932.8
216,태백,2023-09-14,934.1
216,태백,2023-09-15,935.1
216,태백,2023-09-16,933.3
216,태백,2023-09-17,931.4
216,태백,2023-09-18,932.9
216,태백,2023-09-19,933.9
216,태백,2023-09-20,932.3
216,태백,2023-09-21,931.5
216,태백,2023-09-22,935.2
216,태백,2023-09-23,939.9
216,태백,2023-09-24,940.5
216,태백,2023-09-25,936.8
216,태백,2023-09-26,933.5
216,태백,2023-09-27,931.2
216,태백,2023-09-28,932.5
216,태백,2023-09-29,933.3
216,태백,2023-09-30,929.7
216,태백,2023-10-01,932.3
216,태백,2023-10-02,936.6
216,태백,2023-10-03,936.6
216,태백,2023-10-04,931.6
216,태백,2023-10-05,932.1
216,태백,2023-10-06,936.3
216,태백,2023-10-07,941
216,태백,2023-10-08,941.9
216,태백,2023-10-09,937.8
216,태백,2023-10-10,938.8
216,태백,2023-10-11,942.8
216,태백,2023-10-12,942.2
216,태백,2023-10-13,936.2
216,태백,2023-10-14,928.6
216,태백,2023-10-15,927.9
216,태백,2023-10-16,932
216,태백,2023-10-17,936.1
216,태백,2023-10-18,936.4
216,태백,2023-10-19,933.1
216,태백,2023-10-20,931.1
216,태백,2023-10-21,935.5
216,태백,2023-10-22,938.1
216,태백,2023-10-23,939.5
216,태백,2023-10-24,937.1
216,태백,2023-10-25,935.4
216,태백,2023-10-26,932.5
216,태백,2023-10-27,932.1
216,태백,2023-10-28,936.1
216,태백,2023-10-29,939
216,태백,2023-10-30,939.2
216,태백,2023-10-31,938.7
216,태백,2023-11-01,936
216,태백,2023-11-02,935.4
216,태백,2023-11-03,933.9
216,태백,2023-11-04,940.1
216,태백,2023-11-05,937.3
216,태백,2023-11-06,922.9
216,태백,2023-11-07,932.9
216,태백,2023-11-08,938.8
216,태백,2023-11-09,935.9
216,태백,2023-11-10,937
216,태백,2023-11-11,940.5
216,태백,2023-11-12,938.4
216,태백,2023-11-13,938.8
216,태백,2023-11-14,939.3
216,태백,2023-11-15,941.6
216,태백,2023-11-16,934.2
216,태백,2023-11-17,925.6
216,태백,2023-11-18,927.5
216,태백,2023-11-19,930.5
216,태백,2023-11-20,937.2
216,태백,2023-11-21,936.3
216,태백,2023-11-22,932.6
216,태백,2023-11-23,928
216,태백,2023-11-24,937.4
216,태백,2023-11-25,943
216,태백,2023-11-26,938.2
216,태백,2023-11-27,928.8
216,태백,2023-11-28,931.9
216,태백,2023-11-29,935.3
216,태백,2023-11-30,936.8
216,태백,2023-12-01,935.7
216,태백,2023-12-02,936.8
216,태백,2023-12-03,938.2
216,태백,2023-12-04,935.1
216,태백,2023-12-05,932.9
216,태백,2023-12-06,925.5
216,태백,2023-12-07,929.1
216,태백,2023-12-08,930.5
216,태백,2023-12-09,934.7
216,태백,2023-12-10,940.5
216,태백,2023-12-11,936.3
216,태백,2023-12-12,937.1
216,태백,2023-12-13,943.3
216,태백,2023-12-14,940.5
216,태백,2023-12-15,930.1
216,태백,2023-12-16,929.2
216,태백,2023-12-18,943
216,태백,2023-12-19,939.1
216,태백,2023-12-20,934.3
216,태백,2023-12-21,935.5
216,태백,2023-12-22,941.1
216,태백,2023-12-23,945.1
216,태백,2023-12-24,941.5
216,태백,2023-12-25,939.3
216,태백,2023-12-26,940.4
216,태백,2023-12-27,943.7
216,태백,2023-12-28,940.3
216,태백,2023-12-29,938.8
216,태백,2023-12-30,932.4
216,태백,2023-12-31,931.3
216,태백,2024-01-01,940.6
