지점,지점명,일시,평균 지면온도(°C)
106,동해,2017-01-01,0.7
106,동해,2017-01-02,3.1
106,동해,2017-01-03,1.9
106,동해,2017-01-04,2.2
106,동해,2017-01-05,1.6
106,동해,2017-01-06,3.7
106,동해,2017-01-07,2.6
106,동해,2017-01-08,5.5
106,동해,2017-01-09,2.6
106,동해,2017-01-10,-1.3
106,동해,2017-01-11,-2.9
106,동해,2017-01-12,-1.1
106,동해,2017-01-13,-2.9
106,동해,2017-01-14,-4.7
106,동해,2017-01-15,-3.8
106,동해,2017-01-16,-1.4
106,동해,2017-01-17,-1.4
106,동해,2017-01-18,0.3
106,동해,2017-01-19,0.8
106,동해,2017-01-20,-0.7
106,동해,2017-01-21,0.0
106,동해,2017-01-22,0.0
106,동해,2017-01-23,-0.1
106,동해,2017-01-24,-0.2
106,동해,2017-01-25,-0.6
106,동해,2017-01-26,-0.9
106,동해,2017-01-27,-0.3
106,동해,2017-01-28,-0.9
106,동해,2017-01-29,1.6
106,동해,2017-01-30,0.5
106,동해,2017-01-31,0.2
106,동해,2017-02-01,-0.3
106,동해,2017-02-02,-0.3
106,동해,2017-02-03,1.4
106,동해,2017-02-04,2.8
106,동해,2017-02-05,3.6
106,동해,2017-02-06,1.1
106,동해,2017-02-07,1.1
106,동해,2017-02-08,1.9
106,동해,2017-02-09,0.3
106,동해,2017-02-10,-0.8
106,동해,2017-02-11,-0.4
106,동해,2017-02-12,0.3
106,동해,2017-02-13,0.8
106,동해,2017-02-14,2.2
106,동해,2017-02-15,3.1
106,동해,2017-02-16,7.4
106,동해,2017-02-17,7.5
106,동해,2017-02-18,1.3
106,동해,2017-02-19,4.5
106,동해,2017-02-20,6.5
106,동해,2017-02-21,4.5
106,동해,2017-02-22,4.3
106,동해,2017-02-23,4.7
106,동해,2017-02-24,2.4
106,동해,2017-02-25,4.5
106,동해,2017-02-26,3.9
106,동해,2017-02-27,3.3
106,동해,2017-02-28,6.1
106,동해,2017-03-01,7.7
106,동해,2017-03-02,4.2
106,동해,2017-03-03,4.5
106,동해,2017-03-04,4.5
106,동해,2017-03-05,7.2
106,동해,2017-03-06,3.9
106,동해,2017-03-07,3.7
106,동해,2017-03-08,4.3
106,동해,2017-03-09,6.0
106,동해,2017-03-10,7.9
106,동해,2017-03-11,9.0
106,동해,2017-03-12,8.8
106,동해,2017-03-13,9.1
106,동해,2017-03-14,5.5
106,동해,2017-03-15,5.2
106,동해,2017-03-16,7.5
106,동해,2017-03-17,8.6
106,동해,2017-03-18,8.8
106,동해,2017-03-19,10.6
106,동해,2017-03-20,8.6
106,동해,2017-03-21,6.2
106,동해,2017-03-22,8.3
106,동해,2017-03-23,6.8
106,동해,2017-03-24,9.2
106,동해,2017-03-25,7.7
106,동해,2017-03-26,8.8
106,동해,2017-03-27,6.6
106,동해,2017-03-28,9.0
106,동해,2017-03-29,11.7
106,동해,2017-03-30,13.8
106,동해,2017-03-31,8.8
106,동해,2017-04-01,7.9
106,동해,2017-04-02,11.7
106,동해,2017-04-03,13.9
106,동해,2017-04-04,14.8
106,동해,2017-04-05,12.9
106,동해,2017-04-06,13.8
106,동해,2017-04-07,17.0
106,동해,2017-04-08,18.1
106,동해,2017-04-09,12.8
106,동해,2017-04-10,15.6
106,동해,2017-04-11,13.5
106,동해,2017-04-12,15.5
106,동해,2017-04-13,16.2
106,동해,2017-04-14,15.8
106,동해,2017-04-15,19.7
106,동해,2017-04-16,20.7
106,동해,2017-04-17,13.1
106,동해,2017-04-18,15.9
106,동해,2017-04-19,14.9
106,동해,2017-04-20,14.0
106,동해,2017-04-21,15.8
106,동해,2017-04-22,18.5
106,동해,2017-04-23,19.6
106,동해,2017-04-24,21.2
106,동해,2017-04-25,20.7
106,동해,2017-04-26,18.6
106,동해,2017-04-27,17.2
106,동해,2017-04-28,21.8
106,동해,2017-04-29,22.3
106,동해,2017-04-30,23.3
106,동해,2017-05-01,23.7
106,동해,2017-05-02,21.5
106,동해,2017-05-03,22.5
106,동해,2017-05-04,22.2
106,동해,2017-05-05,26.5
106,동해,2017-05-06,24.3
106,동해,2017-05-07,24.3
106,동해,2017-05-08,25.7
106,동해,2017-05-09,19.7
106,동해,2017-05-10,16.5
106,동해,2017-05-11,23.1
106,동해,2017-05-12,21.5
106,동해,2017-05-13,21.5
106,동해,2017-05-14,22.1
106,동해,2017-05-15,21.5
106,동해,2017-05-16,23.1
106,동해,2017-05-17,25.2
106,동해,2017-05-18,27.8
106,동해,2017-05-19,31.3
106,동해,2017-05-20,31.6
106,동해,2017-05-21,29.0
106,동해,2017-05-22,24.7
106,동해,2017-05-23,24.9
106,동해,2017-05-24,22.1
106,동해,2017-05-25,24.2
106,동해,2017-05-26,21.8
106,동해,2017-05-27,25.9
106,동해,2017-05-28,26.7
106,동해,2017-05-29,29.6
106,동해,2017-05-30,25.0
106,동해,2017-05-31,27.6
106,동해,2017-06-01,22.0
106,동해,2017-06-02,20.9
106,동해,2017-06-03,24.1
106,동해,2017-06-04,26.0
106,동해,2017-06-05,27.0
106,동해,2017-06-06,21.3
106,동해,2017-06-07,19.6
106,동해,2017-06-08,28.3
106,동해,2017-06-09,28.5
106,동해,2017-06-10,29.0
106,동해,2017-06-11,28.3
106,동해,2017-06-12,28.6
106,동해,2017-06-13,24.8
106,동해,2017-06-14,24.4
106,동해,2017-06-15,28.8
106,동해,2017-06-16,27.1
106,동해,2017-06-17,28.5
106,동해,2017-06-18,28.4
106,동해,2017-06-19,27.9
106,동해,2017-06-20,28.5
106,동해,2017-06-21,29.5
106,동해,2017-06-22,31.1
106,동해,2017-06-23,30.2
106,동해,2017-06-24,25.8
106,동해,2017-06-25,25.3
106,동해,2017-06-26,26.8
106,동해,2017-06-27,31.6
106,동해,2017-06-28,31.5
106,동해,2017-06-29,29.9
106,동해,2017-06-30,34.0
106,동해,2017-07-01,29.0
106,동해,2017-07-02,24.8
106,동해,2017-07-03,25.4
106,동해,2017-07-04,24.9
106,동해,2017-07-05,27.8
106,동해,2017-07-06,30.2
106,동해,2017-07-07,29.2
106,동해,2017-07-08,26.7
106,동해,2017-07-09,30.1
106,동해,2017-07-10,25.6
106,동해,2017-07-11,29.4
106,동해,2017-07-12,32.3
106,동해,2017-07-13,34.1
106,동해,2017-07-14,34.9
106,동해,2017-07-15,29.0
106,동해,2017-07-16,28.2
106,동해,2017-07-17,30.3
106,동해,2017-07-18,33.1
106,동해,2017-07-19,34.0
106,동해,2017-07-20,35.3
106,동해,2017-07-21,33.9
106,동해,2017-07-22,26.2
106,동해,2017-07-23,24.6
106,동해,2017-07-24,25.9
106,동해,2017-07-25,26.8
106,동해,2017-07-26,28.8
106,동해,2017-07-27,24.9
106,동해,2017-07-28,25.0
106,동해,2017-07-29,24.3
106,동해,2017-07-30,29.6
106,동해,2017-07-31,24.0
106,동해,2017-08-01,25.6
106,동해,2017-08-02,27.2
106,동해,2017-08-03,29.9
106,동해,2017-08-04,32.5
106,동해,2017-08-05,33.7
106,동해,2017-08-06,34.4
106,동해,2017-08-07,30.4
106,동해,2017-08-08,30.5
106,동해,2017-08-09,26.3
106,동해,2017-08-10,24.7
106,동해,2017-08-11,23.8
106,동해,2017-08-12,26.1
106,동해,2017-08-13,24.7
106,동해,2017-08-14,24.0
106,동해,2017-08-15,23.1
106,동해,2017-08-16,23.0
106,동해,2017-08-17,23.6
106,동해,2017-08-18,25.9
106,동해,2017-08-19,24.5
106,동해,2017-08-20,25.0
106,동해,2017-08-21,27.0
106,동해,2017-08-22,34.5
106,동해,2017-08-23,26.5
106,동해,2017-08-24,26.5
106,동해,2017-08-25,28.6
106,동해,2017-08-26,25.5
106,동해,2017-08-27,23.2
106,동해,2017-08-28,24.2
106,동해,2017-08-29,22.5
106,동해,2017-08-30,21.7
106,동해,2017-08-31,23.4
106,동해,2017-09-01,24.4
106,동해,2017-09-02,24.3
106,동해,2017-09-03,24.2
106,동해,2017-09-04,23.9
106,동해,2017-09-05,20.7
106,동해,2017-09-06,21.8
106,동해,2017-09-07,25.7
106,동해,2017-09-08,25.9
106,동해,2017-09-09,25.0
106,동해,2017-09-10,23.9
106,동해,2017-09-11,20.3
106,동해,2017-09-12,24.6
106,동해,2017-09-13,21.5
106,동해,2017-09-14,21.6
106,동해,2017-09-15,28.0
106,동해,2017-09-16,20.7
106,동해,2017-09-17,19.6
106,동해,2017-09-18,22.8
106,동해,2017-09-19,22.6
106,동해,2017-09-20,21.8
106,동해,2017-09-21,22.3
106,동해,2017-09-22,22.7
106,동해,2017-09-23,22.2
106,동해,2017-09-24,23.4
106,동해,2017-09-25,23.8
106,동해,2017-09-26,24.5
106,동해,2017-09-27,19.9
106,동해,2017-09-28,20.0
106,동해,2017-09-29,18.0
106,동해,2017-09-30,20.0
106,동해,2017-10-01,16.2
106,동해,2017-10-02,18.0
106,동해,2017-10-03,16.1
106,동해,2017-10-04,17.1
106,동해,2017-10-05,16.3
106,동해,2017-10-06,15.7
106,동해,2017-10-07,19.0
106,동해,2017-10-08,20.5
106,동해,2017-10-09,21.1
106,동해,2017-10-10,19.0
106,동해,2017-10-11,17.1
106,동해,2017-10-12,15.0
106,동해,2017-10-13,14.5
106,동해,2017-10-14,14.3
106,동해,2017-10-15,15.6
106,동해,2017-10-16,16.3
106,동해,2017-10-17,16.8
106,동해,2017-10-18,13.9
106,동해,2017-10-19,15.4
106,동해,2017-10-20,16.1
106,동해,2017-10-21,15.9
106,동해,2017-10-22,13.9
106,동해,2017-10-23,12.7
106,동해,2017-10-24,11.7
106,동해,2017-10-25,12.5
106,동해,2017-10-26,14.2
106,동해,2017-10-27,15.7
106,동해,2017-10-28,16.7
106,동해,2017-10-29,14.2
106,동해,2017-10-30,10.0
106,동해,2017-10-31,8.7
106,동해,2017-11-01,11.2
106,동해,2017-11-02,12.9
106,동해,2017-11-03,12.6
106,동해,2017-11-04,8.8
106,동해,2017-11-05,7.2
106,동해,2017-11-06,8.9
106,동해,2017-11-07,12.1
106,동해,2017-11-08,12.3
106,동해,2017-11-09,10.2
106,동해,2017-11-10,11.2
106,동해,2017-11-11,6.3
106,동해,2017-11-12,6.3
106,동해,2017-11-13,7.5
106,동해,2017-11-14,8.0
106,동해,2017-11-15,4.2
106,동해,2017-11-16,2.2
106,동해,2017-11-17,4.7
106,동해,2017-11-18,3.1
106,동해,2017-11-19,0.3
106,동해,2017-11-20,1.9
106,동해,2017-11-21,1.6
106,동해,2017-11-22,3.9
106,동해,2017-11-23,0.7
106,동해,2017-11-24,1.1
106,동해,2017-11-25,3.0
106,동해,2017-11-26,4.5
106,동해,2017-11-27,3.8
106,동해,2017-11-28,5.6
106,동해,2017-11-29,6.9
106,동해,2017-11-30,3.7
106,동해,2017-12-01,0.5
106,동해,2017-12-02,1.1
106,동해,2017-12-03,2.9
106,동해,2017-12-04,3.0
106,동해,2017-12-05,-0.9
106,동해,2017-12-06,0.6
106,동해,2017-12-07,2.9
106,동해,2017-12-08,0.0
106,동해,2017-12-09,0.7
106,동해,2017-12-10,2.1
106,동해,2017-12-11,-1.5
106,동해,2017-12-12,-3.2
106,동해,2017-12-13,-3.1
106,동해,2017-12-14,-1.5
106,동해,2017-12-15,-0.6
106,동해,2017-12-16,-0.9
106,동해,2017-12-17,-2.9
106,동해,2017-12-18,-1.3
106,동해,2017-12-19,-1.0
106,동해,2017-12-20,-1.5
106,동해,2017-12-21,-0.3
106,동해,2017-12-22,0.6
106,동해,2017-12-23,2.0
106,동해,2017-12-24,4.1
106,동해,2017-12-25,0.4
106,동해,2017-12-26,-0.9
106,동해,2017-12-27,-2.3
106,동해,2017-12-28,-1.8
106,동해,2017-12-29,0.4
106,동해,2017-12-30,2.3
106,동해,2017-12-31,1.8
106,동해,2018-01-01,-0.1
106,동해,2018-01-02,0.3
106,동해,2018-01-03,-0.7
106,동해,2018-01-04,-0.3
106,동해,2018-01-05,0.7
106,동해,2018-01-06,-0.1
106,동해,2018-01-07,0.7
106,동해,2018-01-08,3.6
106,동해,2018-01-09,-0.3
106,동해,2018-01-10,-2.1
106,동해,2018-01-11,-3.9
106,동해,2018-01-12,-4.5
106,동해,2018-01-13,-2.0
106,동해,2018-01-14,-1.2
106,동해,2018-01-15,3.2
106,동해,2018-01-16,3.4
106,동해,2018-01-17,4.3
106,동해,2018-01-18,2.7
106,동해,2018-01-19,1.8
106,동해,2018-01-20,1.1
106,동해,2018-01-21,0.7
106,동해,2018-01-22,2.3
106,동해,2018-01-23,-2.2
106,동해,2018-01-24,-5.2
106,동해,2018-01-25,-5.0
106,동해,2018-01-26,-5.4
106,동해,2018-01-27,-3.4
106,동해,2018-01-28,-1.0
106,동해,2018-01-29,-3.6
106,동해,2018-01-30,-2.9
106,동해,2018-01-31,-1.5
106,동해,2018-02-01,-1.6
106,동해,2018-02-02,-2.0
106,동해,2018-02-03,-2.1
106,동해,2018-02-04,-2.6
106,동해,2018-02-05,-3.9
106,동해,2018-02-06,-4.5
106,동해,2018-02-07,-3.5
106,동해,2018-02-08,-2.3
106,동해,2018-02-09,0.7
106,동해,2018-02-10,2.2
106,동해,2018-02-11,-1.9
106,동해,2018-02-12,-2.2
106,동해,2018-02-13,-0.4
106,동해,2018-02-14,3.0
106,동해,2018-02-15,2.4
106,동해,2018-02-16,1.9
106,동해,2018-02-17,0.8
106,동해,2018-02-18,1.5
106,동해,2018-02-19,2.8
106,동해,2018-02-20,3.5
106,동해,2018-02-21,1.9
106,동해,2018-02-22,3.2
106,동해,2018-02-23,4.7
106,동해,2018-02-24,3.1
106,동해,2018-02-25,5.5
106,동해,2018-02-26,4.8
106,동해,2018-02-27,5.2
106,동해,2018-02-28,5.1
106,동해,2018-03-01,5.1
106,동해,2018-03-02,2.9
106,동해,2018-03-03,5.8
106,동해,2018-03-04,9.4
106,동해,2018-03-05,2.5
106,동해,2018-03-06,4.4
106,동해,2018-03-07,4.3
106,동해,2018-03-08,4.1
106,동해,2018-03-09,2.3
106,동해,2018-03-10,4.4
106,동해,2018-03-11,7.0
106,동해,2018-03-12,8.2
106,동해,2018-03-13,12.9
106,동해,2018-03-14,14.5
106,동해,2018-03-15,11.7
106,동해,2018-03-16,4.2
106,동해,2018-03-17,6.2
106,동해,2018-03-18,7.3
106,동해,2018-03-19,6.5
106,동해,2018-03-20,3.4
106,동해,2018-03-21,2.3
106,동해,2018-03-22,6.8
106,동해,2018-03-23,9.3
106,동해,2018-03-24,11.6
106,동해,2018-03-25,15.0
106,동해,2018-03-26,15.5
106,동해,2018-03-27,17.0
106,동해,2018-03-28,17.9
106,동해,2018-03-29,15.7
106,동해,2018-03-30,13.7
106,동해,2018-03-31,15.9
106,동해,2018-04-01,14.0
106,동해,2018-04-02,19.7
106,동해,2018-04-03,19.5
106,동해,2018-04-04,8.6
106,동해,2018-04-05,8.1
106,동해,2018-04-06,10.4
106,동해,2018-04-07,7.2
106,동해,2018-04-08,8.6
106,동해,2018-04-09,14.0
106,동해,2018-04-10,14.8
106,동해,2018-04-11,18.5
106,동해,2018-04-12,17.0
106,동해,2018-04-13,15.5
106,동해,2018-04-14,9.9
106,동해,2018-04-15,14.8
106,동해,2018-04-16,16.4
106,동해,2018-04-17,16.7
106,동해,2018-04-18,19.0
106,동해,2018-04-19,21.6
106,동해,2018-04-20,22.4
106,동해,2018-04-21,24.7
106,동해,2018-04-22,17.4
106,동해,2018-04-23,9.9
106,동해,2018-04-24,9.4
106,동해,2018-04-25,14.2
106,동해,2018-04-26,17.7
106,동해,2018-04-27,17.7
106,동해,2018-04-28,21.1
106,동해,2018-04-29,22.3
106,동해,2018-04-30,24.6
106,동해,2018-05-01,20.0
106,동해,2018-05-02,13.7
106,동해,2018-05-03,12.0
106,동해,2018-05-04,18.1
106,동해,2018-05-05,21.8
106,동해,2018-05-06,16.0
106,동해,2018-05-07,16.9
106,동해,2018-05-08,12.9
106,동해,2018-05-09,12.0
106,동해,2018-05-10,19.7
106,동해,2018-05-11,23.8
106,동해,2018-05-12,17.7
106,동해,2018-05-13,18.9
106,동해,2018-05-14,25.2
106,동해,2018-05-15,27.0
106,동해,2018-05-16,20.4
106,동해,2018-05-17,25.2
106,동해,2018-05-18,12.7
106,동해,2018-05-19,19.7
106,동해,2018-05-20,18.0
106,동해,2018-05-21,21.9
106,동해,2018-05-22,21.7
106,동해,2018-05-23,24.0
106,동해,2018-05-24,27.4
106,동해,2018-05-25,26.4
106,동해,2018-05-26,25.4
106,동해,2018-05-27,20.3
106,동해,2018-05-28,24.5
106,동해,2018-05-29,21.8
106,동해,2018-05-30,21.4
106,동해,2018-05-31,25.6
106,동해,2018-06-01,29.9
106,동해,2018-06-02,30.9
106,동해,2018-06-03,32.2
106,동해,2018-06-04,30.8
106,동해,2018-06-05,26.3
106,동해,2018-06-06,31.4
106,동해,2018-06-07,32.6
106,동해,2018-06-08,32.0
106,동해,2018-06-09,25.7
106,동해,2018-06-10,21.5
106,동해,2018-06-11,19.3
106,동해,2018-06-12,27.2
106,동해,2018-06-13,23.6
106,동해,2018-06-14,20.2
106,동해,2018-06-15,27.0
106,동해,2018-06-16,24.6
106,동해,2018-06-17,26.6
106,동해,2018-06-18,30.6
106,동해,2018-06-19,26.3
106,동해,2018-06-20,29.7
106,동해,2018-06-21,31.9
106,동해,2018-06-22,32.2
106,동해,2018-06-23,30.7
106,동해,2018-06-24,35.8
106,동해,2018-06-25,33.0
106,동해,2018-06-26,22.6
106,동해,2018-06-27,25.5
106,동해,2018-06-28,25.2
106,동해,2018-06-29,26.0
106,동해,2018-06-30,24.1
106,동해,2018-07-01,21.7
106,동해,2018-07-02,21.8
106,동해,2018-07-03,26.0
106,동해,2018-07-04,25.2
106,동해,2018-07-05,22.6
106,동해,2018-07-06,19.9
106,동해,2018-07-07,20.2
106,동해,2018-07-08,20.1
106,동해,2018-07-09,19.6
106,동해,2018-07-10,23.5
106,동해,2018-07-11,21.8
106,동해,2018-07-12,27.7
106,동해,2018-07-13,32.4
106,동해,2018-07-14,32.9
106,동해,2018-07-15,34.1
106,동해,2018-07-16,34.7
106,동해,2018-07-17,35.8
106,동해,2018-07-18,35.1
106,동해,2018-07-19,34.9
106,동해,2018-07-20,35.8
106,동해,2018-07-21,36.5
106,동해,2018-07-22,37.9
106,동해,2018-07-23,36.8
106,동해,2018-07-24,38.0
106,동해,2018-07-25,38.4
106,동해,2018-07-26,38.4
106,동해,2018-07-27,38.0
106,동해,2018-07-28,35.3
106,동해,2018-07-29,29.8
106,동해,2018-07-30,33.5
106,동해,2018-07-31,36.4
106,동해,2018-08-01,37.5
106,동해,2018-08-02,36.8
106,동해,2018-08-03,38.4
106,동해,2018-08-04,40.3
106,동해,2018-08-05,40.8
106,동해,2018-08-06,26.0
106,동해,2018-08-07,27.9
106,동해,2018-08-08,28.6
106,동해,2018-08-09,28.1
106,동해,2018-08-10,26.9
106,동해,2018-08-11,28.6
106,동해,2018-08-12,28.8
106,동해,2018-08-13,32.5
106,동해,2018-08-14,32.2
106,동해,2018-08-15,33.9
106,동해,2018-08-16,26.6
106,동해,2018-08-17,23.9
106,동해,2018-08-18,26.6
106,동해,2018-08-19,28.6
106,동해,2018-08-20,28.2
106,동해,2018-08-21,29.3
106,동해,2018-08-22,30.5
106,동해,2018-08-23,28.8
106,동해,2018-08-24,26.3
106,동해,2018-08-25,23.8
106,동해,2018-08-26,22.2
106,동해,2018-08-27,23.7
106,동해,2018-08-28,23.5
106,동해,2018-08-29,24.3
106,동해,2018-08-30,27.8
106,동해,2018-08-31,26.2
106,동해,2018-09-01,23.9
106,동해,2018-09-02,25.5
106,동해,2018-09-03,24.8
106,동해,2018-09-04,24.3
106,동해,2018-09-05,23.5
106,동해,2018-09-06,23.9
106,동해,2018-09-07,21.3
106,동해,2018-09-08,24.7
106,동해,2018-09-09,25.0
106,동해,2018-09-10,22.3
106,동해,2018-09-11,22.3
106,동해,2018-09-12,20.2
106,동해,2018-09-13,20.5
106,동해,2018-09-14,20.9
106,동해,2018-09-15,22.6
106,동해,2018-09-16,22.8
106,동해,2018-09-17,23.2
106,동해,2018-09-18,23.5
106,동해,2018-09-19,24.3
106,동해,2018-09-20,19.8
106,동해,2018-09-21,19.8
106,동해,2018-09-22,21.9
106,동해,2018-09-23,19.5
106,동해,2018-09-24,18.5
106,동해,2018-09-25,19.6
106,동해,2018-09-26,16.9
106,동해,2018-09-27,17.7
106,동해,2018-09-28,15.7
106,동해,2018-09-29,18.5
106,동해,2018-09-30,22.0
106,동해,2018-10-01,18.8
106,동해,2018-10-02,19.8
106,동해,2018-10-03,20.1
106,동해,2018-10-04,18.3
106,동해,2018-10-05,17.2
106,동해,2018-10-06,17.0
106,동해,2018-10-07,19.3
106,동해,2018-10-08,15.3
106,동해,2018-10-09,14.9
106,동해,2018-10-10,16.7
106,동해,2018-10-11,14.5
106,동해,2018-10-12,14.9
106,동해,2018-10-13,14.9
106,동해,2018-10-14,16.0
106,동해,2018-10-15,16.4
106,동해,2018-10-16,15.4
106,동해,2018-10-17,13.5
106,동해,2018-10-18,12.1
106,동해,2018-10-19,12.8
106,동해,2018-10-20,12.9
106,동해,2018-10-21,13.0
106,동해,2018-10-22,12.9
106,동해,2018-10-23,12.9
106,동해,2018-10-24,13.2
106,동해,2018-10-25,13.6
106,동해,2018-10-26,12.6
106,동해,2018-10-27,10.2
106,동해,2018-10-28,8.6
106,동해,2018-10-29,6.3
106,동해,2018-10-30,8.3
106,동해,2018-10-31,8.9
106,동해,2018-11-01,9.8
106,동해,2018-11-02,10.7
106,동해,2018-11-03,11.3
106,동해,2018-11-04,12.0
106,동해,2018-11-05,12.8
106,동해,2018-11-06,14.7
106,동해,2018-11-07,12.9
106,동해,2018-11-08,12.3
106,동해,2018-11-09,12.4
106,동해,2018-11-10,10.6
106,동해,2018-11-11,7.8
106,동해,2018-11-12,8.0
106,동해,2018-11-13,9.6
106,동해,2018-11-14,8.9
106,동해,2018-11-15,7.0
106,동해,2018-11-16,7.4
106,동해,2018-11-17,8.0
106,동해,2018-11-18,6.6
106,동해,2018-11-19,5.2
106,동해,2018-11-20,4.9
106,동해,2018-11-21,6.0
106,동해,2018-11-22,2.7
106,동해,2018-11-23,1.5
106,동해,2018-11-24,3.4
106,동해,2018-11-25,4.1
106,동해,2018-11-26,5.6
106,동해,2018-11-27,7.3
106,동해,2018-11-28,5.8
106,동해,2018-11-29,3.6
106,동해,2018-11-30,3.0
106,동해,2018-12-01,4.4
106,동해,2018-12-02,6.4
106,동해,2018-12-03,10.6
106,동해,2018-12-04,10.5
106,동해,2018-12-05,5.1
106,동해,2018-12-06,5.1
106,동해,2018-12-07,-1.8
106,동해,2018-12-08,-4.6
106,동해,2018-12-09,-3.7
106,동해,2018-12-10,-2.0
106,동해,2018-12-11,-0.1
106,동해,2018-12-12,-0.4
106,동해,2018-12-13,-1.7
106,동해,2018-12-14,-2.0
106,동해,2018-12-15,-1.2
106,동해,2018-12-16,0.9
106,동해,2018-12-17,1.2
106,동해,2018-12-18,0.4
106,동해,2018-12-19,2.3
106,동해,2018-12-20,1.7
106,동해,2018-12-21,2.5
106,동해,2018-12-22,5.3
106,동해,2018-12-23,5.1
106,동해,2018-12-24,0.5
106,동해,2018-12-25,0.4
106,동해,2018-12-26,2.0
106,동해,2018-12-27,-1.6
106,동해,2018-12-28,-3.0
106,동해,2018-12-29,-3.1
106,동해,2018-12-30,-3.1
106,동해,2018-12-31,-1.8
106,동해,2019-01-01,-3.3
106,동해,2019-01-02,-2.1
106,동해,2019-01-03,-2.2
106,동해,2019-01-04,-0.6
106,동해,2019-01-05,-0.2
106,동해,2019-01-06,-0.1
106,동해,2019-01-07,-1.3
106,동해,2019-01-08,-0.5
106,동해,2019-01-09,-1.7
106,동해,2019-01-10,1.6
106,동해,2019-01-11,1.7
106,동해,2019-01-12,2.1
106,동해,2019-01-13,1.7
106,동해,2019-01-14,0.7
106,동해,2019-01-15,0.3
106,동해,2019-01-16,-2.1
106,동해,2019-01-17,-0.8
106,동해,2019-01-18,0.6
106,동해,2019-01-19,4.8
106,동해,2019-01-20,2.3
106,동해,2019-01-21,2.0
106,동해,2019-01-22,3.6
106,동해,2019-01-23,2.9
106,동해,2019-01-24,3.0
106,동해,2019-01-25,1.7
106,동해,2019-01-26,0.9
106,동해,2019-01-27,0.5
106,동해,2019-01-28,3.1
106,동해,2019-01-29,1.1
106,동해,2019-01-30,5.2
106,동해,2019-01-31,1.9
106,동해,2019-02-01,-0.1
106,동해,2019-02-02,1.5
106,동해,2019-02-03,3.8
106,동해,2019-02-04,2.5
106,동해,2019-02-05,1.8
106,동해,2019-02-06,4.0
106,동해,2019-02-07,3.2
106,동해,2019-02-08,-0.4
106,동해,2019-02-09,0.6
106,동해,2019-02-10,0.3
106,동해,2019-02-11,1.4
106,동해,2019-02-12,0.7
106,동해,2019-02-13,0.5
106,동해,2019-02-14,0.1
106,동해,2019-02-15,2.3
106,동해,2019-02-16,0.8
106,동해,2019-02-17,0.8
106,동해,2019-02-18,2.9
106,동해,2019-02-19,3.6
106,동해,2019-02-20,2.4
106,동해,2019-02-21,2.9
106,동해,2019-02-22,3.7
106,동해,2019-02-23,5.0
106,동해,2019-02-24,5.8
106,동해,2019-02-25,7.2
106,동해,2019-02-26,6.1
106,동해,2019-02-27,7.8
106,동해,2019-02-28,7.3
106,동해,2019-03-01,6.8
106,동해,2019-03-02,7.6
106,동해,2019-03-03,9.1
106,동해,2019-03-04,10.2
106,동해,2019-03-05,9.5
106,동해,2019-03-06,10.2
106,동해,2019-03-07,5.9
106,동해,2019-03-08,7.1
106,동해,2019-03-09,7.0
106,동해,2019-03-10,7.1
106,동해,2019-03-11,6.6
106,동해,2019-03-12,6.9
106,동해,2019-03-13,6.3
106,동해,2019-03-14,8.0
106,동해,2019-03-15,8.7
106,동해,2019-03-16,8.0
106,동해,2019-03-17,8.5
106,동해,2019-03-18,10.9
106,동해,2019-03-19,13.7
106,동해,2019-03-20,12.8
106,동해,2019-03-21,12.0
106,동해,2019-03-22,7.7
106,동해,2019-03-23,6.8
106,동해,2019-03-24,9.4
106,동해,2019-03-25,12.3
106,동해,2019-03-26,13.0
106,동해,2019-03-27,14.8
106,동해,2019-03-28,7.4
106,동해,2019-03-29,9.4
106,동해,2019-03-30,10.0
106,동해,2019-03-31,8.9
106,동해,2019-04-01,7.4
106,동해,2019-04-02,10.2
106,동해,2019-04-03,12.0
106,동해,2019-04-04,15.7
106,동해,2019-04-05,15.4
106,동해,2019-04-06,13.1
106,동해,2019-04-07,15.5
106,동해,2019-04-08,13.9
106,동해,2019-04-09,10.9
106,동해,2019-04-10,6.2
106,동해,2019-04-11,9.1
106,동해,2019-04-12,13.8
106,동해,2019-04-13,13.9
106,동해,2019-04-14,11.2
106,동해,2019-04-15,14.8
106,동해,2019-04-16,18.3
106,동해,2019-04-17,19.5
106,동해,2019-04-18,17.4
106,동해,2019-04-19,12.4
106,동해,2019-04-20,17.6
106,동해,2019-04-21,17.7
106,동해,2019-04-22,19.4
106,동해,2019-04-23,20.6
106,동해,2019-04-24,19.6
106,동해,2019-04-25,12.9
106,동해,2019-04-26,9.3
106,동해,2019-04-27,15.1
106,동해,2019-04-28,12.5
106,동해,2019-04-29,13.0
106,동해,2019-04-30,17.9
106,동해,2019-05-01,19.8
106,동해,2019-05-02,21.2
106,동해,2019-05-03,21.7
106,동해,2019-05-04,21.2
106,동해,2019-05-05,21.1
106,동해,2019-05-06,16.6
106,동해,2019-05-07,20.1
106,동해,2019-05-08,22.5
106,동해,2019-05-09,24.7
106,동해,2019-05-10,25.0
106,동해,2019-05-11,24.3
106,동해,2019-05-12,17.7
106,동해,2019-05-13,19.9
106,동해,2019-05-14,23.6
106,동해,2019-05-15,24.0
106,동해,2019-05-16,25.2
106,동해,2019-05-17,25.8
106,동해,2019-05-18,21.2
106,동해,2019-05-19,23.9
106,동해,2019-05-20,20.2
106,동해,2019-05-21,24.6
106,동해,2019-05-22,27.2
106,동해,2019-05-23,27.3
106,동해,2019-05-24,31.5
106,동해,2019-05-25,30.5
106,동해,2019-05-26,32.1
106,동해,2019-05-27,20.1
106,동해,2019-05-28,24.9
106,동해,2019-05-29,27.4
106,동해,2019-05-30,25.9
106,동해,2019-05-31,25.6
106,동해,2019-06-01,27.4
106,동해,2019-06-02,29.7
106,동해,2019-06-03,29.8
106,동해,2019-06-04,32.1
106,동해,2019-06-05,29.9
106,동해,2019-06-06,23.7
106,동해,2019-06-07,16.1
106,동해,2019-06-08,21.3
106,동해,2019-06-09,20.5
106,동해,2019-06-10,20.0
106,동해,2019-06-11,16.9
106,동해,2019-06-12,24.8
106,동해,2019-06-13,26.3
106,동해,2019-06-14,22.8
106,동해,2019-06-15,23.4
106,동해,2019-06-16,22.0
106,동해,2019-06-17,26.4
106,동해,2019-06-18,27.8
106,동해,2019-06-19,28.2
106,동해,2019-06-20,27.8
106,동해,2019-06-21,24.7
106,동해,2019-06-22,30.6
106,동해,2019-06-23,28.9
106,동해,2019-06-24,30.6
106,동해,2019-06-25,30.3
106,동해,2019-06-26,24.3
106,동해,2019-06-27,25.7
106,동해,2019-06-28,25.7
106,동해,2019-06-29,23.7
106,동해,2019-06-30,25.1
106,동해,2019-07-01,24.4
106,동해,2019-07-02,29.3
106,동해,2019-07-03,28.0
106,동해,2019-07-04,29.7
106,동해,2019-07-05,31.2
106,동해,2019-07-06,33.3
106,동해,2019-07-07,27.3
106,동해,2019-07-08,23.7
106,동해,2019-07-09,27.1
106,동해,2019-07-10,20.3
106,동해,2019-07-11,22.3
106,동해,2019-07-12,27.1
106,동해,2019-07-13,27.3
106,동해,2019-07-14,27.0
106,동해,2019-07-15,24.8
106,동해,2019-07-16,25.6
106,동해,2019-07-17,26.8
106,동해,2019-07-18,29.6
106,동해,2019-07-19,31.0
106,동해,2019-07-20,23.2
106,동해,2019-07-21,26.0
106,동해,2019-07-22,29.6
106,동해,2019-07-23,31.8
106,동해,2019-07-24,29.5
106,동해,2019-07-25,30.7
106,동해,2019-07-26,26.8
106,동해,2019-07-27,31.6
106,동해,2019-07-28,30.0
106,동해,2019-07-29,31.0
106,동해,2019-07-30,28.5
106,동해,2019-07-31,34.6
106,동해,2019-08-01,36.2
106,동해,2019-08-02,35.6
106,동해,2019-08-03,31.5
106,동해,2019-08-04,32.4
106,동해,2019-08-05,34.9
106,동해,2019-08-06,32.0
106,동해,2019-08-07,28.5
106,동해,2019-08-08,31.2
106,동해,2019-08-09,32.8
106,동해,2019-08-10,32.5
106,동해,2019-08-11,29.5
106,동해,2019-08-12,29.7
106,동해,2019-08-13,29.3
106,동해,2019-08-14,28.8
106,동해,2019-08-15,25.9
106,동해,2019-08-16,28.9
106,동해,2019-08-17,29.3
106,동해,2019-08-18,29.6
106,동해,2019-08-19,28.7
106,동해,2019-08-20,29.6
106,동해,2019-08-21,28.9
106,동해,2019-08-22,28.7
106,동해,2019-08-23,29.2
106,동해,2019-08-24,24.9
106,동해,2019-08-25,28.2
106,동해,2019-08-26,29.5
106,동해,2019-08-27,24.3
106,동해,2019-08-28,26.0
106,동해,2019-08-29,26.2
106,동해,2019-08-30,28.8
106,동해,2019-08-31,28.0
106,동해,2019-09-01,26.9
106,동해,2019-09-02,28.1
106,동해,2019-09-03,23.0
106,동해,2019-09-04,23.7
106,동해,2019-09-05,26.7
106,동해,2019-09-06,26.4
106,동해,2019-09-07,25.5
106,동해,2019-09-08,26.8
106,동해,2019-09-09,25.8
106,동해,2019-09-10,25.6
106,동해,2019-09-11,22.6
106,동해,2019-09-12,22.4
106,동해,2019-09-13,22.8
106,동해,2019-09-14,23.2
106,동해,2019-09-15,23.0
106,동해,2019-09-16,22.5
106,동해,2019-09-17,24.4
106,동해,2019-09-18,24.8
106,동해,2019-09-19,24.4
106,동해,2019-09-20,22.0
106,동해,2019-09-21,19.1
106,동해,2019-09-22,17.5
106,동해,2019-09-23,17.9
106,동해,2019-09-24,19.9
106,동해,2019-09-25,21.1
106,동해,2019-09-26,21.1
106,동해,2019-09-27,21.2
106,동해,2019-09-28,24.4
106,동해,2019-09-29,24.1
106,동해,2019-09-30,24.1
106,동해,2019-10-01,21.7
106,동해,2019-10-02,21.8
106,동해,2019-10-03,20.5
106,동해,2019-10-04,20.2
106,동해,2019-10-05,17.3
106,동해,2019-10-06,15.7
106,동해,2019-10-07,16.6
106,동해,2019-10-08,17.0
106,동해,2019-10-09,15.7
106,동해,2019-10-10,16.2
106,동해,2019-10-11,17.4
106,동해,2019-10-12,17.4
106,동해,2019-10-13,15.9
106,동해,2019-10-14,16.8
106,동해,2019-10-15,13.8
106,동해,2019-10-16,14.7
106,동해,2019-10-17,14.7
106,동해,2019-10-18,15.7
106,동해,2019-10-19,16.7
106,동해,2019-10-20,16.5
106,동해,2019-10-21,16.6
106,동해,2019-10-22,16.5
106,동해,2019-10-23,16.1
106,동해,2019-10-24,16.0
106,동해,2019-10-25,15.8
106,동해,2019-10-26,14.0
106,동해,2019-10-27,11.7
106,동해,2019-10-28,12.3
106,동해,2019-10-29,13.6
106,동해,2019-10-30,11.9
106,동해,2019-10-31,13.3
106,동해,2019-11-01,14.4
106,동해,2019-11-02,13.9
106,동해,2019-11-03,12.3
106,동해,2019-11-04,13.2
106,동해,2019-11-05,11.5
106,동해,2019-11-06,12.0
106,동해,2019-11-07,10.9
106,동해,2019-11-08,9.6
106,동해,2019-11-09,8.5
106,동해,2019-11-10,10.9
106,동해,2019-11-11,10.9
106,동해,2019-11-12,10.0
106,동해,2019-11-13,8.8
106,동해,2019-11-14,3.9
106,동해,2019-11-15,6.4
106,동해,2019-11-16,8.7
106,동해,2019-11-17,9.0
106,동해,2019-11-18,9.1
106,동해,2019-11-19,2.6
106,동해,2019-11-20,2.3
106,동해,2019-11-21,3.7
106,동해,2019-11-22,7.7
106,동해,2019-11-23,9.0
106,동해,2019-11-24,11.8
106,동해,2019-11-25,8.5
106,동해,2019-11-26,7.5
106,동해,2019-11-27,6.2
106,동해,2019-11-28,5.8
106,동해,2019-11-29,3.5
106,동해,2019-11-30,5.8
106,동해,2019-12-01,6.5
106,동해,2019-12-02,3.2
106,동해,2019-12-03,0.7
106,동해,2019-12-04,2.0
106,동해,2019-12-05,0.2
106,동해,2019-12-06,-0.1
106,동해,2019-12-07,1.1
106,동해,2019-12-08,1.9
106,동해,2019-12-09,3.2
106,동해,2019-12-10,6.2
106,동해,2019-12-11,5.9
106,동해,2019-12-12,1.5
106,동해,2019-12-13,2.6
106,동해,2019-12-14,4.4
106,동해,2019-12-15,5.6
106,동해,2019-12-16,5.7
106,동해,2019-12-17,7.1
106,동해,2019-12-18,6.8
106,동해,2019-12-19,3.2
106,동해,2019-12-20,0.8
106,동해,2019-12-21,1.2
106,동해,2019-12-22,3.2
106,동해,2019-12-23,4.7
106,동해,2019-12-24,2.9
106,동해,2019-12-25,2.9
106,동해,2019-12-26,3.9
106,동해,2019-12-27,1.3
106,동해,2019-12-28,0.5
106,동해,2019-12-29,2.6
106,동해,2019-12-30,5.1
106,동해,2019-12-31,-0.7
106,동해,2020-01-01,0.4
106,동해,2020-01-02,1.5
106,동해,2020-01-03,2.9
106,동해,2020-01-04,2.4
106,동해,2020-01-05,2.1
106,동해,2020-01-06,4.0
106,동해,2020-01-07,7.0
106,동해,2020-01-08,5.9
106,동해,2020-01-09,1.8
106,동해,2020-01-10,2.0
106,동해,2020-01-11,1.8
106,동해,2020-01-12,2.3
106,동해,2020-01-13,-0.8
106,동해,2020-01-14,-0.4
106,동해,2020-01-15,-0.6
106,동해,2020-01-16,0.4
106,동해,2020-01-17,2.2
106,동해,2020-01-18,4.2
106,동해,2020-01-19,2.3
106,동해,2020-01-20,1.3
106,동해,2020-01-21,0.9
106,동해,2020-01-22,2.9
106,동해,2020-01-23,4.5
106,동해,2020-01-24,3.7
106,동해,2020-01-25,5.6
106,동해,2020-01-26,5.2
106,동해,2020-01-27,5.3
106,동해,2020-01-28,6.2
106,동해,2020-01-29,5.2
106,동해,2020-01-30,3.9
106,동해,2020-01-31,3.4
106,동해,2020-02-01,3.0
106,동해,2020-02-02,2.9
106,동해,2020-02-03,2.4
106,동해,2020-02-04,1.6
106,동해,2020-02-05,0.5
106,동해,2020-02-06,-0.2
106,동해,2020-02-07,1.4
106,동해,2020-02-08,2.8
106,동해,2020-02-09,1.3
106,동해,2020-02-10,1.4
106,동해,2020-02-11,4.1
106,동해,2020-02-12,6.5
106,동해,2020-02-13,9.2
106,동해,2020-02-14,9.0
106,동해,2020-02-15,10.2
106,동해,2020-02-16,7.1
106,동해,2020-02-17,2.2
106,동해,2020-02-18,2.6
106,동해,2020-02-19,4.1
106,동해,2020-02-20,6.0
106,동해,2020-02-21,7.1
106,동해,2020-02-22,7.9
106,동해,2020-02-23,6.3
106,동해,2020-02-24,7.6
106,동해,2020-02-25,6.7
106,동해,2020-02-26,6.0
106,동해,2020-02-27,5.8
106,동해,2020-02-28,5.3
106,동해,2020-02-29,7.2
106,동해,2020-03-01,7.6
106,동해,2020-03-02,9.7
106,동해,2020-03-03,8.9
106,동해,2020-03-04,8.6
106,동해,2020-03-05,7.0
106,동해,2020-03-06,7.2
106,동해,2020-03-07,8.6
106,동해,2020-03-08,10.9
106,동해,2020-03-09,11.4
106,동해,2020-03-10,9.7
106,동해,2020-03-11,8.4
106,동해,2020-03-12,10.5
106,동해,2020-03-13,8.8
106,동해,2020-03-14,10.1
106,동해,2020-03-15,8.2
106,동해,2020-03-16,5.7
106,동해,2020-03-17,8.1
106,동해,2020-03-18,11.8
106,동해,2020-03-19,12.1
106,동해,2020-03-20,12.5
106,동해,2020-03-21,15.6
106,동해,2020-03-22,14.1
106,동해,2020-03-23,12.8
106,동해,2020-03-24,13.7
106,동해,2020-03-25,15.0
106,동해,2020-03-26,18.3
106,동해,2020-03-27,12.5
106,동해,2020-03-28,10.9
106,동해,2020-03-29,7.9
106,동해,2020-03-30,13.5
106,동해,2020-03-31,14.4
106,동해,2020-04-01,10.5
106,동해,2020-04-02,12.9
106,동해,2020-04-03,15.6
106,동해,2020-04-04,13.3
106,동해,2020-04-05,13.4
106,동해,2020-04-06,14.9
106,동해,2020-04-07,16.9
106,동해,2020-04-08,13.4
106,동해,2020-04-09,11.7
106,동해,2020-04-10,15.7
106,동해,2020-04-11,15.1
106,동해,2020-04-12,9.6
106,동해,2020-04-13,10.9
106,동해,2020-04-14,15.9
106,동해,2020-04-15,16.3
106,동해,2020-04-16,16.3
106,동해,2020-04-17,14.4
106,동해,2020-04-18,13.4
106,동해,2020-04-19,13.6
106,동해,2020-04-20,13.9
106,동해,2020-04-21,13.6
106,동해,2020-04-22,14.0
106,동해,2020-04-23,14.8
106,동해,2020-04-24,16.4
106,동해,2020-04-25,18.3
106,동해,2020-04-26,14.4
106,동해,2020-04-27,14.1
106,동해,2020-04-28,18.2
106,동해,2020-04-29,19.9
106,동해,2020-04-30,22.5
106,동해,2020-05-01,25.6
106,동해,2020-05-02,25.6
106,동해,2020-05-03,23.0
106,동해,2020-05-04,20.9
106,동해,2020-05-05,18.1
106,동해,2020-05-06,21.3
106,동해,2020-05-07,20.6
106,동해,2020-05-08,22.7
106,동해,2020-05-09,17.2
106,동해,2020-05-10,21.4
106,동해,2020-05-11,23.7
106,동해,2020-05-12,22.7
106,동해,2020-05-13,23.8
106,동해,2020-05-14,24.0
106,동해,2020-05-15,17.8
106,동해,2020-05-16,18.2
106,동해,2020-05-17,22.6
106,동해,2020-05-18,17.2
106,동해,2020-05-19,15.4
106,동해,2020-05-20,13.5
106,동해,2020-05-21,18.7
106,동해,2020-05-22,17.3
106,동해,2020-05-23,21.5
106,동해,2020-05-24,20.4
106,동해,2020-05-25,23.1
106,동해,2020-05-26,22.8
106,동해,2020-05-27,24.2
106,동해,2020-05-28,23.3
106,동해,2020-05-29,25.4
106,동해,2020-05-30,25.5
106,동해,2020-05-31,26.1
106,동해,2020-06-01,28.2
106,동해,2020-06-02,26.5
106,동해,2020-06-03,28.2
106,동해,2020-06-04,30.4
106,동해,2020-06-05,23.5
106,동해,2020-06-06,26.8
106,동해,2020-06-07,27.6
106,동해,2020-06-08,29.9
106,동해,2020-06-09,32.1
106,동해,2020-06-10,32.5
106,동해,2020-06-11,31.5
106,동해,2020-06-12,25.8
106,동해,2020-06-13,30.9
106,동해,2020-06-14,35.8
106,동해,2020-06-15,30.9
106,동해,2020-06-16,31.1
106,동해,2020-06-17,34.3
106,동해,2020-06-18,28.5
106,동해,2020-06-19,21.5
106,동해,2020-06-20,32.5
106,동해,2020-06-21,29.3
106,동해,2020-06-22,34.0
106,동해,2020-06-23,30.3
106,동해,2020-06-24,24.4
106,동해,2020-06-25,24.2
106,동해,2020-06-26,32.7
106,동해,2020-06-27,26.6
106,동해,2020-06-28,32.7
106,동해,2020-06-29,26.9
106,동해,2020-06-30,21.2
106,동해,2020-07-01,21.9
106,동해,2020-07-02,29.3
106,동해,2020-07-03,27.3
106,동해,2020-07-04,29.8
106,동해,2020-07-05,31.2
106,동해,2020-07-06,32.3
106,동해,2020-07-07,32.7
106,동해,2020-07-08,30.7
106,동해,2020-07-09,29.1
106,동해,2020-07-10,23.7
106,동해,2020-07-11,23.4
106,동해,2020-07-12,22.8
106,동해,2020-07-13,19.7
106,동해,2020-07-14,19.9
106,동해,2020-07-15,22.5
106,동해,2020-07-16,26.8
106,동해,2020-07-17,29.5
106,동해,2020-07-18,28.4
106,동해,2020-07-19,27.2
106,동해,2020-07-20,26.8
106,동해,2020-07-21,34.8
106,동해,2020-07-22,29.3
106,동해,2020-07-23,23.0
106,동해,2020-07-24,22.8
106,동해,2020-07-25,23.0
106,동해,2020-07-26,25.8
106,동해,2020-07-27,24.2
106,동해,2020-07-28,24.8
106,동해,2020-07-29,25.7
106,동해,2020-07-30,22.5
106,동해,2020-07-31,21.6
106,동해,2020-08-01,21.0
106,동해,2020-08-02,28.9
106,동해,2020-08-03,25.1
106,동해,2020-08-04,27.2
106,동해,2020-08-05,24.8
106,동해,2020-08-06,24.2
106,동해,2020-08-07,25.5
106,동해,2020-08-08,23.5
106,동해,2020-08-09,23.9
106,동해,2020-08-10,26.5
106,동해,2020-08-11,26.1
106,동해,2020-08-12,30.7
106,동해,2020-08-13,35.3
106,동해,2020-08-14,34.4
106,동해,2020-08-15,27.8
106,동해,2020-08-16,33.3
106,동해,2020-08-17,34.5
106,동해,2020-08-18,36.3
106,동해,2020-08-19,36.2
106,동해,2020-08-20,34.8
106,동해,2020-08-21,27.9
106,동해,2020-08-22,26.1
106,동해,2020-08-23,27.1
106,동해,2020-08-24,31.1
106,동해,2020-08-25,34.4
106,동해,2020-08-26,31.5
106,동해,2020-08-27,31.8
106,동해,2020-08-28,35.6
106,동해,2020-08-29,36.5
106,동해,2020-08-30,26.9
106,동해,2020-08-31,26.5
106,동해,2020-09-01,29.7
106,동해,2020-09-02,26.2
106,동해,2020-09-03,27.0
106,동해,2020-09-04,27.1
106,동해,2020-09-05,23.3
106,동해,2020-09-06,21.0
106,동해,2020-09-07,22.3
106,동해,2020-09-08,25.4
106,동해,2020-09-09,23.8
106,동해,2020-09-10,26.7
106,동해,2020-09-11,23.5
106,동해,2020-09-12,20.6
106,동해,2020-09-13,21.4
106,동해,2020-09-14,24.0
106,동해,2020-09-15,25.5
106,동해,2020-09-16,23.8
106,동해,2020-09-17,21.2
106,동해,2020-09-18,23.7
106,동해,2020-09-19,25.9
106,동해,2020-09-20,25.9
106,동해,2020-09-21,24.4
106,동해,2020-09-22,22.5
106,동해,2020-09-23,23.6
106,동해,2020-09-24,22.4
106,동해,2020-09-25,20.8
106,동해,2020-09-26,20.3
106,동해,2020-09-27,22.8
106,동해,2020-09-28,19.7
106,동해,2020-09-29,20.0
106,동해,2020-09-30,19.5
106,동해,2020-10-01,19.4
106,동해,2020-10-02,20.7
106,동해,2020-10-03,19.6
106,동해,2020-10-04,18.7
106,동해,2020-10-05,22.3
106,동해,2020-10-06,19.6
106,동해,2020-10-07,16.9
106,동해,2020-10-08,20.8
106,동해,2020-10-09,21.6
106,동해,2020-10-10,19.0
106,동해,2020-10-11,19.5
106,동해,2020-10-12,21.0
106,동해,2020-10-13,18.5
106,동해,2020-10-14,17.7
106,동해,2020-10-15,17.4
106,동해,2020-10-16,15.2
106,동해,2020-10-17,18.0
106,동해,2020-10-18,17.6
106,동해,2020-10-19,17.9
106,동해,2020-10-20,18.3
106,동해,2020-10-21,14.6
106,동해,2020-10-22,16.2
106,동해,2020-10-23,15.0
106,동해,2020-10-24,14.2
106,동해,2020-10-25,14.5
106,동해,2020-10-26,16.4
106,동해,2020-10-27,16.2
106,동해,2020-10-28,16.8
106,동해,2020-10-29,14.1
106,동해,2020-10-30,14.2
106,동해,2020-10-31,14.6
106,동해,2020-11-01,16.9
106,동해,2020-11-02,14.5
106,동해,2020-11-03,10.8
106,동해,2020-11-04,8.2
106,동해,2020-11-05,11.6
106,동해,2020-11-06,14.6
106,동해,2020-11-07,13.5
106,동해,2020-11-08,10.3
106,동해,2020-11-09,7.7
106,동해,2020-11-10,8.2
106,동해,2020-11-11,9.0
106,동해,2020-11-12,10.2
106,동해,2020-11-13,12.7
106,동해,2020-11-14,12.3
106,동해,2020-11-15,11.4
106,동해,2020-11-16,14.1
106,동해,2020-11-17,15.6
106,동해,2020-11-18,16.9
106,동해,2020-11-19,17.6
106,동해,2020-11-20,8.3
106,동해,2020-11-21,7.8
106,동해,2020-11-22,9.6
106,동해,2020-11-23,5.1
106,동해,2020-11-24,5.5
106,동해,2020-11-25,5.9
106,동해,2020-11-26,6.0
106,동해,2020-11-27,7.4
106,동해,2020-11-28,3.1
106,동해,2020-11-29,2.4
106,동해,2020-11-30,1.1
106,동해,2020-12-01,1.9
106,동해,2020-12-02,3.5
106,동해,2020-12-03,3.1
106,동해,2020-12-04,0.9
106,동해,2020-12-05,2.9
106,동해,2020-12-06,2.8
106,동해,2020-12-07,3.7
106,동해,2020-12-08,0.2
106,동해,2020-12-09,2.0
106,동해,2020-12-10,5.8
106,동해,2020-12-11,4.1
106,동해,2020-12-12,3.2
106,동해,2020-12-13,0.8
106,동해,2020-12-14,-3.4
106,동해,2020-12-15,-4.7
106,동해,2020-12-16,-4.6
106,동해,2020-12-17,-3.1
106,동해,2020-12-18,-0.4
106,동해,2020-12-19,-2.3
106,동해,2020-12-20,-1.8
106,동해,2020-12-21,-0.8
106,동해,2020-12-22,1.0
106,동해,2020-12-23,2.2
106,동해,2020-12-24,3.2
106,동해,2020-12-25,-0.6
106,동해,2020-12-26,0.6
106,동해,2020-12-27,4.1
106,동해,2020-12-28,3.8
106,동해,2020-12-29,3.0
106,동해,2020-12-30,-2.6
106,동해,2020-12-31,-4.6
106,동해,2021-01-01,-3.2
106,동해,2021-01-02,-2.7
106,동해,2021-01-03,-3.0
106,동해,2021-01-04,-1.7
106,동해,2021-01-05,-0.6
106,동해,2021-01-06,-4.8
106,동해,2021-01-07,-6.7
106,동해,2021-01-08,-7.9
106,동해,2021-01-09,-7.0
106,동해,2021-01-10,-5.3
106,동해,2021-01-11,-3.9
106,동해,2021-01-12,-1.2
106,동해,2021-01-13,0.9
106,동해,2021-01-14,0.4
106,동해,2021-01-15,4.2
106,동해,2021-01-16,2.3
106,동해,2021-01-17,-2.7
106,동해,2021-01-18,-2.9
106,동해,2021-01-19,-2.2
106,동해,2021-01-20,-0.5
106,동해,2021-01-21,2.8
106,동해,2021-01-22,6.9
106,동해,2021-01-23,4.0
106,동해,2021-01-24,4.8
106,동해,2021-01-25,3.1
106,동해,2021-01-26,4.3
106,동해,2021-01-27,2.1
106,동해,2021-01-28,-0.1
106,동해,2021-01-29,-2.7
106,동해,2021-01-30,1.4
106,동해,2021-01-31,2.4
106,동해,2021-02-01,8.0
106,동해,2021-02-02,0.8
106,동해,2021-02-03,-0.1
106,동해,2021-02-04,3.0
106,동해,2021-02-05,4.1
106,동해,2021-02-06,5.2
106,동해,2021-02-07,6.5
106,동해,2021-02-08,1.0
106,동해,2021-02-09,2.1
106,동해,2021-02-10,5.1
106,동해,2021-02-11,6.2
106,동해,2021-02-12,7.2
106,동해,2021-02-13,7.3
106,동해,2021-02-14,8.8
106,동해,2021-02-15,7.7
106,동해,2021-02-16,1.2
106,동해,2021-02-17,-0.8
106,동해,2021-02-18,0.4
106,동해,2021-02-19,6.7
106,동해,2021-02-20,10.1
106,동해,2021-02-21,12.3
106,동해,2021-02-22,9.6
106,동해,2021-02-23,7.6
106,동해,2021-02-24,6.5
106,동해,2021-02-25,5.5
106,동해,2021-02-26,10.0
106,동해,2021-02-27,6.1
106,동해,2021-02-28,8.9
106,동해,2021-03-01,4.3
106,동해,2021-03-02,0.4
106,동해,2021-03-03,0.8
106,동해,2021-03-04,1.1
106,동해,2021-03-05,8.2
106,동해,2021-03-06,3.1
106,동해,2021-03-07,6.1
106,동해,2021-03-08,5.1
106,동해,2021-03-09,8.4
106,동해,2021-03-10,8.8
106,동해,2021-03-11,11.3
106,동해,2021-03-12,8.4
106,동해,2021-03-13,9.5
106,동해,2021-03-14,10.6
106,동해,2021-03-15,11.2
106,동해,2021-03-16,14.0
106,동해,2021-03-17,13.1
106,동해,2021-03-18,9.7
106,동해,2021-03-19,11.2
106,동해,2021-03-20,9.7
106,동해,2021-03-21,11.4
106,동해,2021-03-22,11.8
106,동해,2021-03-23,15.0
106,동해,2021-03-24,14.1
106,동해,2021-03-25,15.7
106,동해,2021-03-26,15.8
106,동해,2021-03-27,11.7
106,동해,2021-03-28,16.3
106,동해,2021-03-29,16.5
106,동해,2021-03-30,17.2
106,동해,2021-03-31,16.5
106,동해,2021-04-01,16.7
106,동해,2021-04-02,18.7
106,동해,2021-04-03,12.4
106,동해,2021-04-04,10.5
106,동해,2021-04-05,12.3
106,동해,2021-04-06,13.1
106,동해,2021-04-07,17.1
106,동해,2021-04-08,14.5
106,동해,2021-04-09,13.5
106,동해,2021-04-10,14.6
106,동해,2021-04-11,15.9
106,동해,2021-04-12,14.2
106,동해,2021-04-13,19.5
106,동해,2021-04-14,16.7
106,동해,2021-04-15,16.2
106,동해,2021-04-16,17.0
106,동해,2021-04-17,11.8
106,동해,2021-04-18,15.9
106,동해,2021-04-19,21.7
106,동해,2021-04-20,23.5
106,동해,2021-04-21,22.2
106,동해,2021-04-22,20.1
106,동해,2021-04-23,16.3
106,동해,2021-04-24,17.6
106,동해,2021-04-25,20.0
106,동해,2021-04-26,16.6
106,동해,2021-04-27,19.9
106,동해,2021-04-28,23.0
106,동해,2021-04-29,14.8
106,동해,2021-04-30,13.9
106,동해,2021-05-01,12.1
106,동해,2021-05-02,15.5
106,동해,2021-05-03,18.4
106,동해,2021-05-04,18.0
106,동해,2021-05-05,21.9
106,동해,2021-05-06,20.7
106,동해,2021-05-07,19.4
106,동해,2021-05-08,22.3
106,동해,2021-05-09,23.9
106,동해,2021-05-10,16.5
106,동해,2021-05-11,21.9
106,동해,2021-05-12,20.3
106,동해,2021-05-13,23.8
106,동해,2021-05-14,24.5
106,동해,2021-05-15,18.5
106,동해,2021-05-16,16.0
106,동해,2021-05-17,15.2
106,동해,2021-05-18,19.0
106,동해,2021-05-19,24.3
106,동해,2021-05-20,17.9
106,동해,2021-05-21,16.2
106,동해,2021-05-22,23.9
106,동해,2021-05-23,25.7
106,동해,2021-05-24,23.3
106,동해,2021-05-25,19.5
106,동해,2021-05-26,22.2
106,동해,2021-05-27,21.5
106,동해,2021-05-28,14.4
106,동해,2021-05-29,19.2
106,동해,2021-05-30,23.6
106,동해,2021-05-31,19.2
106,동해,2021-06-01,19.3
106,동해,2021-06-02,25.4
106,동해,2021-06-03,21.2
106,동해,2021-06-04,23.0
106,동해,2021-06-05,25.9
106,동해,2021-06-06,28.1
106,동해,2021-06-07,26.7
106,동해,2021-06-08,27.3
106,동해,2021-06-09,27.5
106,동해,2021-06-10,25.0
106,동해,2021-06-11,26.7
106,동해,2021-06-12,31.3
106,동해,2021-06-13,29.4
106,동해,2021-06-14,25.4
106,동해,2021-06-15,23.2
106,동해,2021-06-16,20.3
106,동해,2021-06-17,21.1
106,동해,2021-06-18,24.4
106,동해,2021-06-19,28.5
106,동해,2021-06-20,27.8
106,동해,2021-06-21,25.1
106,동해,2021-06-22,21.0
106,동해,2021-06-23,22.4
106,동해,2021-06-24,28.2
106,동해,2021-06-25,30.9
106,동해,2021-06-26,24.9
106,동해,2021-06-27,29.6
106,동해,2021-06-28,30.1
106,동해,2021-06-29,32.4
106,동해,2021-06-30,25.3
106,동해,2021-07-01,29.7
106,동해,2021-07-02,26.4
106,동해,2021-07-03,22.9
106,동해,2021-07-04,23.1
106,동해,2021-07-05,25.6
106,동해,2021-07-06,26.9
106,동해,2021-07-07,27.6
106,동해,2021-07-08,31.3
106,동해,2021-07-09,30.7
106,동해,2021-07-10,28.4
106,동해,2021-07-11,33.0
106,동해,2021-07-12,35.7
106,동해,2021-07-13,34.7
106,동해,2021-07-14,34.0
106,동해,2021-07-15,34.3
106,동해,2021-07-16,35.2
106,동해,2021-07-17,31.8
106,동해,2021-07-18,36.3
106,동해,2021-07-19,32.8
106,동해,2021-07-20,36.8
106,동해,2021-07-21,35.9
106,동해,2021-07-22,36.7
106,동해,2021-07-23,34.6
106,동해,2021-07-24,34.9
106,동해,2021-07-25,33.2
106,동해,2021-07-26,36.0
106,동해,2021-07-27,35.0
106,동해,2021-07-28,35.8
106,동해,2021-07-29,35.6
106,동해,2021-07-30,36.4
106,동해,2021-07-31,35.1
106,동해,2021-08-01,31.6
106,동해,2021-08-02,30.3
106,동해,2021-08-03,31.3
106,동해,2021-08-04,33.7
106,동해,2021-08-05,34.4
106,동해,2021-08-06,36.3
106,동해,2021-08-07,31.3
106,동해,2021-08-08,26.5
106,동해,2021-08-09,26.2
106,동해,2021-08-10,27.2
106,동해,2021-08-11,30.2
106,동해,2021-08-12,27.8
106,동해,2021-08-13,27.0
106,동해,2021-08-14,23.5
106,동해,2021-08-15,23.5
106,동해,2021-08-16,25.9
106,동해,2021-08-17,23.0
106,동해,2021-08-18,24.4
106,동해,2021-08-19,22.6
106,동해,2021-08-20,27.9
106,동해,2021-08-21,25.0
106,동해,2021-08-22,25.2
106,동해,2021-08-23,23.3
106,동해,2021-08-24,25.1
106,동해,2021-08-25,24.2
106,동해,2021-08-26,24.8
106,동해,2021-08-27,25.3
106,동해,2021-08-28,25.6
106,동해,2021-08-29,25.8
106,동해,2021-08-30,25.3
106,동해,2021-08-31,21.5
106,동해,2021-09-01,20.9
106,동해,2021-09-02,23.8
106,동해,2021-09-03,26.0
106,동해,2021-09-04,23.7
106,동해,2021-09-05,23.9
106,동해,2021-09-06,25.1
106,동해,2021-09-07,22.2
106,동해,2021-09-08,25.0
106,동해,2021-09-09,27.2
106,동해,2021-09-10,26.1
106,동해,2021-09-11,27.6
106,동해,2021-09-12,26.2
106,동해,2021-09-13,26.0
106,동해,2021-09-14,24.3
106,동해,2021-09-15,26.0
106,동해,2021-09-16,24.2
106,동해,2021-09-17,20.9
106,동해,2021-09-18,22.8
106,동해,2021-09-19,24.2
106,동해,2021-09-20,26.6
106,동해,2021-09-21,23.8
106,동해,2021-09-22,24.8
106,동해,2021-09-23,24.1
106,동해,2021-09-24,20.9
106,동해,2021-09-25,21.6
106,동해,2021-09-26,24.2
106,동해,2021-09-27,22.1
106,동해,2021-09-28,21.6
106,동해,2021-09-29,23.3
106,동해,2021-09-30,23.9
106,동해,2021-10-01,22.7
106,동해,2021-10-02,23.1
106,동해,2021-10-03,23.4
106,동해,2021-10-04,22.1
106,동해,2021-10-05,24.8
106,동해,2021-10-06,18.5
106,동해,2021-10-07,21.4
106,동해,2021-10-08,19.9
106,동해,2021-10-09,20.3
106,동해,2021-10-10,25.6
106,동해,2021-10-11,18.0
106,동해,2021-10-12,17.2
106,동해,2021-10-13,17.9
106,동해,2021-10-14,21.3
106,동해,2021-10-15,18.3
106,동해,2021-10-16,16.2
106,동해,2021-10-17,11.7
106,동해,2021-10-18,12.6
106,동해,2021-10-19,13.7
106,동해,2021-10-20,13.2
106,동해,2021-10-21,12.7
106,동해,2021-10-22,12.9
106,동해,2021-10-23,13.2
106,동해,2021-10-24,12.3
106,동해,2021-10-25,12.6
106,동해,2021-10-26,13.0
106,동해,2021-10-27,14.4
106,동해,2021-10-28,13.0
106,동해,2021-10-29,12.4
106,동해,2021-10-30,13.8
106,동해,2021-10-31,13.7
106,동해,2021-11-01,14.1
106,동해,2021-11-02,13.4
106,동해,2021-11-03,14.8
106,동해,2021-11-04,12.6
106,동해,2021-11-05,12.7
106,동해,2021-11-06,13.8
106,동해,2021-11-07,14.1
106,동해,2021-11-08,11.6
106,동해,2021-11-09,8.5
106,동해,2021-11-10,8.5
106,동해,2021-11-11,7.1
106,동해,2021-11-12,6.2
106,동해,2021-11-13,6.9
106,동해,2021-11-14,9.3
106,동해,2021-11-15,9.6
106,동해,2021-11-16,8.8
106,동해,2021-11-17,7.7
106,동해,2021-11-18,9.8
106,동해,2021-11-19,11.5
106,동해,2021-11-20,10.7
106,동해,2021-11-21,11.4
106,동해,2021-11-22,7.8
106,동해,2021-11-23,2.6
106,동해,2021-11-24,4.8
106,동해,2021-11-25,6.7
106,동해,2021-11-26,4.5
106,동해,2021-11-27,4.1
106,동해,2021-11-28,4.6
106,동해,2021-11-29,6.5
106,동해,2021-11-30,7.7
106,동해,2021-12-01,1.2
106,동해,2021-12-02,1.7
106,동해,2021-12-03,3.8
106,동해,2021-12-04,1.6
106,동해,2021-12-05,3.2
106,동해,2021-12-06,4.8
106,동해,2021-12-07,5.7
106,동해,2021-12-08,6.2
106,동해,2021-12-09,6.0
106,동해,2021-12-10,7.2
106,동해,2021-12-11,7.9
106,동해,2021-12-12,5.6
106,동해,2021-12-13,0.7
106,동해,2021-12-14,2.1
106,동해,2021-12-15,4.6
106,동해,2021-12-16,5.5
106,동해,2021-12-17,2.4
106,동해,2021-12-18,-0.1
106,동해,2021-12-19,2.3
106,동해,2021-12-20,4.3
106,동해,2021-12-21,6.4
106,동해,2021-12-22,5.1
106,동해,2021-12-23,3.4
106,동해,2021-12-24,3.7
106,동해,2021-12-25,1.3
106,동해,2021-12-26,1.2
106,동해,2021-12-27,1.3
106,동해,2021-12-28,1.2
106,동해,2021-12-29,1.5
106,동해,2021-12-30,0.3
106,동해,2021-12-31,-1.7
106,동해,2022-01-01,-1.5
106,동해,2022-01-02,0.2
106,동해,2022-01-03,-0.6
106,동해,2022-01-04,0.4
106,동해,2022-01-05,0.0
106,동해,2022-01-06,1.5
106,동해,2022-01-07,1.7
106,동해,2022-01-08,1.0
106,동해,2022-01-09,2.3
106,동해,2022-01-10,2.9
106,동해,2022-01-11,1.5
106,동해,2022-01-12,-0.3
106,동해,2022-01-13,-1.0
106,동해,2022-01-14,-1.2
106,동해,2022-01-15,0.4
106,동해,2022-01-16,2.4
106,동해,2022-01-17,-0.2
106,동해,2022-01-18,-0.8
106,동해,2022-01-19,-0.8
106,동해,2022-01-20,0.1
106,동해,2022-01-21,0.1
106,동해,2022-01-22,0.1
106,동해,2022-01-23,2.4
106,동해,2022-01-24,2.5
106,동해,2022-01-25,3.1
106,동해,2022-01-26,3.4
106,동해,2022-01-27,2.8
106,동해,2022-01-28,1.8
106,동해,2022-01-29,1.7
106,동해,2022-01-30,1.1
106,동해,2022-01-31,1.0
106,동해,2022-02-01,1.6
106,동해,2022-02-02,0.9
106,동해,2022-02-03,1.3
106,동해,2022-02-04,0.8
106,동해,2022-02-05,-0.3
106,동해,2022-02-06,0.4
106,동해,2022-02-07,0.5
106,동해,2022-02-08,1.7
106,동해,2022-02-09,1.9
106,동해,2022-02-10,3.0
106,동해,2022-02-11,3.4
106,동해,2022-02-12,5.7
106,동해,2022-02-13,5.2
106,동해,2022-02-14,5.3
106,동해,2022-02-15,3.1
106,동해,2022-02-16,0.8
106,동해,2022-02-17,0.3
106,동해,2022-02-18,2.5
106,동해,2022-02-19,3.4
106,동해,2022-02-20,2.0
106,동해,2022-02-21,1.6
106,동해,2022-02-22,1.7
106,동해,2022-02-23,1.1
106,동해,2022-02-24,2.7
106,동해,2022-02-25,6.6
106,동해,2022-02-26,7.8
106,동해,2022-02-27,6.6
106,동해,2022-02-28,6.6
106,동해,2022-03-01,7.5
106,동해,2022-03-02,8.5
106,동해,2022-03-03,8.6
106,동해,2022-03-04,9.8
106,동해,2022-03-05,9.7
106,동해,2022-03-06,6.9
106,동해,2022-03-07,7.1
106,동해,2022-03-08,10.7
106,동해,2022-03-09,11.6
106,동해,2022-03-10,12.5
106,동해,2022-03-11,17.0
106,동해,2022-03-12,16.1
106,동해,2022-03-13,8.4
106,동해,2022-03-14,8.3
106,동해,2022-03-15,10.5
106,동해,2022-03-16,12.4
106,동해,2022-03-17,7.6
106,동해,2022-03-18,5.4
106,동해,2022-03-19,3.8
106,동해,2022-03-20,7.4
106,동해,2022-03-21,9.9
106,동해,2022-03-22,10.1
106,동해,2022-03-23,5.9
106,동해,2022-03-24,10.9
106,동해,2022-03-25,11.6
106,동해,2022-03-26,11.6
106,동해,2022-03-27,12.3
106,동해,2022-03-28,10.7
106,동해,2022-03-29,12.0
106,동해,2022-03-30,12.3
106,동해,2022-03-31,8.6
106,동해,2022-04-01,10.7
106,동해,2022-04-02,11.8
106,동해,2022-04-03,13.3
106,동해,2022-04-04,13.7
106,동해,2022-04-05,14.4
106,동해,2022-04-06,14.4
106,동해,2022-04-07,14.8
106,동해,2022-04-08,16.3
106,동해,2022-04-09,21.0
106,동해,2022-04-10,22.7
106,동해,2022-04-11,21.6
106,동해,2022-04-12,22.0
106,동해,2022-04-13,11.5
106,동해,2022-04-14,10.4
106,동해,2022-04-15,13.4
106,동해,2022-04-16,14.3
106,동해,2022-04-17,17.4
106,동해,2022-04-18,16.8
106,동해,2022-04-19,18.0
106,동해,2022-04-20,19.1
106,동해,2022-04-21,17.7
106,동해,2022-04-22,23.2
106,동해,2022-04-23,20.5
106,동해,2022-04-24,23.4
106,동해,2022-04-25,21.2
106,동해,2022-04-26,19.2
106,동해,2022-04-27,18.6
106,동해,2022-04-28,16.6
106,동해,2022-04-29,12.3
106,동해,2022-04-30,16.4
106,동해,2022-05-01,14.8
106,동해,2022-05-02,13.5
106,동해,2022-05-03,18.2
106,동해,2022-05-04,24.7
106,동해,2022-05-05,25.0
106,동해,2022-05-06,25.2
106,동해,2022-05-07,15.7
106,동해,2022-05-08,14.6
106,동해,2022-05-09,22.3
106,동해,2022-05-10,20.3
106,동해,2022-05-11,23.3
106,동해,2022-05-12,20.3
106,동해,2022-05-13,15.2
106,동해,2022-05-14,19.9
106,동해,2022-05-15,22.6
106,동해,2022-05-16,20.8
106,동해,2022-05-17,22.9
106,동해,2022-05-18,23.5
106,동해,2022-05-19,22.8
106,동해,2022-05-20,26.8
106,동해,2022-05-21,27.0
106,동해,2022-05-22,26.9
106,동해,2022-05-23,26.6
106,동해,2022-05-24,27.9
106,동해,2022-05-25,27.1
106,동해,2022-05-26,28.3
106,동해,2022-05-27,19.2
106,동해,2022-05-28,28.3
106,동해,2022-05-29,29.8
106,동해,2022-05-30,22.3
106,동해,2022-05-31,28.3
106,동해,2022-06-01,26.3
106,동해,2022-06-02,28.4
106,동해,2022-06-03,24.2
106,동해,2022-06-04,24.9
106,동해,2022-06-05,21.2
106,동해,2022-06-06,16.8
106,동해,2022-06-07,16.9
106,동해,2022-06-08,19.9
106,동해,2022-06-09,21.1
106,동해,2022-06-10,24.9
106,동해,2022-06-11,21.8
106,동해,2022-06-12,25.3
106,동해,2022-06-13,25.3
106,동해,2022-06-14,19.2
106,동해,2022-06-15,20.0
106,동해,2022-06-16,24.8
106,동해,2022-06-17,27.6
106,동해,2022-06-18,29.8
106,동해,2022-06-19,31.2
106,동해,2022-06-20,31.8
106,동해,2022-06-21,30.8
106,동해,2022-06-22,31.0
106,동해,2022-06-23,26.3
106,동해,2022-06-24,26.6
106,동해,2022-06-25,29.3
106,동해,2022-06-26,27.3
106,동해,2022-06-27,26.3
106,동해,2022-06-28,28.2
106,동해,2022-06-29,25.8
106,동해,2022-06-30,27.2
106,동해,2022-07-01,30.3
106,동해,2022-07-02,30.1
106,동해,2022-07-03,30.7
106,동해,2022-07-04,29.2
106,동해,2022-07-05,29.5
106,동해,2022-07-06,30.4
106,동해,2022-07-07,29.7
106,동해,2022-07-08,31.2
106,동해,2022-07-09,32.7
106,동해,2022-07-10,27.5
106,동해,2022-07-11,26.5
106,동해,2022-07-12,26.7
106,동해,2022-07-13,25.4
106,동해,2022-07-14,26.0
106,동해,2022-07-15,26.1
106,동해,2022-07-16,27.9
106,동해,2022-07-17,27.9
106,동해,2022-07-18,27.6
106,동해,2022-07-19,29.9
106,동해,2022-07-20,30.9
106,동해,2022-07-21,24.7
106,동해,2022-07-22,26.8
106,동해,2022-07-23,26.8
106,동해,2022-07-24,27.4
106,동해,2022-07-25,27.4
106,동해,2022-07-26,26.8
106,동해,2022-07-27,28.8
106,동해,2022-07-28,29.0
106,동해,2022-07-29,30.6
106,동해,2022-07-30,28.5
106,동해,2022-07-31,27.4
106,동해,2022-08-01,27.8
106,동해,2022-08-02,29.3
106,동해,2022-08-03,28.8
106,동해,2022-08-04,30.1
106,동해,2022-08-05,31.8
106,동해,2022-08-06,32.0
106,동해,2022-08-07,32.2
106,동해,2022-08-08,27.6
106,동해,2022-08-09,26.6
106,동해,2022-08-10,25.1
106,동해,2022-08-11,25.1
106,동해,2022-08-12,29.7
106,동해,2022-08-13,26.8
106,동해,2022-08-14,28.6
106,동해,2022-08-15,27.7
106,동해,2022-08-16,30.4
106,동해,2022-08-17,27.4
106,동해,2022-08-18,27.7
106,동해,2022-08-19,25.9
106,동해,2022-08-20,26.2
106,동해,2022-08-21,28.1
106,동해,2022-08-22,27.3
106,동해,2022-08-23,25.9
106,동해,2022-08-24,24.8
106,동해,2022-08-25,24.7
106,동해,2022-08-26,27.1
106,동해,2022-08-27,26.8
106,동해,2022-08-28,26.5
106,동해,2022-08-29,22.4
106,동해,2022-08-30,21.1
106,동해,2022-08-31,22.1
106,동해,2022-09-01,24.1
106,동해,2022-09-02,24.8
106,동해,2022-09-03,26.1
106,동해,2022-09-04,24.2
106,동해,2022-09-05,22.8
106,동해,2022-09-06,23.2
106,동해,2022-09-07,23.2
106,동해,2022-09-08,23.6
106,동해,2022-09-09,23.4
106,동해,2022-09-10,22.6
106,동해,2022-09-11,24.1
106,동해,2022-09-12,24.0
106,동해,2022-09-13,25.2
106,동해,2022-09-14,26.9
106,동해,2022-09-15,27.5
106,동해,2022-09-16,27.9
106,동해,2022-09-17,29.6
106,동해,2022-09-18,25.3
106,동해,2022-09-19,21.8
106,동해,2022-09-20,18.6
106,동해,2022-09-21,20.5
106,동해,2022-09-22,21.1
106,동해,2022-09-23,22.4
106,동해,2022-09-24,22.8
106,동해,2022-09-25,20.1
106,동해,2022-09-26,21.8
106,동해,2022-09-27,23.3
106,동해,2022-09-28,21.0
106,동해,2022-09-29,22.9
106,동해,2022-09-30,23.4
106,동해,2022-10-01,23.4
106,동해,2022-10-02,19.6
106,동해,2022-10-03,21.4
106,동해,2022-10-04,19.3
106,동해,2022-10-05,15.4
106,동해,2022-10-06,15.3
106,동해,2022-10-07,14.8
106,동해,2022-10-08,15.1
106,동해,2022-10-09,15.6
106,동해,2022-10-10,14.3
106,동해,2022-10-11,15.6
106,동해,2022-10-12,17.0
106,동해,2022-10-13,17.9
106,동해,2022-10-14,18.3
106,동해,2022-10-15,20.0
106,동해,2022-10-16,18.7
106,동해,2022-10-17,16.9
106,동해,2022-10-18,15.8
106,동해,2022-10-19,14.3
106,동해,2022-10-20,16.0
106,동해,2022-10-21,15.6
106,동해,2022-10-22,18.4
106,동해,2022-10-23,12.5
106,동해,2022-10-24,10.6
106,동해,2022-10-25,11.3
106,동해,2022-10-26,13.2
106,동해,2022-10-27,14.2
106,동해,2022-10-28,13.3
106,동해,2022-10-29,14.2
106,동해,2022-10-30,14.1
106,동해,2022-10-31,14.1
106,동해,2022-11-01,14.3
106,동해,2022-11-02,13.5
106,동해,2022-11-03,11.2
106,동해,2022-11-04,10.1
106,동해,2022-11-05,9.2
106,동해,2022-11-06,10.5
106,동해,2022-11-07,11.5
106,동해,2022-11-08,12.8
106,동해,2022-11-09,11.9
106,동해,2022-11-10,13.6
106,동해,2022-11-11,15.1
106,동해,2022-11-12,17.4
106,동해,2022-11-13,13.2
106,동해,2022-11-14,11.0
106,동해,2022-11-15,8.7
106,동해,2022-11-16,9.5
106,동해,2022-11-17,9.7
106,동해,2022-11-18,9.7
106,동해,2022-11-19,10.2
106,동해,2022-11-20,11.0
106,동해,2022-11-21,10.9
106,동해,2022-11-22,10.6
106,동해,2022-11-23,11.0
106,동해,2022-11-24,9.7
106,동해,2022-11-25,8.5
106,동해,2022-11-26,8.7
106,동해,2022-11-27,5.8
106,동해,2022-11-28,9.6
106,동해,2022-11-29,10.4
106,동해,2022-11-30,1.3
106,동해,2022-12-01,-0.3
106,동해,2022-12-02,-0.5
106,동해,2022-12-03,2.0
106,동해,2022-12-04,1.1
106,동해,2022-12-05,0.3
106,동해,2022-12-06,-0.1
106,동해,2022-12-07,2.8
106,동해,2022-12-08,3.6
106,동해,2022-12-09,3.0
106,동해,2022-12-10,3.3
106,동해,2022-12-11,4.1
106,동해,2022-12-12,4.5
106,동해,2022-12-13,3.5
106,동해,2022-12-14,-3.4
106,동해,2022-12-15,-1.1
106,동해,2022-12-16,-0.7
106,동해,2022-12-17,-2.2
106,동해,2022-12-18,-5.4
106,동해,2022-12-19,-4.2
106,동해,2022-12-20,-2.1
106,동해,2022-12-21,0.6
106,동해,2022-12-22,-2.9
106,동해,2022-12-23,-6.3
106,동해,2022-12-24,-0.4
106,동해,2022-12-25,-0.4
106,동해,2022-12-26,-0.4
106,동해,2022-12-27,0.2
106,동해,2022-12-28,0.3
106,동해,2022-12-29,0.1
106,동해,2022-12-30,-0.5
106,동해,2022-12-31,-1.0
106,동해,2023-01-01,0.8
106,동해,2023-01-02,-1.4
106,동해,2023-01-03,-1.5
106,동해,2023-01-04,-1.6
106,동해,2023-01-05,-0.1
106,동해,2023-01-06,0.6
106,동해,2023-01-07,3.6
106,동해,2023-01-08,1.7
106,동해,2023-01-09,3.9
106,동해,2023-01-10,2.9
106,동해,2023-01-11,3.3
106,동해,2023-01-12,5.1
106,동해,2023-01-13,7.6
106,동해,2023-01-14,5.8
106,동해,2023-01-15,2.2
106,동해,2023-01-16,3.0
106,동해,2023-01-17,-1.3
106,동해,2023-01-18,1.3
106,동해,2023-01-19,-0.1
106,동해,2023-01-20,0.5
106,동해,2023-01-21,-2.2
106,동해,2023-01-22,0.4
106,동해,2023-01-23,1.9
106,동해,2023-01-24,-2.8
106,동해,2023-01-25,-5.0
106,동해,2023-01-26,-1.5
106,동해,2023-01-27,-2.0
106,동해,2023-01-28,-2.6
106,동해,2023-01-29,-1.0
106,동해,2023-01-30,0.0
106,동해,2023-01-31,1.2
106,동해,2023-02-01,3.1
106,동해,2023-02-02,0.4
106,동해,2023-02-03,1.5
106,동해,2023-02-04,1.2
106,동해,2023-02-05,1.4
106,동해,2023-02-06,2.9
106,동해,2023-02-07,2.2
106,동해,2023-02-08,2.2
106,동해,2023-02-09,3.6
106,동해,2023-02-10,4.2
106,동해,2023-02-11,3.3
106,동해,2023-02-12,3.2
106,동해,2023-02-13,3.0
106,동해,2023-02-14,2.3
106,동해,2023-02-15,0.9
106,동해,2023-02-16,0.6
106,동해,2023-02-17,0.9
106,동해,2023-02-18,2.1
106,동해,2023-02-19,5.3
106,동해,2023-02-20,2.5
106,동해,2023-02-21,2.3
106,동해,2023-02-22,3.3
106,동해,2023-02-23,4.7
106,동해,2023-02-24,4.9
106,동해,2023-02-25,1.3
106,동해,2023-02-26,3.8
106,동해,2023-02-27,4.8
106,동해,2023-02-28,5.9
106,동해,2023-03-01,6.7
106,동해,2023-03-02,5.2
106,동해,2023-03-03,6.7
106,동해,2023-03-04,7.0
106,동해,2023-03-05,7.5
106,동해,2023-03-06,8.9
106,동해,2023-03-07,10.8
106,동해,2023-03-08,10.6
106,동해,2023-03-09,11.2
106,동해,2023-03-10,11.5
106,동해,2023-03-11,12.5
106,동해,2023-03-12,9.5
106,동해,2023-03-13,7.9
106,동해,2023-03-14,8.7
106,동해,2023-03-15,13.5
106,동해,2023-03-16,11.2
106,동해,2023-03-17,9.6
106,동해,2023-03-18,14.0
106,동해,2023-03-19,13.6
106,동해,2023-03-20,13.9
106,동해,2023-03-21,16.4
106,동해,2023-03-22,17.7
106,동해,2023-03-23,11.7
106,동해,2023-03-24,8.3
106,동해,2023-03-25,8.6
106,동해,2023-03-26,8.2
106,동해,2023-03-27,13.1
106,동해,2023-03-28,13.6
106,동해,2023-03-29,15.7
106,동해,2023-03-30,18.4
106,동해,2023-03-31,19.0
106,동해,2023-04-01,18.8
106,동해,2023-04-02,17.9
106,동해,2023-04-03,17.8
106,동해,2023-04-04,18.1
106,동해,2023-04-05,13.4
106,동해,2023-04-06,16.9
106,동해,2023-04-07,16.5
106,동해,2023-04-08,17.0
106,동해,2023-04-09,18.5
106,동해,2023-04-10,20.9
106,동해,2023-04-11,20.7
106,동해,2023-04-12,16.8
106,동해,2023-04-13,15.3
106,동해,2023-04-14,19.3
106,동해,2023-04-15,13.3
106,동해,2023-04-16,12.6
106,동해,2023-04-17,14.2
106,동해,2023-04-18,16.0
106,동해,2023-04-19,20.6
106,동해,2023-04-20,25.5
106,동해,2023-04-21,20.3
106,동해,2023-04-22,19.5
106,동해,2023-04-23,18.6
106,동해,2023-04-24,18.1
106,동해,2023-04-25,14.1
106,동해,2023-04-26,15.5
106,동해,2023-04-27,20.2
106,동해,2023-04-28,23.6
106,동해,2023-04-29,15.9
106,동해,2023-04-30,19.1
106,동해,2023-05-01,19.1
106,동해,2023-05-02,21.8
106,동해,2023-05-03,24.4
106,동해,2023-05-04,27.5
106,동해,2023-05-05,18.9
106,동해,2023-05-06,11.8
106,동해,2023-05-07,13.3
106,동해,2023-05-08,17.8
106,동해,2023-05-09,26.0
106,동해,2023-05-10,25.2
106,동해,2023-05-11,24.5
106,동해,2023-05-12,23.3
106,동해,2023-05-13,25.1
106,동해,2023-05-14,26.8
106,동해,2023-05-15,25.8
106,동해,2023-05-16,33.1
106,동해,2023-05-17,32.7
106,동해,2023-05-18,22.1
106,동해,2023-05-19,18.4
106,동해,2023-05-20,27.2
106,동해,2023-05-21,26.1
106,동해,2023-05-22,25.1
106,동해,2023-05-23,25.9
106,동해,2023-05-24,25.5
106,동해,2023-05-25,27.9
106,동해,2023-05-26,29.0
106,동해,2023-05-27,23.2
106,동해,2023-05-28,19.2
106,동해,2023-05-29,21.2
106,동해,2023-05-30,22.5
106,동해,2023-05-31,26.6
106,동해,2023-06-01,26.7
106,동해,2023-06-02,28.4
106,동해,2023-06-03,32.5
106,동해,2023-06-04,33.0
106,동해,2023-06-05,32.8
106,동해,2023-06-06,31.6
106,동해,2023-06-07,32.1
106,동해,2023-06-08,32.4
106,동해,2023-06-09,28.0
106,동해,2023-06-10,23.9
106,동해,2023-06-11,23.8
106,동해,2023-06-12,22.5
106,동해,2023-06-13,28.4
106,동해,2023-06-14,23.5
106,동해,2023-06-15,27.9
106,동해,2023-06-16,32.8
106,동해,2023-06-17,36.8
106,동해,2023-06-18,33.8
106,동해,2023-06-19,33.0
106,동해,2023-06-20,25.1
106,동해,2023-06-21,20.4
106,동해,2023-06-22,24.1
106,동해,2023-06-23,28.0
106,동해,2023-06-24,31.2
106,동해,2023-06-25,31.3
106,동해,2023-06-26,22.3
106,동해,2023-06-27,29.3
106,동해,2023-06-28,35.4
106,동해,2023-06-29,25.1
106,동해,2023-06-30,23.2
106,동해,2023-07-01,27.7
106,동해,2023-07-02,32.0
106,동해,2023-07-03,33.0
106,동해,2023-07-04,31.3
106,동해,2023-07-05,32.6
106,동해,2023-07-06,34.3
106,동해,2023-07-07,26.9
106,동해,2023-07-08,30.2
106,동해,2023-07-09,24.7
106,동해,2023-07-10,27.5
106,동해,2023-07-11,27.5
106,동해,2023-07-12,27.6
106,동해,2023-07-13,25.2
106,동해,2023-07-14,26.6
106,동해,2023-07-15,23.5
106,동해,2023-07-16,24.7
106,동해,2023-07-17,28.3
106,동해,2023-07-18,24.9
106,동해,2023-07-19,27.3
106,동해,2023-07-20,31.4
106,동해,2023-07-21,30.9
106,동해,2023-07-22,34.9
106,동해,2023-07-23,25.8
106,동해,2023-07-24,29.4
106,동해,2023-07-25,29.5
106,동해,2023-07-26,32.0
106,동해,2023-07-27,37.5
106,동해,2023-07-28,38.9
106,동해,2023-07-29,38.3
106,동해,2023-07-30,38.5
106,동해,2023-07-31,35.9
106,동해,2023-08-01,37.0
106,동해,2023-08-02,38.2
106,동해,2023-08-03,38.4
106,동해,2023-08-04,38.2
106,동해,2023-08-05,39.7
106,동해,2023-08-06,35.1
106,동해,2023-08-07,31.4
106,동해,2023-08-08,25.6
106,동해,2023-08-09,22.8
106,동해,2023-08-10,22.1
106,동해,2023-08-11,28.4
106,동해,2023-08-12,26.8
106,동해,2023-08-13,30.5
106,동해,2023-08-14,29.2
106,동해,2023-08-15,26.6
106,동해,2023-08-16,31.3
106,동해,2023-08-17,31.5
106,동해,2023-08-18,29.4
106,동해,2023-08-19,34.8
106,동해,2023-08-20,31.0
106,동해,2023-08-21,31.0
106,동해,2023-08-22,35.7
106,동해,2023-08-23,33.6
106,동해,2023-08-24,24.7
106,동해,2023-08-25,27.8
106,동해,2023-08-26,28.6
106,동해,2023-08-27,30.6
106,동해,2023-08-28,24.3
106,동해,2023-08-29,27.6
106,동해,2023-08-30,24.4
106,동해,2023-08-31,25.4
106,동해,2023-09-01,26.1
106,동해,2023-09-02,29.0
106,동해,2023-09-03,28.7
106,동해,2023-09-04,29.2
106,동해,2023-09-05,30.2
106,동해,2023-09-06,29.2
106,동해,2023-09-07,29.8
106,동해,2023-09-08,30.1
106,동해,2023-09-09,29.8
106,동해,2023-09-10,30.9
106,동해,2023-09-11,30.9
106,동해,2023-09-12,31.4
106,동해,2023-09-13,22.4
106,동해,2023-09-14,21.8
106,동해,2023-09-15,22.2
106,동해,2023-09-16,23.5
106,동해,2023-09-17,24.2
106,동해,2023-09-18,28.2
106,동해,2023-09-19,24.6
106,동해,2023-09-20,21.4
106,동해,2023-09-21,18.6
106,동해,2023-09-22,20.2
106,동해,2023-09-23,20.5
106,동해,2023-09-24,20.5
106,동해,2023-09-25,22.3
106,동해,2023-09-26,21.3
106,동해,2023-09-27,22.6
106,동해,2023-09-28,23.1
106,동해,2023-09-29,21.0
106,동해,2023-09-30,20.8
106,동해,2023-10-01,18.6
106,동해,2023-10-02,17.7
106,동해,2023-10-03,16.5
106,동해,2023-10-04,18.1
106,동해,2023-10-05,16.7
106,동해,2023-10-06,16.9
106,동해,2023-10-07,16.3
106,동해,2023-10-08,17.2
106,동해,2023-10-09,17.2
106,동해,2023-10-10,16.8
106,동해,2023-10-11,15.8
106,동해,2023-10-12,16.7
106,동해,2023-10-13,16.8
106,동해,2023-10-14,15.5
106,동해,2023-10-15,16.0
106,동해,2023-10-16,15.9
106,동해,2023-10-17,14.6
106,동해,2023-10-18,14.6
106,동해,2023-10-19,14.9
106,동해,2023-10-20,14.3
106,동해,2023-10-21,11.3
106,동해,2023-10-22,12.4
106,동해,2023-10-23,14.6
106,동해,2023-10-24,14.8
106,동해,2023-10-25,15.2
106,동해,2023-10-26,15.9
106,동해,2023-10-27,12.9
106,동해,2023-10-28,12.2
106,동해,2023-10-29,13.6
106,동해,2023-10-30,13.3
106,동해,2023-10-31,13.6
106,동해,2023-11-01,15.3
106,동해,2023-11-02,16.6
106,동해,2023-11-03,16.8
106,동해,2023-11-04,15.7
106,동해,2023-11-05,17.4
106,동해,2023-11-06,16.3
106,동해,2023-11-07,10.3
106,동해,2023-11-08,10.3
106,동해,2023-11-09,12.6
106,동해,2023-11-10,11.7
106,동해,2023-11-11,7.7
106,동해,2023-11-12,5.2
106,동해,2023-11-13,4.6
106,동해,2023-11-14,5.2
106,동해,2023-11-15,6.3
106,동해,2023-11-16,6.2
106,동해,2023-11-17,5.3
106,동해,2023-11-18,2.9
106,동해,2023-11-19,5.3
106,동해,2023-11-20,6.7
106,동해,2023-11-21,7.0
106,동해,2023-11-22,8.8
106,동해,2023-11-23,12.2
106,동해,2023-11-24,3.6
106,동해,2023-11-25,1.6
106,동해,2023-11-26,5.4
106,동해,2023-11-27,8.0
106,동해,2023-11-28,4.2
106,동해,2023-11-29,2.8
106,동해,2023-11-30,0.3
106,동해,2023-12-01,0.0
106,동해,2023-12-02,1.6
106,동해,2023-12-03,2.2
106,동해,2023-12-04,2.5
106,동해,2023-12-05,3.7
106,동해,2023-12-06,5.3
106,동해,2023-12-07,3.9
106,동해,2023-12-08,6.5
106,동해,2023-12-09,9.8
106,동해,2023-12-10,9.8
106,동해,2023-12-11,9.7
106,동해,2023-12-12,5.9
106,동해,2023-12-13,5.9
106,동해,2023-12-14,7.7
106,동해,2023-12-15,4.4
106,동해,2023-12-16,2.6
106,동해,2023-12-17,-4.4
106,동해,2023-12-18,-3.0
106,동해,2023-12-19,-1.1
106,동해,2023-12-20,-2.3
106,동해,2023-12-21,-5.6
106,동해,2023-12-22,-5.4
106,동해,2023-12-23,-4.1
106,동해,2023-12-24,-2.1
106,동해,2023-12-25,-1.4
106,동해,2023-12-26,-1.0
106,동해,2023-12-27,-0.4
106,동해,2023-12-28,0.4
106,동해,2023-12-29,1.0
106,동해,2023-12-30,0.7
106,동해,2023-12-31,2.9
106,동해,2024-01-01,3.4
