ÁöÁ¡,ÁöÁ¡¸í,ÀÏ½Ã,Æò±Õ Áö¸é¿Âµµ(¡ÆC)
95,Ã¶¿ø,2017-01-01,-0.2
95,Ã¶¿ø,2017-01-02,1.6
95,Ã¶¿ø,2017-01-03,0.6
95,Ã¶¿ø,2017-01-04,1.7
95,Ã¶¿ø,2017-01-05,0.4
95,Ã¶¿ø,2017-01-06,2.4
95,Ã¶¿ø,2017-01-07,1.7
95,Ã¶¿ø,2017-01-08,3.5
95,Ã¶¿ø,2017-01-09,2.8
95,Ã¶¿ø,2017-01-10,-1.2
95,Ã¶¿ø,2017-01-11,-2.1
95,Ã¶¿ø,2017-01-12,-1.2
95,Ã¶¿ø,2017-01-13,-2.7
95,Ã¶¿ø,2017-01-14,-5.1
95,Ã¶¿ø,2017-01-15,-4.9
95,Ã¶¿ø,2017-01-16,-3.6
95,Ã¶¿ø,2017-01-17,-3.4
95,Ã¶¿ø,2017-01-18,-2.5
95,Ã¶¿ø,2017-01-19,-1.8
95,Ã¶¿ø,2017-01-20,-2.0
95,Ã¶¿ø,2017-01-21,-3.8
95,Ã¶¿ø,2017-01-22,-2.7
95,Ã¶¿ø,2017-01-23,-5.7
95,Ã¶¿ø,2017-01-24,-5.5
95,Ã¶¿ø,2017-01-25,-5.1
95,Ã¶¿ø,2017-01-26,-4.2
95,Ã¶¿ø,2017-01-27,0.7
95,Ã¶¿ø,2017-01-28,-1.2
95,Ã¶¿ø,2017-01-29,-0.4
95,Ã¶¿ø,2017-01-30,-0.5
95,Ã¶¿ø,2017-01-31,-1.9
95,Ã¶¿ø,2017-02-01,-1.6
95,Ã¶¿ø,2017-02-02,-2.4
95,Ã¶¿ø,2017-02-03,-1.3
95,Ã¶¿ø,2017-02-04,-1.5
95,Ã¶¿ø,2017-02-05,0.0
95,Ã¶¿ø,2017-02-06,-0.1
95,Ã¶¿ø,2017-02-07,-1.0
95,Ã¶¿ø,2017-02-08,-1.2
95,Ã¶¿ø,2017-02-09,-3.3
95,Ã¶¿ø,2017-02-10,-3.2
95,Ã¶¿ø,2017-02-11,-2.4
95,Ã¶¿ø,2017-02-12,-1.3
95,Ã¶¿ø,2017-02-13,-1.7
95,Ã¶¿ø,2017-02-14,-0.1
95,Ã¶¿ø,2017-02-15,0.3
95,Ã¶¿ø,2017-02-16,0.6
95,Ã¶¿ø,2017-02-17,3.1
95,Ã¶¿ø,2017-02-18,0.9
95,Ã¶¿ø,2017-02-19,0.4
95,Ã¶¿ø,2017-02-20,1.4
95,Ã¶¿ø,2017-02-21,1.4
95,Ã¶¿ø,2017-02-22,0.3
95,Ã¶¿ø,2017-02-23,1.5
95,Ã¶¿ø,2017-02-24,0.5
95,Ã¶¿ø,2017-02-25,0.5
95,Ã¶¿ø,2017-02-26,2.3
95,Ã¶¿ø,2017-02-27,2.1
95,Ã¶¿ø,2017-02-28,1.9
95,Ã¶¿ø,2017-03-01,1.4
95,Ã¶¿ø,2017-03-02,2.1
95,Ã¶¿ø,2017-03-03,1.8
95,Ã¶¿ø,2017-03-04,3.8
95,Ã¶¿ø,2017-03-05,3.4
95,Ã¶¿ø,2017-03-06,2.5
95,Ã¶¿ø,2017-03-07,1.8
95,Ã¶¿ø,2017-03-08,0.5
95,Ã¶¿ø,2017-03-09,3.6
95,Ã¶¿ø,2017-03-10,3.8
95,Ã¶¿ø,2017-03-11,5.1
95,Ã¶¿ø,2017-03-12,4.7
95,Ã¶¿ø,2017-03-13,5.7
95,Ã¶¿ø,2017-03-14,5.4
95,Ã¶¿ø,2017-03-15,5.3
95,Ã¶¿ø,2017-03-16,5.7
95,Ã¶¿ø,2017-03-17,6.1
95,Ã¶¿ø,2017-03-18,7.4
95,Ã¶¿ø,2017-03-19,7.6
95,Ã¶¿ø,2017-03-20,5.6
95,Ã¶¿ø,2017-03-21,5.8
95,Ã¶¿ø,2017-03-22,6.7
95,Ã¶¿ø,2017-03-23,8.1
95,Ã¶¿ø,2017-03-24,7.7
95,Ã¶¿ø,2017-03-25,6.1
95,Ã¶¿ø,2017-03-26,7.6
95,Ã¶¿ø,2017-03-27,5.9
95,Ã¶¿ø,2017-03-28,6.2
95,Ã¶¿ø,2017-03-29,7.5
95,Ã¶¿ø,2017-03-30,9.3
95,Ã¶¿ø,2017-03-31,6.5
95,Ã¶¿ø,2017-04-01,8.9
95,Ã¶¿ø,2017-04-02,9.9
95,Ã¶¿ø,2017-04-03,10.9
95,Ã¶¿ø,2017-04-04,11.8
95,Ã¶¿ø,2017-04-05,9.2
95,Ã¶¿ø,2017-04-06,11.1
95,Ã¶¿ø,2017-04-07,15.6
95,Ã¶¿ø,2017-04-08,15.8
95,Ã¶¿ø,2017-04-09,16.9
95,Ã¶¿ø,2017-04-10,16.5
95,Ã¶¿ø,2017-04-11,16.3
95,Ã¶¿ø,2017-04-12,13.6
95,Ã¶¿ø,2017-04-13,14.1
95,Ã¶¿ø,2017-04-14,12.7
95,Ã¶¿ø,2017-04-15,15.9
95,Ã¶¿ø,2017-04-16,17.4
95,Ã¶¿ø,2017-04-17,11.7
95,Ã¶¿ø,2017-04-18,9.9
95,Ã¶¿ø,2017-04-19,14.7
95,Ã¶¿ø,2017-04-20,14.2
95,Ã¶¿ø,2017-04-21,15.7
95,Ã¶¿ø,2017-04-22,17.6
95,Ã¶¿ø,2017-04-23,17.5
95,Ã¶¿ø,2017-04-24,16.2
95,Ã¶¿ø,2017-04-25,16.4
95,Ã¶¿ø,2017-04-26,17.5
95,Ã¶¿ø,2017-04-27,14.7
95,Ã¶¿ø,2017-04-28,18.1
95,Ã¶¿ø,2017-04-29,19.9
95,Ã¶¿ø,2017-04-30,21.8
95,Ã¶¿ø,2017-05-01,24.9
95,Ã¶¿ø,2017-05-02,23.7
95,Ã¶¿ø,2017-05-03,25.3
95,Ã¶¿ø,2017-05-04,24.0
95,Ã¶¿ø,2017-05-05,28.4
95,Ã¶¿ø,2017-05-06,19.5
95,Ã¶¿ø,2017-05-07,22.4
95,Ã¶¿ø,2017-05-08,20.4
95,Ã¶¿ø,2017-05-09,17.3
95,Ã¶¿ø,2017-05-10,18.8
95,Ã¶¿ø,2017-05-11,20.4
95,Ã¶¿ø,2017-05-12,17.4
95,Ã¶¿ø,2017-05-13,16.0
95,Ã¶¿ø,2017-05-14,18.2
95,Ã¶¿ø,2017-05-15,14.8
95,Ã¶¿ø,2017-05-16,17.5
95,Ã¶¿ø,2017-05-17,24.3
95,Ã¶¿ø,2017-05-18,24.9
95,Ã¶¿ø,2017-05-19,25.7
95,Ã¶¿ø,2017-05-20,27.0
95,Ã¶¿ø,2017-05-21,28.1
95,Ã¶¿ø,2017-05-22,28.6
95,Ã¶¿ø,2017-05-23,20.6
95,Ã¶¿ø,2017-05-24,26.8
95,Ã¶¿ø,2017-05-25,24.2
95,Ã¶¿ø,2017-05-26,22.0
95,Ã¶¿ø,2017-05-27,27.7
95,Ã¶¿ø,2017-05-28,21.9
95,Ã¶¿ø,2017-05-29,28.4
95,Ã¶¿ø,2017-05-30,27.8
95,Ã¶¿ø,2017-05-31,25.1
95,Ã¶¿ø,2017-06-01,27.9
95,Ã¶¿ø,2017-06-02,27.8
95,Ã¶¿ø,2017-06-03,28.4
95,Ã¶¿ø,2017-06-04,29.5
95,Ã¶¿ø,2017-06-05,31.4
95,Ã¶¿ø,2017-06-06,20.2
95,Ã¶¿ø,2017-06-07,17.1
95,Ã¶¿ø,2017-06-08,22.1
95,Ã¶¿ø,2017-06-09,21.5
95,Ã¶¿ø,2017-06-10,26.4
95,Ã¶¿ø,2017-06-11,27.3
95,Ã¶¿ø,2017-06-12,28.7
95,Ã¶¿ø,2017-06-13,27.8
95,Ã¶¿ø,2017-06-14,25.9
95,Ã¶¿ø,2017-06-15,28.9
95,Ã¶¿ø,2017-06-16,31.9
95,Ã¶¿ø,2017-06-17,30.8
95,Ã¶¿ø,2017-06-18,31.8
95,Ã¶¿ø,2017-06-19,29.5
95,Ã¶¿ø,2017-06-20,30.9
95,Ã¶¿ø,2017-06-21,32.0
95,Ã¶¿ø,2017-06-22,32.6
95,Ã¶¿ø,2017-06-23,31.2
95,Ã¶¿ø,2017-06-24,25.4
95,Ã¶¿ø,2017-06-25,25.2
95,Ã¶¿ø,2017-06-26,25.1
95,Ã¶¿ø,2017-06-27,29.4
95,Ã¶¿ø,2017-06-28,28.7
95,Ã¶¿ø,2017-06-29,27.8
95,Ã¶¿ø,2017-06-30,28.5
95,Ã¶¿ø,2017-07-01,28.2
95,Ã¶¿ø,2017-07-02,24.7
95,Ã¶¿ø,2017-07-03,24.4
95,Ã¶¿ø,2017-07-04,28.1
95,Ã¶¿ø,2017-07-05,30.8
95,Ã¶¿ø,2017-07-06,32.6
95,Ã¶¿ø,2017-07-07,28.5
95,Ã¶¿ø,2017-07-08,25.3
95,Ã¶¿ø,2017-07-09,27.7
95,Ã¶¿ø,2017-07-10,24.3
95,Ã¶¿ø,2017-07-11,28.3
95,Ã¶¿ø,2017-07-12,29.6
95,Ã¶¿ø,2017-07-13,29.3
95,Ã¶¿ø,2017-07-14,30.7
95,Ã¶¿ø,2017-07-15,26.5
95,Ã¶¿ø,2017-07-16,27.4
95,Ã¶¿ø,2017-07-17,27.4
95,Ã¶¿ø,2017-07-18,27.7
95,Ã¶¿ø,2017-07-19,30.1
95,Ã¶¿ø,2017-07-20,31.3
95,Ã¶¿ø,2017-07-21,29.2
95,Ã¶¿ø,2017-07-22,25.5
95,Ã¶¿ø,2017-07-23,25.4
95,Ã¶¿ø,2017-07-24,27.6
95,Ã¶¿ø,2017-07-25,28.7
95,Ã¶¿ø,2017-07-26,32.3
95,Ã¶¿ø,2017-07-27,27.3
95,Ã¶¿ø,2017-07-28,25.7
95,Ã¶¿ø,2017-07-29,26.9
95,Ã¶¿ø,2017-07-30,26.8
95,Ã¶¿ø,2017-07-31,26.1
95,Ã¶¿ø,2017-08-01,30.0
95,Ã¶¿ø,2017-08-02,34.2
95,Ã¶¿ø,2017-08-03,33.3
95,Ã¶¿ø,2017-08-04,31.9
95,Ã¶¿ø,2017-08-05,33.2
95,Ã¶¿ø,2017-08-06,34.8
95,Ã¶¿ø,2017-08-07,30.5
95,Ã¶¿ø,2017-08-08,30.1
95,Ã¶¿ø,2017-08-09,30.3
95,Ã¶¿ø,2017-08-10,26.3
95,Ã¶¿ø,2017-08-11,29.1
95,Ã¶¿ø,2017-08-12,29.5
95,Ã¶¿ø,2017-08-13,26.7
95,Ã¶¿ø,2017-08-14,24.9
95,Ã¶¿ø,2017-08-15,22.0
95,Ã¶¿ø,2017-08-16,22.7
95,Ã¶¿ø,2017-08-17,24.6
95,Ã¶¿ø,2017-08-18,26.0
95,Ã¶¿ø,2017-08-19,26.9
95,Ã¶¿ø,2017-08-20,23.4
95,Ã¶¿ø,2017-08-21,24.8
95,Ã¶¿ø,2017-08-22,25.8
95,Ã¶¿ø,2017-08-23,25.4
95,Ã¶¿ø,2017-08-24,24.7
95,Ã¶¿ø,2017-08-25,26.1
95,Ã¶¿ø,2017-08-26,24.0
95,Ã¶¿ø,2017-08-27,21.3
95,Ã¶¿ø,2017-08-28,20.7
95,Ã¶¿ø,2017-08-29,22.9
95,Ã¶¿ø,2017-08-30,19.8
95,Ã¶¿ø,2017-08-31,22.7
95,Ã¶¿ø,2017-09-01,23.5
95,Ã¶¿ø,2017-09-02,24.6
95,Ã¶¿ø,2017-09-03,25.8
95,Ã¶¿ø,2017-09-04,24.7
95,Ã¶¿ø,2017-09-05,21.5
95,Ã¶¿ø,2017-09-06,21.0
95,Ã¶¿ø,2017-09-07,23.5
95,Ã¶¿ø,2017-09-08,25.9
95,Ã¶¿ø,2017-09-09,24.8
95,Ã¶¿ø,2017-09-10,23.4
95,Ã¶¿ø,2017-09-11,21.5
95,Ã¶¿ø,2017-09-12,22.9
95,Ã¶¿ø,2017-09-13,21.9
95,Ã¶¿ø,2017-09-14,21.7
95,Ã¶¿ø,2017-09-15,21.1
95,Ã¶¿ø,2017-09-16,22.6
95,Ã¶¿ø,2017-09-17,24.3
95,Ã¶¿ø,2017-09-18,22.4
95,Ã¶¿ø,2017-09-19,22.3
95,Ã¶¿ø,2017-09-20,20.1
95,Ã¶¿ø,2017-09-21,20.3
95,Ã¶¿ø,2017-09-22,20.0
95,Ã¶¿ø,2017-09-23,22.1
95,Ã¶¿ø,2017-09-24,22.4
95,Ã¶¿ø,2017-09-25,21.8
95,Ã¶¿ø,2017-09-26,23.9
95,Ã¶¿ø,2017-09-27,21.6
95,Ã¶¿ø,2017-09-28,21.8
95,Ã¶¿ø,2017-09-29,18.0
95,Ã¶¿ø,2017-09-30,21.2
95,Ã¶¿ø,2017-10-01,16.9
95,Ã¶¿ø,2017-10-02,22.4
95,Ã¶¿ø,2017-10-03,18.6
95,Ã¶¿ø,2017-10-04,18.0
95,Ã¶¿ø,2017-10-05,16.4
95,Ã¶¿ø,2017-10-06,17.3
95,Ã¶¿ø,2017-10-07,23.1
95,Ã¶¿ø,2017-10-08,23.4
95,Ã¶¿ø,2017-10-09,22.1
95,Ã¶¿ø,2017-10-10,20.2
95,Ã¶¿ø,2017-10-11,16.3
95,Ã¶¿ø,2017-10-12,12.9
95,Ã¶¿ø,2017-10-13,13.9
95,Ã¶¿ø,2017-10-14,12.4
95,Ã¶¿ø,2017-10-15,14.6
95,Ã¶¿ø,2017-10-16,16.3
95,Ã¶¿ø,2017-10-17,14.8
95,Ã¶¿ø,2017-10-18,15.1
95,Ã¶¿ø,2017-10-19,15.1
95,Ã¶¿ø,2017-10-20,15.1
95,Ã¶¿ø,2017-10-21,15.2
95,Ã¶¿ø,2017-10-22,12.1
95,Ã¶¿ø,2017-10-23,12.5
95,Ã¶¿ø,2017-10-24,12.2
95,Ã¶¿ø,2017-10-25,13.0
95,Ã¶¿ø,2017-10-26,13.0
95,Ã¶¿ø,2017-10-27,16.2
95,Ã¶¿ø,2017-10-28,14.4
95,Ã¶¿ø,2017-10-29,11.0
95,Ã¶¿ø,2017-10-30,6.9
95,Ã¶¿ø,2017-10-31,7.7
95,Ã¶¿ø,2017-11-01,14.0
95,Ã¶¿ø,2017-11-02,14.3
95,Ã¶¿ø,2017-11-03,12.7
95,Ã¶¿ø,2017-11-04,8.4
95,Ã¶¿ø,2017-11-05,5.8
95,Ã¶¿ø,2017-11-06,10.0
95,Ã¶¿ø,2017-11-07,12.0
95,Ã¶¿ø,2017-11-08,12.4
95,Ã¶¿ø,2017-11-09,6.8
95,Ã¶¿ø,2017-11-10,6.7
95,Ã¶¿ø,2017-11-11,5.1
95,Ã¶¿ø,2017-11-12,4.1
95,Ã¶¿ø,2017-11-13,5.0
95,Ã¶¿ø,2017-11-14,5.5
95,Ã¶¿ø,2017-11-15,2.5
95,Ã¶¿ø,2017-11-16,1.3
95,Ã¶¿ø,2017-11-17,-0.5
95,Ã¶¿ø,2017-11-18,0.9
95,Ã¶¿ø,2017-11-19,-1.1
95,Ã¶¿ø,2017-11-20,-2.7
95,Ã¶¿ø,2017-11-21,-0.4
95,Ã¶¿ø,2017-11-22,1.4
95,Ã¶¿ø,2017-11-23,-1.5
95,Ã¶¿ø,2017-11-24,-0.7
95,Ã¶¿ø,2017-11-25,-1.7
95,Ã¶¿ø,2017-11-26,2.0
95,Ã¶¿ø,2017-11-27,0.2
95,Ã¶¿ø,2017-11-28,2.3
95,Ã¶¿ø,2017-11-29,3.1
95,Ã¶¿ø,2017-11-30,-0.7
95,Ã¶¿ø,2017-12-01,-3.6
95,Ã¶¿ø,2017-12-02,-2.0
95,Ã¶¿ø,2017-12-03,1.6
95,Ã¶¿ø,2017-12-04,-0.7
95,Ã¶¿ø,2017-12-05,-4.9
95,Ã¶¿ø,2017-12-06,-1.1
95,Ã¶¿ø,2017-12-07,0.2
95,Ã¶¿ø,2017-12-08,-4.1
95,Ã¶¿ø,2017-12-09,-2.3
95,Ã¶¿ø,2017-12-10,-1.1
95,Ã¶¿ø,2017-12-11,-1.8
95,Ã¶¿ø,2017-12-12,-5.0
95,Ã¶¿ø,2017-12-13,-7.4
95,Ã¶¿ø,2017-12-14,-6.7
95,Ã¶¿ø,2017-12-15,-4.7
95,Ã¶¿ø,2017-12-16,-4.7
95,Ã¶¿ø,2017-12-17,-7.2
95,Ã¶¿ø,2017-12-18,-3.4
95,Ã¶¿ø,2017-12-19,-4.4
95,Ã¶¿ø,2017-12-20,-4.5
95,Ã¶¿ø,2017-12-21,-1.5
95,Ã¶¿ø,2017-12-22,-0.3
95,Ã¶¿ø,2017-12-23,1.1
95,Ã¶¿ø,2017-12-24,-0.1
95,Ã¶¿ø,2017-12-25,-1.7
95,Ã¶¿ø,2017-12-26,-3.8
95,Ã¶¿ø,2017-12-27,-7.1
95,Ã¶¿ø,2017-12-28,-4.6
95,Ã¶¿ø,2017-12-29,-0.8
95,Ã¶¿ø,2017-12-30,-1.8
95,Ã¶¿ø,2017-12-31,-0.6
95,Ã¶¿ø,2018-01-01,-3.9
95,Ã¶¿ø,2018-01-02,-4.4
95,Ã¶¿ø,2018-01-03,-5.3
95,Ã¶¿ø,2018-01-04,-5.1
95,Ã¶¿ø,2018-01-05,-4.8
95,Ã¶¿ø,2018-01-06,-5.7
95,Ã¶¿ø,2018-01-07,-4.6
95,Ã¶¿ø,2018-01-08,-0.4
95,Ã¶¿ø,2018-01-09,-1.0
95,Ã¶¿ø,2018-01-10,-4.0
95,Ã¶¿ø,2018-01-11,-6.0
95,Ã¶¿ø,2018-01-12,-7.7
95,Ã¶¿ø,2018-01-13,-4.7
95,Ã¶¿ø,2018-01-14,-2.7
95,Ã¶¿ø,2018-01-15,1.0
95,Ã¶¿ø,2018-01-16,-0.4
95,Ã¶¿ø,2018-01-17,1.2
95,Ã¶¿ø,2018-01-18,0.2
95,Ã¶¿ø,2018-01-19,-0.1
95,Ã¶¿ø,2018-01-20,-0.3
95,Ã¶¿ø,2018-01-21,-2.0
95,Ã¶¿ø,2018-01-22,-1.0
95,Ã¶¿ø,2018-01-23,-0.8
95,Ã¶¿ø,2018-01-24,-2.9
95,Ã¶¿ø,2018-01-25,-4.2
95,Ã¶¿ø,2018-01-26,-5.2
95,Ã¶¿ø,2018-01-27,-5.1
95,Ã¶¿ø,2018-01-28,-3.2
95,Ã¶¿ø,2018-01-29,-4.5
95,Ã¶¿ø,2018-01-30,-4.5
95,Ã¶¿ø,2018-01-31,-2.4
95,Ã¶¿ø,2018-02-01,-3.8
95,Ã¶¿ø,2018-02-02,-3.7
95,Ã¶¿ø,2018-02-03,-3.3
95,Ã¶¿ø,2018-02-04,-5.9
95,Ã¶¿ø,2018-02-05,-6.9
95,Ã¶¿ø,2018-02-06,-7.6
95,Ã¶¿ø,2018-02-07,-7.9
95,Ã¶¿ø,2018-02-08,-7.5
95,Ã¶¿ø,2018-02-09,-3.3
95,Ã¶¿ø,2018-02-10,-0.4
95,Ã¶¿ø,2018-02-11,-6.1
95,Ã¶¿ø,2018-02-12,-5.2
95,Ã¶¿ø,2018-02-13,-3.4
95,Ã¶¿ø,2018-02-14,1.1
95,Ã¶¿ø,2018-02-15,-0.1
95,Ã¶¿ø,2018-02-16,-2.1
95,Ã¶¿ø,2018-02-17,-1.8
95,Ã¶¿ø,2018-02-18,-1.4
95,Ã¶¿ø,2018-02-19,0.2
95,Ã¶¿ø,2018-02-20,-0.3
95,Ã¶¿ø,2018-02-21,-1.7
95,Ã¶¿ø,2018-02-22,-0.9
95,Ã¶¿ø,2018-02-23,2.1
95,Ã¶¿ø,2018-02-24,2.3
95,Ã¶¿ø,2018-02-25,2.1
95,Ã¶¿ø,2018-02-26,2.1
95,Ã¶¿ø,2018-02-27,-0.3
95,Ã¶¿ø,2018-02-28,0.5
95,Ã¶¿ø,2018-03-01,0.3
95,Ã¶¿ø,2018-03-02,1.8
95,Ã¶¿ø,2018-03-03,4.4
95,Ã¶¿ø,2018-03-04,4.5
95,Ã¶¿ø,2018-03-05,3.5
95,Ã¶¿ø,2018-03-06,3.1
95,Ã¶¿ø,2018-03-07,4.2
95,Ã¶¿ø,2018-03-08,6.2
95,Ã¶¿ø,2018-03-09,5.3
95,Ã¶¿ø,2018-03-10,4.7
95,Ã¶¿ø,2018-03-11,5.4
95,Ã¶¿ø,2018-03-12,5.3
95,Ã¶¿ø,2018-03-13,7.9
95,Ã¶¿ø,2018-03-14,12.4
95,Ã¶¿ø,2018-03-15,10.9
95,Ã¶¿ø,2018-03-16,7.4
95,Ã¶¿ø,2018-03-17,5.1
95,Ã¶¿ø,2018-03-18,6.1
95,Ã¶¿ø,2018-03-19,7.5
95,Ã¶¿ø,2018-03-20,3.7
95,Ã¶¿ø,2018-03-21,2.3
95,Ã¶¿ø,2018-03-22,6.5
95,Ã¶¿ø,2018-03-23,6.1
95,Ã¶¿ø,2018-03-24,9.0
95,Ã¶¿ø,2018-03-25,11.2
95,Ã¶¿ø,2018-03-26,10.6
95,Ã¶¿ø,2018-03-27,12.0
95,Ã¶¿ø,2018-03-28,11.6
95,Ã¶¿ø,2018-03-29,15.3
95,Ã¶¿ø,2018-03-30,14.4
95,Ã¶¿ø,2018-03-31,14.0
95,Ã¶¿ø,2018-04-01,14.3
95,Ã¶¿ø,2018-04-02,16.9
95,Ã¶¿ø,2018-04-03,15.6
95,Ã¶¿ø,2018-04-04,12.2
95,Ã¶¿ø,2018-04-05,6.2
95,Ã¶¿ø,2018-04-06,7.0
95,Ã¶¿ø,2018-04-07,5.7
95,Ã¶¿ø,2018-04-08,1.6
95,Ã¶¿ø,2018-04-09,8.7
95,Ã¶¿ø,2018-04-10,11.3
95,Ã¶¿ø,2018-04-11,13.7
95,Ã¶¿ø,2018-04-12,12.2
95,Ã¶¿ø,2018-04-13,11.5
95,Ã¶¿ø,2018-04-14,8.8
95,Ã¶¿ø,2018-04-15,9.3
95,Ã¶¿ø,2018-04-16,12.6
95,Ã¶¿ø,2018-04-17,14.0
95,Ã¶¿ø,2018-04-18,14.5
95,Ã¶¿ø,2018-04-19,15.6
95,Ã¶¿ø,2018-04-20,18.9
95,Ã¶¿ø,2018-04-21,18.6
95,Ã¶¿ø,2018-04-22,14.1
95,Ã¶¿ø,2018-04-23,8.5
95,Ã¶¿ø,2018-04-24,9.8
95,Ã¶¿ø,2018-04-25,14.4
95,Ã¶¿ø,2018-04-26,16.8
95,Ã¶¿ø,2018-04-27,18.6
95,Ã¶¿ø,2018-04-28,18.8
95,Ã¶¿ø,2018-04-29,18.2
95,Ã¶¿ø,2018-04-30,19.8
95,Ã¶¿ø,2018-05-01,20.4
95,Ã¶¿ø,2018-05-02,12.9
95,Ã¶¿ø,2018-05-03,10.5
95,Ã¶¿ø,2018-05-04,16.1
95,Ã¶¿ø,2018-05-05,17.7
95,Ã¶¿ø,2018-05-06,17.0
95,Ã¶¿ø,2018-05-07,17.5
95,Ã¶¿ø,2018-05-08,18.2
95,Ã¶¿ø,2018-05-09,19.0
95,Ã¶¿ø,2018-05-10,19.8
95,Ã¶¿ø,2018-05-11,19.9
95,Ã¶¿ø,2018-05-12,13.7
95,Ã¶¿ø,2018-05-13,19.1
95,Ã¶¿ø,2018-05-14,19.2
95,Ã¶¿ø,2018-05-15,23.8
95,Ã¶¿ø,2018-05-16,20.5
95,Ã¶¿ø,2018-05-17,19.8
95,Ã¶¿ø,2018-05-18,16.0
95,Ã¶¿ø,2018-05-19,19.2
95,Ã¶¿ø,2018-05-20,14.9
95,Ã¶¿ø,2018-05-21,20.0
95,Ã¶¿ø,2018-05-22,18.4
95,Ã¶¿ø,2018-05-23,21.6
95,Ã¶¿ø,2018-05-24,21.5
95,Ã¶¿ø,2018-05-25,22.5
95,Ã¶¿ø,2018-05-26,26.8
95,Ã¶¿ø,2018-05-27,23.8
95,Ã¶¿ø,2018-05-28,27.7
95,Ã¶¿ø,2018-05-29,27.0
95,Ã¶¿ø,2018-05-30,26.6
95,Ã¶¿ø,2018-05-31,28.5
95,Ã¶¿ø,2018-06-01,32.5
95,Ã¶¿ø,2018-06-02,32.5
95,Ã¶¿ø,2018-06-03,30.9
95,Ã¶¿ø,2018-06-04,27.6
95,Ã¶¿ø,2018-06-05,30.3
95,Ã¶¿ø,2018-06-06,29.3
95,Ã¶¿ø,2018-06-07,26.1
95,Ã¶¿ø,2018-06-08,27.5
95,Ã¶¿ø,2018-06-09,27.7
95,Ã¶¿ø,2018-06-10,21.1
95,Ã¶¿ø,2018-06-11,23.1
95,Ã¶¿ø,2018-06-12,33.3
95,Ã¶¿ø,2018-06-13,25.6
95,Ã¶¿ø,2018-06-14,21.8
95,Ã¶¿ø,2018-06-15,23.9
95,Ã¶¿ø,2018-06-16,28.7
95,Ã¶¿ø,2018-06-17,26.6
95,Ã¶¿ø,2018-06-18,32.2
95,Ã¶¿ø,2018-06-19,27.8
95,Ã¶¿ø,2018-06-20,30.1
95,Ã¶¿ø,2018-06-21,32.4
95,Ã¶¿ø,2018-06-22,34.1
95,Ã¶¿ø,2018-06-23,28.2
95,Ã¶¿ø,2018-06-24,31.9
95,Ã¶¿ø,2018-06-25,30.7
95,Ã¶¿ø,2018-06-26,22.5
95,Ã¶¿ø,2018-06-27,23.0
95,Ã¶¿ø,2018-06-28,23.6
95,Ã¶¿ø,2018-06-29,27.2
95,Ã¶¿ø,2018-06-30,26.4
95,Ã¶¿ø,2018-07-01,22.6
95,Ã¶¿ø,2018-07-02,22.6
95,Ã¶¿ø,2018-07-03,27.6
95,Ã¶¿ø,2018-07-04,30.3
95,Ã¶¿ø,2018-07-05,23.7
95,Ã¶¿ø,2018-07-06,23.1
95,Ã¶¿ø,2018-07-07,24.8
95,Ã¶¿ø,2018-07-08,26.5
95,Ã¶¿ø,2018-07-09,21.2
95,Ã¶¿ø,2018-07-10,22.8
95,Ã¶¿ø,2018-07-11,24.6
95,Ã¶¿ø,2018-07-12,27.4
95,Ã¶¿ø,2018-07-13,27.3
95,Ã¶¿ø,2018-07-14,28.9
95,Ã¶¿ø,2018-07-15,30.8
95,Ã¶¿ø,2018-07-16,31.9
95,Ã¶¿ø,2018-07-17,31.8
95,Ã¶¿ø,2018-07-18,31.9
95,Ã¶¿ø,2018-07-19,32.7
95,Ã¶¿ø,2018-07-20,33.3
95,Ã¶¿ø,2018-07-21,34.0
95,Ã¶¿ø,2018-07-22,34.6
95,Ã¶¿ø,2018-07-23,32.7
95,Ã¶¿ø,2018-07-24,35.3
95,Ã¶¿ø,2018-07-25,34.3
95,Ã¶¿ø,2018-07-26,34.4
95,Ã¶¿ø,2018-07-27,38.4
95,Ã¶¿ø,2018-07-28,36.2
95,Ã¶¿ø,2018-07-29,37.2
95,Ã¶¿ø,2018-07-30,38.5
95,Ã¶¿ø,2018-07-31,40.8
95,Ã¶¿ø,2018-08-01,42.1
95,Ã¶¿ø,2018-08-02,41.9
95,Ã¶¿ø,2018-08-03,40.5
95,Ã¶¿ø,2018-08-04,38.8
95,Ã¶¿ø,2018-08-05,36.5
95,Ã¶¿ø,2018-08-06,40.7
95,Ã¶¿ø,2018-08-07,38.7
95,Ã¶¿ø,2018-08-08,36.8
95,Ã¶¿ø,2018-08-09,27.6
95,Ã¶¿ø,2018-08-10,31.9
95,Ã¶¿ø,2018-08-11,35.1
95,Ã¶¿ø,2018-08-12,34.7
95,Ã¶¿ø,2018-08-13,31.0
95,Ã¶¿ø,2018-08-14,32.0
95,Ã¶¿ø,2018-08-15,34.3
95,Ã¶¿ø,2018-08-16,32.2
95,Ã¶¿ø,2018-08-17,30.0
95,Ã¶¿ø,2018-08-18,30.3
95,Ã¶¿ø,2018-08-19,31.5
95,Ã¶¿ø,2018-08-20,32.1
95,Ã¶¿ø,2018-08-21,26.8
95,Ã¶¿ø,2018-08-22,27.1
95,Ã¶¿ø,2018-08-23,25.2
95,Ã¶¿ø,2018-08-24,23.7
95,Ã¶¿ø,2018-08-25,25.4
95,Ã¶¿ø,2018-08-26,25.7
95,Ã¶¿ø,2018-08-27,27.0
95,Ã¶¿ø,2018-08-28,25.2
95,Ã¶¿ø,2018-08-29,21.2
95,Ã¶¿ø,2018-08-30,25.9
95,Ã¶¿ø,2018-08-31,26.2
95,Ã¶¿ø,2018-09-01,23.0
95,Ã¶¿ø,2018-09-02,25.6
95,Ã¶¿ø,2018-09-03,22.6
95,Ã¶¿ø,2018-09-04,24.5
95,Ã¶¿ø,2018-09-05,22.6
95,Ã¶¿ø,2018-09-06,21.4
95,Ã¶¿ø,2018-09-07,21.6
95,Ã¶¿ø,2018-09-08,21.4
95,Ã¶¿ø,2018-09-09,21.2
95,Ã¶¿ø,2018-09-10,24.4
95,Ã¶¿ø,2018-09-11,23.1
95,Ã¶¿ø,2018-09-12,22.0
95,Ã¶¿ø,2018-09-13,26.2
95,Ã¶¿ø,2018-09-14,24.3
95,Ã¶¿ø,2018-09-15,24.8
95,Ã¶¿ø,2018-09-16,23.2
95,Ã¶¿ø,2018-09-17,26.0
95,Ã¶¿ø,2018-09-18,25.5
95,Ã¶¿ø,2018-09-19,23.0
95,Ã¶¿ø,2018-09-20,18.9
95,Ã¶¿ø,2018-09-21,20.0
95,Ã¶¿ø,2018-09-22,20.2
95,Ã¶¿ø,2018-09-23,18.6
95,Ã¶¿ø,2018-09-24,16.6
95,Ã¶¿ø,2018-09-25,15.9
95,Ã¶¿ø,2018-09-26,18.4
95,Ã¶¿ø,2018-09-27,18.5
95,Ã¶¿ø,2018-09-28,17.8
95,Ã¶¿ø,2018-09-29,20.7
95,Ã¶¿ø,2018-09-30,18.5
95,Ã¶¿ø,2018-10-01,13.9
95,Ã¶¿ø,2018-10-02,17.2
95,Ã¶¿ø,2018-10-03,18.6
95,Ã¶¿ø,2018-10-04,19.7
95,Ã¶¿ø,2018-10-05,15.9
95,Ã¶¿ø,2018-10-06,16.4
95,Ã¶¿ø,2018-10-07,17.2
95,Ã¶¿ø,2018-10-08,13.0
95,Ã¶¿ø,2018-10-09,12.7
95,Ã¶¿ø,2018-10-10,12.2
95,Ã¶¿ø,2018-10-11,9.6
95,Ã¶¿ø,2018-10-12,9.9
95,Ã¶¿ø,2018-10-13,10.8
95,Ã¶¿ø,2018-10-14,11.7
95,Ã¶¿ø,2018-10-15,13.0
95,Ã¶¿ø,2018-10-16,12.7
95,Ã¶¿ø,2018-10-17,12.4
95,Ã¶¿ø,2018-10-18,11.7
95,Ã¶¿ø,2018-10-19,11.3
95,Ã¶¿ø,2018-10-20,10.8
95,Ã¶¿ø,2018-10-21,10.6
95,Ã¶¿ø,2018-10-22,10.4
95,Ã¶¿ø,2018-10-23,9.5
95,Ã¶¿ø,2018-10-24,10.2
95,Ã¶¿ø,2018-10-25,10.7
95,Ã¶¿ø,2018-10-26,10.8
95,Ã¶¿ø,2018-10-27,5.8
95,Ã¶¿ø,2018-10-28,5.0
95,Ã¶¿ø,2018-10-29,5.0
95,Ã¶¿ø,2018-10-30,5.6
95,Ã¶¿ø,2018-10-31,5.6
95,Ã¶¿ø,2018-11-01,6.0
95,Ã¶¿ø,2018-11-02,6.8
95,Ã¶¿ø,2018-11-03,7.3
95,Ã¶¿ø,2018-11-04,7.8
95,Ã¶¿ø,2018-11-05,9.0
95,Ã¶¿ø,2018-11-06,10.2
95,Ã¶¿ø,2018-11-07,10.5
95,Ã¶¿ø,2018-11-08,10.8
95,Ã¶¿ø,2018-11-09,10.5
95,Ã¶¿ø,2018-11-10,9.3
95,Ã¶¿ø,2018-11-11,4.9
95,Ã¶¿ø,2018-11-12,5.3
95,Ã¶¿ø,2018-11-13,6.4
95,Ã¶¿ø,2018-11-14,6.1
95,Ã¶¿ø,2018-11-15,4.3
95,Ã¶¿ø,2018-11-16,5.5
95,Ã¶¿ø,2018-11-17,4.2
95,Ã¶¿ø,2018-11-18,2.6
95,Ã¶¿ø,2018-11-19,2.0
95,Ã¶¿ø,2018-11-20,3.1
95,Ã¶¿ø,2018-11-21,4.6
95,Ã¶¿ø,2018-11-22,0.8
95,Ã¶¿ø,2018-11-23,-0.6
95,Ã¶¿ø,2018-11-24,-0.2
95,Ã¶¿ø,2018-11-25,2.6
95,Ã¶¿ø,2018-11-26,4.5
95,Ã¶¿ø,2018-11-27,4.1
95,Ã¶¿ø,2018-11-28,1.7
95,Ã¶¿ø,2018-11-29,0.4
95,Ã¶¿ø,2018-11-30,-0.5
95,Ã¶¿ø,2018-12-01,1.3
95,Ã¶¿ø,2018-12-02,0.9
95,Ã¶¿ø,2018-12-03,4.7
95,Ã¶¿ø,2018-12-04,6.3
95,Ã¶¿ø,2018-12-05,-0.6
95,Ã¶¿ø,2018-12-06,2.5
95,Ã¶¿ø,2018-12-07,-5.2
95,Ã¶¿ø,2018-12-08,-6.4
95,Ã¶¿ø,2018-12-09,-6.4
95,Ã¶¿ø,2018-12-10,-4.6
95,Ã¶¿ø,2018-12-11,-2.4
95,Ã¶¿ø,2018-12-12,-4.1
95,Ã¶¿ø,2018-12-13,-3.4
95,Ã¶¿ø,2018-12-14,-5.9
95,Ã¶¿ø,2018-12-15,-4.6
95,Ã¶¿ø,2018-12-16,-1.8
95,Ã¶¿ø,2018-12-17,-2.0
95,Ã¶¿ø,2018-12-18,-3.4
95,Ã¶¿ø,2018-12-19,-0.7
95,Ã¶¿ø,2018-12-20,-2.2
95,Ã¶¿ø,2018-12-21,-1.0
95,Ã¶¿ø,2018-12-22,1.7
95,Ã¶¿ø,2018-12-23,-0.1
95,Ã¶¿ø,2018-12-24,-4.2
95,Ã¶¿ø,2018-12-25,-1.6
95,Ã¶¿ø,2018-12-26,-2.1
95,Ã¶¿ø,2018-12-27,-7.6
95,Ã¶¿ø,2018-12-28,-8.7
95,Ã¶¿ø,2018-12-29,-7.9
95,Ã¶¿ø,2018-12-30,-8.1
95,Ã¶¿ø,2018-12-31,-8.6
95,Ã¶¿ø,2019-01-01,-8.0
95,Ã¶¿ø,2019-01-02,-7.6
95,Ã¶¿ø,2019-01-03,-6.9
95,Ã¶¿ø,2019-01-04,-4.2
95,Ã¶¿ø,2019-01-05,-4.7
95,Ã¶¿ø,2019-01-06,-5.4
95,Ã¶¿ø,2019-01-07,-5.8
95,Ã¶¿ø,2019-01-08,-6.5
95,Ã¶¿ø,2019-01-09,-7.4
95,Ã¶¿ø,2019-01-10,-1.8
95,Ã¶¿ø,2019-01-11,-1.3
95,Ã¶¿ø,2019-01-12,-1.5
95,Ã¶¿ø,2019-01-13,-2.8
95,Ã¶¿ø,2019-01-14,-3.3
95,Ã¶¿ø,2019-01-15,-3.3
95,Ã¶¿ø,2019-01-16,-5.6
95,Ã¶¿ø,2019-01-17,-2.4
95,Ã¶¿ø,2019-01-18,-4.0
95,Ã¶¿ø,2019-01-19,-3.3
95,Ã¶¿ø,2019-01-20,-2.8
95,Ã¶¿ø,2019-01-21,-4.9
95,Ã¶¿ø,2019-01-22,-3.4
95,Ã¶¿ø,2019-01-23,-2.3
95,Ã¶¿ø,2019-01-24,-4.0
95,Ã¶¿ø,2019-01-25,-5.2
95,Ã¶¿ø,2019-01-26,-5.2
95,Ã¶¿ø,2019-01-27,-4.0
95,Ã¶¿ø,2019-01-28,-0.4
95,Ã¶¿ø,2019-01-29,-3.4
95,Ã¶¿ø,2019-01-30,-1.9
95,Ã¶¿ø,2019-01-31,-1.5
95,Ã¶¿ø,2019-02-01,-4.4
95,Ã¶¿ø,2019-02-02,-2.0
95,Ã¶¿ø,2019-02-03,0.6
95,Ã¶¿ø,2019-02-04,0.7
95,Ã¶¿ø,2019-02-05,0.3
95,Ã¶¿ø,2019-02-06,0.3
95,Ã¶¿ø,2019-02-07,1.4
95,Ã¶¿ø,2019-02-08,-2.8
95,Ã¶¿ø,2019-02-09,-2.5
95,Ã¶¿ø,2019-02-10,-4.1
95,Ã¶¿ø,2019-02-11,-2.1
95,Ã¶¿ø,2019-02-12,-1.9
95,Ã¶¿ø,2019-02-13,-1.4
95,Ã¶¿ø,2019-02-14,-1.0
95,Ã¶¿ø,2019-02-15,-0.6
95,Ã¶¿ø,2019-02-16,-1.0
95,Ã¶¿ø,2019-02-17,-1.3
95,Ã¶¿ø,2019-02-18,-0.8
95,Ã¶¿ø,2019-02-19,-0.1
95,Ã¶¿ø,2019-02-20,-0.1
95,Ã¶¿ø,2019-02-21,1.7
95,Ã¶¿ø,2019-02-22,2.2
95,Ã¶¿ø,2019-02-23,2.9
95,Ã¶¿ø,2019-02-24,2.6
95,Ã¶¿ø,2019-02-25,2.6
95,Ã¶¿ø,2019-02-26,2.9
95,Ã¶¿ø,2019-02-27,3.6
95,Ã¶¿ø,2019-02-28,3.2
95,Ã¶¿ø,2019-03-01,3.5
95,Ã¶¿ø,2019-03-02,3.7
95,Ã¶¿ø,2019-03-03,4.5
95,Ã¶¿ø,2019-03-04,5.5
95,Ã¶¿ø,2019-03-05,3.9
95,Ã¶¿ø,2019-03-06,4.0
95,Ã¶¿ø,2019-03-07,5.4
95,Ã¶¿ø,2019-03-08,4.6
95,Ã¶¿ø,2019-03-09,2.7
95,Ã¶¿ø,2019-03-10,3.9
95,Ã¶¿ø,2019-03-11,3.3
95,Ã¶¿ø,2019-03-12,3.0
95,Ã¶¿ø,2019-03-13,3.1
95,Ã¶¿ø,2019-03-14,2.2
95,Ã¶¿ø,2019-03-15,3.3
95,Ã¶¿ø,2019-03-16,5.2
95,Ã¶¿ø,2019-03-17,6.5
95,Ã¶¿ø,2019-03-18,4.9
95,Ã¶¿ø,2019-03-19,6.9
95,Ã¶¿ø,2019-03-20,6.4
95,Ã¶¿ø,2019-03-21,7.9
95,Ã¶¿ø,2019-03-22,5.3
95,Ã¶¿ø,2019-03-23,2.5
95,Ã¶¿ø,2019-03-24,4.2
95,Ã¶¿ø,2019-03-25,4.8
95,Ã¶¿ø,2019-03-26,9.8
95,Ã¶¿ø,2019-03-27,8.0
95,Ã¶¿ø,2019-03-28,10.4
95,Ã¶¿ø,2019-03-29,10.7
95,Ã¶¿ø,2019-03-30,6.5
95,Ã¶¿ø,2019-03-31,4.3
95,Ã¶¿ø,2019-04-01,4.9
95,Ã¶¿ø,2019-04-02,6.3
95,Ã¶¿ø,2019-04-03,7.8
95,Ã¶¿ø,2019-04-04,8.7
95,Ã¶¿ø,2019-04-05,10.8
95,Ã¶¿ø,2019-04-06,6.8
95,Ã¶¿ø,2019-04-07,11.2
95,Ã¶¿ø,2019-04-08,11.7
95,Ã¶¿ø,2019-04-09,8.1
95,Ã¶¿ø,2019-04-10,7.9
95,Ã¶¿ø,2019-04-11,9.9
95,Ã¶¿ø,2019-04-12,13.1
95,Ã¶¿ø,2019-04-13,12.7
95,Ã¶¿ø,2019-04-14,7.9
95,Ã¶¿ø,2019-04-15,11.2
95,Ã¶¿ø,2019-04-16,12.6
95,Ã¶¿ø,2019-04-17,14.6
95,Ã¶¿ø,2019-04-18,9.1
95,Ã¶¿ø,2019-04-19,14.0
95,Ã¶¿ø,2019-04-20,12.8
95,Ã¶¿ø,2019-04-21,17.4
95,Ã¶¿ø,2019-04-22,18.4
95,Ã¶¿ø,2019-04-23,18.1
95,Ã¶¿ø,2019-04-24,20.9
95,Ã¶¿ø,2019-04-25,12.3
95,Ã¶¿ø,2019-04-26,9.4
95,Ã¶¿ø,2019-04-27,14.2
95,Ã¶¿ø,2019-04-28,11.9
95,Ã¶¿ø,2019-04-29,12.7
95,Ã¶¿ø,2019-04-30,15.6
95,Ã¶¿ø,2019-05-01,18.4
95,Ã¶¿ø,2019-05-02,18.2
95,Ã¶¿ø,2019-05-03,18.3
95,Ã¶¿ø,2019-05-04,18.6
95,Ã¶¿ø,2019-05-05,20.0
95,Ã¶¿ø,2019-05-06,18.6
95,Ã¶¿ø,2019-05-07,17.8
95,Ã¶¿ø,2019-05-08,18.5
95,Ã¶¿ø,2019-05-09,22.8
95,Ã¶¿ø,2019-05-10,24.5
95,Ã¶¿ø,2019-05-11,25.0
95,Ã¶¿ø,2019-05-12,24.7
95,Ã¶¿ø,2019-05-13,19.0
95,Ã¶¿ø,2019-05-14,25.4
95,Ã¶¿ø,2019-05-15,23.4
95,Ã¶¿ø,2019-05-16,28.6
95,Ã¶¿ø,2019-05-17,26.1
95,Ã¶¿ø,2019-05-18,27.6
95,Ã¶¿ø,2019-05-19,21.8
95,Ã¶¿ø,2019-05-20,19.9
95,Ã¶¿ø,2019-05-21,21.8
95,Ã¶¿ø,2019-05-22,22.4
95,Ã¶¿ø,2019-05-23,23.4
95,Ã¶¿ø,2019-05-24,25.7
95,Ã¶¿ø,2019-05-25,24.1
95,Ã¶¿ø,2019-05-26,25.5
95,Ã¶¿ø,2019-05-27,18.8
95,Ã¶¿ø,2019-05-28,22.2
95,Ã¶¿ø,2019-05-29,23.9
95,Ã¶¿ø,2019-05-30,22.6
95,Ã¶¿ø,2019-05-31,24.8
95,Ã¶¿ø,2019-06-01,24.9
95,Ã¶¿ø,2019-06-02,26.9
95,Ã¶¿ø,2019-06-03,27.5
95,Ã¶¿ø,2019-06-04,29.2
95,Ã¶¿ø,2019-06-05,28.8
95,Ã¶¿ø,2019-06-06,22.0
95,Ã¶¿ø,2019-06-07,19.8
95,Ã¶¿ø,2019-06-08,21.8
95,Ã¶¿ø,2019-06-09,21.5
95,Ã¶¿ø,2019-06-10,21.9
95,Ã¶¿ø,2019-06-11,22.3
95,Ã¶¿ø,2019-06-12,25.5
95,Ã¶¿ø,2019-06-13,27.0
95,Ã¶¿ø,2019-06-14,25.8
95,Ã¶¿ø,2019-06-15,27.3
95,Ã¶¿ø,2019-06-16,26.6
95,Ã¶¿ø,2019-06-17,26.6
95,Ã¶¿ø,2019-06-18,19.9
95,Ã¶¿ø,2019-06-19,21.5
95,Ã¶¿ø,2019-06-20,25.7
95,Ã¶¿ø,2019-06-21,23.5
95,Ã¶¿ø,2019-06-22,25.4
95,Ã¶¿ø,2019-06-23,26.0
95,Ã¶¿ø,2019-06-24,29.1
95,Ã¶¿ø,2019-06-25,29.2
95,Ã¶¿ø,2019-06-26,26.2
95,Ã¶¿ø,2019-06-27,29.5
95,Ã¶¿ø,2019-06-28,27.5
95,Ã¶¿ø,2019-06-29,25.8
95,Ã¶¿ø,2019-06-30,26.9
95,Ã¶¿ø,2019-07-01,29.5
95,Ã¶¿ø,2019-07-02,28.0
95,Ã¶¿ø,2019-07-03,30.2
95,Ã¶¿ø,2019-07-04,31.1
95,Ã¶¿ø,2019-07-05,32.1
95,Ã¶¿ø,2019-07-06,32.0
95,Ã¶¿ø,2019-07-07,29.6
95,Ã¶¿ø,2019-07-08,26.8
95,Ã¶¿ø,2019-07-09,28.8
95,Ã¶¿ø,2019-07-10,24.5
95,Ã¶¿ø,2019-07-11,22.4
95,Ã¶¿ø,2019-07-12,23.4
95,Ã¶¿ø,2019-07-13,27.4
95,Ã¶¿ø,2019-07-14,27.1
95,Ã¶¿ø,2019-07-15,25.1
95,Ã¶¿ø,2019-07-16,25.2
95,Ã¶¿ø,2019-07-17,25.4
95,Ã¶¿ø,2019-07-18,28.4
95,Ã¶¿ø,2019-07-19,29.2
95,Ã¶¿ø,2019-07-20,26.5
95,Ã¶¿ø,2019-07-21,25.2
95,Ã¶¿ø,2019-07-22,27.4
95,Ã¶¿ø,2019-07-23,27.3
95,Ã¶¿ø,2019-07-24,27.6
95,Ã¶¿ø,2019-07-25,27.9
95,Ã¶¿ø,2019-07-26,25.0
95,Ã¶¿ø,2019-07-27,29.0
95,Ã¶¿ø,2019-07-28,25.6
95,Ã¶¿ø,2019-07-29,26.6
95,Ã¶¿ø,2019-07-30,25.5
95,Ã¶¿ø,2019-07-31,26.3
95,Ã¶¿ø,2019-08-01,27.5
95,Ã¶¿ø,2019-08-02,30.2
95,Ã¶¿ø,2019-08-03,30.2
95,Ã¶¿ø,2019-08-04,30.3
95,Ã¶¿ø,2019-08-05,31.0
95,Ã¶¿ø,2019-08-06,30.6
95,Ã¶¿ø,2019-08-07,25.9
95,Ã¶¿ø,2019-08-08,28.6
95,Ã¶¿ø,2019-08-09,28.7
95,Ã¶¿ø,2019-08-10,29.5
95,Ã¶¿ø,2019-08-11,29.0
95,Ã¶¿ø,2019-08-12,26.7
95,Ã¶¿ø,2019-08-13,29.2
95,Ã¶¿ø,2019-08-14,30.1
95,Ã¶¿ø,2019-08-15,24.9
95,Ã¶¿ø,2019-08-16,25.7
95,Ã¶¿ø,2019-08-17,26.7
95,Ã¶¿ø,2019-08-18,26.7
95,Ã¶¿ø,2019-08-19,27.8
95,Ã¶¿ø,2019-08-20,28.0
95,Ã¶¿ø,2019-08-21,26.5
95,Ã¶¿ø,2019-08-22,28.2
95,Ã¶¿ø,2019-08-23,27.7
95,Ã¶¿ø,2019-08-24,25.8
95,Ã¶¿ø,2019-08-25,27.6
95,Ã¶¿ø,2019-08-26,28.0
95,Ã¶¿ø,2019-08-27,27.4
95,Ã¶¿ø,2019-08-28,27.8
95,Ã¶¿ø,2019-08-29,23.8
95,Ã¶¿ø,2019-08-30,23.9
95,Ã¶¿ø,2019-08-31,23.9
95,Ã¶¿ø,2019-09-01,23.6
95,Ã¶¿ø,2019-09-02,24.4
95,Ã¶¿ø,2019-09-03,25.1
95,Ã¶¿ø,2019-09-04,22.2
95,Ã¶¿ø,2019-09-05,22.2
95,Ã¶¿ø,2019-09-06,24.8
95,Ã¶¿ø,2019-09-07,23.8
95,Ã¶¿ø,2019-09-08,24.5
95,Ã¶¿ø,2019-09-09,26.0
95,Ã¶¿ø,2019-09-10,23.4
95,Ã¶¿ø,2019-09-11,23.4
95,Ã¶¿ø,2019-09-12,21.4
95,Ã¶¿ø,2019-09-13,23.4
95,Ã¶¿ø,2019-09-14,22.2
95,Ã¶¿ø,2019-09-15,24.1
95,Ã¶¿ø,2019-09-16,22.8
95,Ã¶¿ø,2019-09-17,21.8
95,Ã¶¿ø,2019-09-18,22.4
95,Ã¶¿ø,2019-09-19,20.1
95,Ã¶¿ø,2019-09-20,19.6
95,Ã¶¿ø,2019-09-21,18.8
95,Ã¶¿ø,2019-09-22,17.9
95,Ã¶¿ø,2019-09-23,20.8
95,Ã¶¿ø,2019-09-24,20.3
95,Ã¶¿ø,2019-09-25,20.8
95,Ã¶¿ø,2019-09-26,21.8
95,Ã¶¿ø,2019-09-27,22.2
95,Ã¶¿ø,2019-09-28,23.0
95,Ã¶¿ø,2019-09-29,21.5
95,Ã¶¿ø,2019-09-30,21.5
95,Ã¶¿ø,2019-10-01,21.9
95,Ã¶¿ø,2019-10-02,21.0
95,Ã¶¿ø,2019-10-03,21.5
95,Ã¶¿ø,2019-10-04,21.6
95,Ã¶¿ø,2019-10-05,18.8
95,Ã¶¿ø,2019-10-06,18.3
95,Ã¶¿ø,2019-10-07,16.4
95,Ã¶¿ø,2019-10-08,16.3
95,Ã¶¿ø,2019-10-09,14.7
95,Ã¶¿ø,2019-10-10,14.8
95,Ã¶¿ø,2019-10-11,17.2
95,Ã¶¿ø,2019-10-12,17.1
95,Ã¶¿ø,2019-10-13,16.6
95,Ã¶¿ø,2019-10-14,15.2
95,Ã¶¿ø,2019-10-15,15.2
95,Ã¶¿ø,2019-10-16,14.5
95,Ã¶¿ø,2019-10-17,15.6
95,Ã¶¿ø,2019-10-18,15.9
95,Ã¶¿ø,2019-10-19,15.8
95,Ã¶¿ø,2019-10-20,15.2
95,Ã¶¿ø,2019-10-21,15.6
95,Ã¶¿ø,2019-10-22,16.1
95,Ã¶¿ø,2019-10-23,15.2
95,Ã¶¿ø,2019-10-24,15.7
95,Ã¶¿ø,2019-10-25,16.8
95,Ã¶¿ø,2019-10-26,13.6
95,Ã¶¿ø,2019-10-27,11.7
95,Ã¶¿ø,2019-10-28,12.8
95,Ã¶¿ø,2019-10-29,12.7
95,Ã¶¿ø,2019-10-30,10.6
95,Ã¶¿ø,2019-10-31,13.0
95,Ã¶¿ø,2019-11-01,13.5
95,Ã¶¿ø,2019-11-02,12.0
95,Ã¶¿ø,2019-11-03,12.6
95,Ã¶¿ø,2019-11-04,11.2
95,Ã¶¿ø,2019-11-05,10.2
95,Ã¶¿ø,2019-11-06,9.6
95,Ã¶¿ø,2019-11-07,9.1
95,Ã¶¿ø,2019-11-08,6.6
95,Ã¶¿ø,2019-11-09,7.6
95,Ã¶¿ø,2019-11-10,7.9
95,Ã¶¿ø,2019-11-11,10.1
95,Ã¶¿ø,2019-11-12,7.4
95,Ã¶¿ø,2019-11-13,4.9
95,Ã¶¿ø,2019-11-14,2.4
95,Ã¶¿ø,2019-11-15,5.3
95,Ã¶¿ø,2019-11-16,7.1
95,Ã¶¿ø,2019-11-17,6.2
95,Ã¶¿ø,2019-11-18,6.3
95,Ã¶¿ø,2019-11-19,2.0
95,Ã¶¿ø,2019-11-20,1.1
95,Ã¶¿ø,2019-11-21,1.3
95,Ã¶¿ø,2019-11-22,3.8
95,Ã¶¿ø,2019-11-23,5.0
95,Ã¶¿ø,2019-11-24,5.9
95,Ã¶¿ø,2019-11-25,5.2
95,Ã¶¿ø,2019-11-26,5.2
95,Ã¶¿ø,2019-11-27,3.2
95,Ã¶¿ø,2019-11-28,2.0
95,Ã¶¿ø,2019-11-29,1.6
95,Ã¶¿ø,2019-11-30,2.1
95,Ã¶¿ø,2019-12-01,4.2
95,Ã¶¿ø,2019-12-02,1.2
95,Ã¶¿ø,2019-12-03,-0.6
95,Ã¶¿ø,2019-12-04,0.5
95,Ã¶¿ø,2019-12-05,-1.9
95,Ã¶¿ø,2019-12-06,-3.7
95,Ã¶¿ø,2019-12-07,-1.2
95,Ã¶¿ø,2019-12-08,-1.7
95,Ã¶¿ø,2019-12-09,-0.3
95,Ã¶¿ø,2019-12-10,1.5
95,Ã¶¿ø,2019-12-11,3.7
95,Ã¶¿ø,2019-12-12,0.6
95,Ã¶¿ø,2019-12-13,-0.5
95,Ã¶¿ø,2019-12-14,1.1
95,Ã¶¿ø,2019-12-15,0.7
95,Ã¶¿ø,2019-12-16,2.4
95,Ã¶¿ø,2019-12-17,5.7
95,Ã¶¿ø,2019-12-18,2.4
95,Ã¶¿ø,2019-12-19,0.6
95,Ã¶¿ø,2019-12-20,-0.2
95,Ã¶¿ø,2019-12-21,-1.2
95,Ã¶¿ø,2019-12-22,0.3
95,Ã¶¿ø,2019-12-23,0.9
95,Ã¶¿ø,2019-12-24,0.9
95,Ã¶¿ø,2019-12-25,-0.3
95,Ã¶¿ø,2019-12-26,1.1
95,Ã¶¿ø,2019-12-27,-0.9
95,Ã¶¿ø,2019-12-28,0.0
95,Ã¶¿ø,2019-12-29,1.0
95,Ã¶¿ø,2019-12-30,-0.1
95,Ã¶¿ø,2019-12-31,-3.0
95,Ã¶¿ø,2020-01-01,-1.1
95,Ã¶¿ø,2020-01-02,-0.6
95,Ã¶¿ø,2020-01-03,-1.3
95,Ã¶¿ø,2020-01-04,-1.5
95,Ã¶¿ø,2020-01-05,-1.6
95,Ã¶¿ø,2020-01-06,-0.9
95,Ã¶¿ø,2020-01-07,1.2
95,Ã¶¿ø,2020-01-08,2.5
95,Ã¶¿ø,2020-01-09,0.8
95,Ã¶¿ø,2020-01-10,-0.4
95,Ã¶¿ø,2020-01-11,-0.3
95,Ã¶¿ø,2020-01-12,-0.2
95,Ã¶¿ø,2020-01-13,-1.2
95,Ã¶¿ø,2020-01-14,-1.8
95,Ã¶¿ø,2020-01-15,-2.4
95,Ã¶¿ø,2020-01-16,-2.3
95,Ã¶¿ø,2020-01-17,-1.9
95,Ã¶¿ø,2020-01-18,-1.1
95,Ã¶¿ø,2020-01-19,-1.1
95,Ã¶¿ø,2020-01-20,-1.0
95,Ã¶¿ø,2020-01-21,-1.7
95,Ã¶¿ø,2020-01-22,0.3
95,Ã¶¿ø,2020-01-23,0.3
95,Ã¶¿ø,2020-01-24,-0.1
95,Ã¶¿ø,2020-01-25,-0.1
95,Ã¶¿ø,2020-01-26,0.9
95,Ã¶¿ø,2020-01-27,0.8
95,Ã¶¿ø,2020-01-28,2.3
95,Ã¶¿ø,2020-01-29,0.8
95,Ã¶¿ø,2020-01-30,2.3
95,Ã¶¿ø,2020-01-31,1.1
95,Ã¶¿ø,2020-02-01,0.3
95,Ã¶¿ø,2020-02-02,-0.1
95,Ã¶¿ø,2020-02-03,1.0
95,Ã¶¿ø,2020-02-04,-0.5
95,Ã¶¿ø,2020-02-05,-0.3
95,Ã¶¿ø,2020-02-06,-1.4
95,Ã¶¿ø,2020-02-07,-0.4
95,Ã¶¿ø,2020-02-08,0.6
95,Ã¶¿ø,2020-02-09,-0.2
95,Ã¶¿ø,2020-02-10,1.4
95,Ã¶¿ø,2020-02-11,1.8
95,Ã¶¿ø,2020-02-12,2.1
95,Ã¶¿ø,2020-02-13,5.1
95,Ã¶¿ø,2020-02-14,7.4
95,Ã¶¿ø,2020-02-15,4.9
95,Ã¶¿ø,2020-02-16,3.0
95,Ã¶¿ø,2020-02-17,0.3
95,Ã¶¿ø,2020-02-18,1.1
95,Ã¶¿ø,2020-02-19,1.5
95,Ã¶¿ø,2020-02-20,2.8
95,Ã¶¿ø,2020-02-21,2.6
95,Ã¶¿ø,2020-02-22,4.5
95,Ã¶¿ø,2020-02-23,3.3
95,Ã¶¿ø,2020-02-24,5.3
95,Ã¶¿ø,2020-02-25,4.1
95,Ã¶¿ø,2020-02-26,3.4
95,Ã¶¿ø,2020-02-27,5.8
95,Ã¶¿ø,2020-02-28,2.9
95,Ã¶¿ø,2020-02-29,7.7
95,Ã¶¿ø,2020-03-01,4.5
95,Ã¶¿ø,2020-03-02,5.1
95,Ã¶¿ø,2020-03-03,4.7
95,Ã¶¿ø,2020-03-04,3.6
95,Ã¶¿ø,2020-03-05,4.4
95,Ã¶¿ø,2020-03-06,3.6
95,Ã¶¿ø,2020-03-07,5.0
95,Ã¶¿ø,2020-03-08,6.9
95,Ã¶¿ø,2020-03-09,6.9
95,Ã¶¿ø,2020-03-10,6.5
95,Ã¶¿ø,2020-03-11,5.4
95,Ã¶¿ø,2020-03-12,5.0
95,Ã¶¿ø,2020-03-13,7.7
95,Ã¶¿ø,2020-03-14,4.5
95,Ã¶¿ø,2020-03-15,4.6
95,Ã¶¿ø,2020-03-16,5.2
95,Ã¶¿ø,2020-03-17,5.2
95,Ã¶¿ø,2020-03-18,7.6
95,Ã¶¿ø,2020-03-19,7.2
95,Ã¶¿ø,2020-03-20,8.5
95,Ã¶¿ø,2020-03-21,12.4
95,Ã¶¿ø,2020-03-22,11.6
95,Ã¶¿ø,2020-03-23,10.0
95,Ã¶¿ø,2020-03-24,10.8
95,Ã¶¿ø,2020-03-25,11.0
95,Ã¶¿ø,2020-03-26,11.3
95,Ã¶¿ø,2020-03-27,11.9
95,Ã¶¿ø,2020-03-28,9.5
95,Ã¶¿ø,2020-03-29,10.7
95,Ã¶¿ø,2020-03-30,11.4
95,Ã¶¿ø,2020-03-31,12.7
95,Ã¶¿ø,2020-04-01,12.5
95,Ã¶¿ø,2020-04-02,11.8
95,Ã¶¿ø,2020-04-03,12.5
95,Ã¶¿ø,2020-04-04,12.2
95,Ã¶¿ø,2020-04-05,11.5
95,Ã¶¿ø,2020-04-06,12.9
95,Ã¶¿ø,2020-04-07,13.0
95,Ã¶¿ø,2020-04-08,13.2
95,Ã¶¿ø,2020-04-09,13.9
95,Ã¶¿ø,2020-04-10,12.7
95,Ã¶¿ø,2020-04-11,12.9
95,Ã¶¿ø,2020-04-12,10.1
95,Ã¶¿ø,2020-04-13,13.4
95,Ã¶¿ø,2020-04-14,15.0
95,Ã¶¿ø,2020-04-15,15.6
95,Ã¶¿ø,2020-04-16,17.9
95,Ã¶¿ø,2020-04-17,11.1
95,Ã¶¿ø,2020-04-18,18.0
95,Ã¶¿ø,2020-04-19,12.4
95,Ã¶¿ø,2020-04-20,10.8
95,Ã¶¿ø,2020-04-21,11.2
95,Ã¶¿ø,2020-04-22,10.3
95,Ã¶¿ø,2020-04-23,12.1
95,Ã¶¿ø,2020-04-24,13.8
95,Ã¶¿ø,2020-04-25,12.7
95,Ã¶¿ø,2020-04-26,14.1
95,Ã¶¿ø,2020-04-27,15.7
95,Ã¶¿ø,2020-04-28,16.5
95,Ã¶¿ø,2020-04-29,17.2
95,Ã¶¿ø,2020-04-30,17.7
95,Ã¶¿ø,2020-05-01,21.3
95,Ã¶¿ø,2020-05-02,19.5
95,Ã¶¿ø,2020-05-03,22.3
95,Ã¶¿ø,2020-05-04,26.1
95,Ã¶¿ø,2020-05-05,19.7
95,Ã¶¿ø,2020-05-06,23.3
95,Ã¶¿ø,2020-05-07,23.5
95,Ã¶¿ø,2020-05-08,21.9
95,Ã¶¿ø,2020-05-09,15.7
95,Ã¶¿ø,2020-05-10,16.3
95,Ã¶¿ø,2020-05-11,19.4
95,Ã¶¿ø,2020-05-12,15.8
95,Ã¶¿ø,2020-05-13,18.2
95,Ã¶¿ø,2020-05-14,18.0
95,Ã¶¿ø,2020-05-15,16.1
95,Ã¶¿ø,2020-05-16,18.3
95,Ã¶¿ø,2020-05-17,22.2
95,Ã¶¿ø,2020-05-18,20.7
95,Ã¶¿ø,2020-05-19,16.7
95,Ã¶¿ø,2020-05-20,18.2
95,Ã¶¿ø,2020-05-21,19.5
95,Ã¶¿ø,2020-05-22,19.3
95,Ã¶¿ø,2020-05-23,21.9
95,Ã¶¿ø,2020-05-24,20.3
95,Ã¶¿ø,2020-05-25,22.2
95,Ã¶¿ø,2020-05-26,19.8
95,Ã¶¿ø,2020-05-27,22.3
95,Ã¶¿ø,2020-05-28,21.3
95,Ã¶¿ø,2020-05-29,24.7
95,Ã¶¿ø,2020-05-30,26.2
95,Ã¶¿ø,2020-05-31,24.9
95,Ã¶¿ø,2020-06-01,26.0
95,Ã¶¿ø,2020-06-02,18.4
95,Ã¶¿ø,2020-06-03,24.9
95,Ã¶¿ø,2020-06-04,24.9
95,Ã¶¿ø,2020-06-05,26.2
95,Ã¶¿ø,2020-06-06,27.1
95,Ã¶¿ø,2020-06-07,27.0
95,Ã¶¿ø,2020-06-08,27.2
95,Ã¶¿ø,2020-06-09,31.0
95,Ã¶¿ø,2020-06-10,29.4
95,Ã¶¿ø,2020-06-11,31.8
95,Ã¶¿ø,2020-06-12,27.2
95,Ã¶¿ø,2020-06-13,31.7
95,Ã¶¿ø,2020-06-14,28.6
95,Ã¶¿ø,2020-06-15,30.5
95,Ã¶¿ø,2020-06-16,31.3
95,Ã¶¿ø,2020-06-17,31.3
95,Ã¶¿ø,2020-06-18,26.2
95,Ã¶¿ø,2020-06-19,30.5
95,Ã¶¿ø,2020-06-20,29.5
95,Ã¶¿ø,2020-06-21,32.8
95,Ã¶¿ø,2020-06-22,34.2
95,Ã¶¿ø,2020-06-23,31.2
95,Ã¶¿ø,2020-06-24,21.9
95,Ã¶¿ø,2020-06-25,21.9
95,Ã¶¿ø,2020-06-26,23.0
95,Ã¶¿ø,2020-06-27,26.2
95,Ã¶¿ø,2020-06-28,27.0
95,Ã¶¿ø,2020-06-29,24.7
95,Ã¶¿ø,2020-06-30,20.5
95,Ã¶¿ø,2020-07-01,22.9
95,Ã¶¿ø,2020-07-02,27.4
95,Ã¶¿ø,2020-07-03,27.3
95,Ã¶¿ø,2020-07-04,27.5
95,Ã¶¿ø,2020-07-05,27.6
95,Ã¶¿ø,2020-07-06,30.5
95,Ã¶¿ø,2020-07-07,27.6
95,Ã¶¿ø,2020-07-08,29.6
95,Ã¶¿ø,2020-07-09,30.7
95,Ã¶¿ø,2020-07-10,23.2
95,Ã¶¿ø,2020-07-11,23.5
95,Ã¶¿ø,2020-07-12,22.7
95,Ã¶¿ø,2020-07-13,20.1
95,Ã¶¿ø,2020-07-14,20.5
95,Ã¶¿ø,2020-07-15,25.8
95,Ã¶¿ø,2020-07-16,27.4
95,Ã¶¿ø,2020-07-17,31.2
95,Ã¶¿ø,2020-07-18,27.3
95,Ã¶¿ø,2020-07-19,23.1
95,Ã¶¿ø,2020-07-20,23.2
95,Ã¶¿ø,2020-07-21,29.7
95,Ã¶¿ø,2020-07-22,27.3
95,Ã¶¿ø,2020-07-23,21.7
95,Ã¶¿ø,2020-07-24,20.7
95,Ã¶¿ø,2020-07-25,26.8
95,Ã¶¿ø,2020-07-26,24.8
95,Ã¶¿ø,2020-07-27,24.2
95,Ã¶¿ø,2020-07-28,25.9
95,Ã¶¿ø,2020-07-29,25.0
95,Ã¶¿ø,2020-07-30,28.7
95,Ã¶¿ø,2020-07-31,31.4
95,Ã¶¿ø,2020-08-01,24.7
95,Ã¶¿ø,2020-08-02,24.6
95,Ã¶¿ø,2020-08-03,24.7
95,Ã¶¿ø,2020-08-04,25.2
95,Ã¶¿ø,2020-08-05,25.8
95,Ã¶¿ø,2020-08-06,24.1
95,Ã¶¿ø,2020-08-07,25.2
95,Ã¶¿ø,2020-08-08,26.6
95,Ã¶¿ø,2020-08-09,23.4
95,Ã¶¿ø,2020-08-10,25.8
95,Ã¶¿ø,2020-08-11,25.5
95,Ã¶¿ø,2020-08-12,29.3
95,Ã¶¿ø,2020-08-13,27.7
95,Ã¶¿ø,2020-08-14,25.8
95,Ã¶¿ø,2020-08-15,26.8
95,Ã¶¿ø,2020-08-16,26.8
95,Ã¶¿ø,2020-08-17,28.7
95,Ã¶¿ø,2020-08-18,30.8
95,Ã¶¿ø,2020-08-19,29.4
95,Ã¶¿ø,2020-08-20,28.7
95,Ã¶¿ø,2020-08-21,22.7
95,Ã¶¿ø,2020-08-22,26.0
95,Ã¶¿ø,2020-08-23,27.3
95,Ã¶¿ø,2020-08-24,27.4
95,Ã¶¿ø,2020-08-25,29.7
95,Ã¶¿ø,2020-08-26,30.5
95,Ã¶¿ø,2020-08-27,27.0
95,Ã¶¿ø,2020-08-28,28.0
95,Ã¶¿ø,2020-08-29,28.6
95,Ã¶¿ø,2020-08-30,28.7
95,Ã¶¿ø,2020-08-31,26.4
95,Ã¶¿ø,2020-09-01,29.7
95,Ã¶¿ø,2020-09-02,24.5
95,Ã¶¿ø,2020-09-03,22.0
95,Ã¶¿ø,2020-09-04,23.9
95,Ã¶¿ø,2020-09-05,23.7
95,Ã¶¿ø,2020-09-06,21.3
95,Ã¶¿ø,2020-09-07,19.5
95,Ã¶¿ø,2020-09-08,19.8
95,Ã¶¿ø,2020-09-09,21.0
95,Ã¶¿ø,2020-09-10,23.6
95,Ã¶¿ø,2020-09-11,21.8
95,Ã¶¿ø,2020-09-12,20.8
95,Ã¶¿ø,2020-09-13,25.5
95,Ã¶¿ø,2020-09-14,23.8
95,Ã¶¿ø,2020-09-15,27.8
95,Ã¶¿ø,2020-09-16,21.6
95,Ã¶¿ø,2020-09-17,21.9
95,Ã¶¿ø,2020-09-18,20.2
95,Ã¶¿ø,2020-09-19,20.3
95,Ã¶¿ø,2020-09-20,22.2
95,Ã¶¿ø,2020-09-21,21.5
95,Ã¶¿ø,2020-09-22,20.0
95,Ã¶¿ø,2020-09-23,19.2
95,Ã¶¿ø,2020-09-24,19.7
95,Ã¶¿ø,2020-09-25,18.5
95,Ã¶¿ø,2020-09-26,18.8
95,Ã¶¿ø,2020-09-27,21.0
95,Ã¶¿ø,2020-09-28,20.1
95,Ã¶¿ø,2020-09-29,18.6
95,Ã¶¿ø,2020-09-30,18.6
95,Ã¶¿ø,2020-10-01,21.7
95,Ã¶¿ø,2020-10-02,17.9
95,Ã¶¿ø,2020-10-03,20.8
95,Ã¶¿ø,2020-10-04,17.8
95,Ã¶¿ø,2020-10-05,15.1
95,Ã¶¿ø,2020-10-06,15.6
95,Ã¶¿ø,2020-10-07,16.9
95,Ã¶¿ø,2020-10-08,16.3
95,Ã¶¿ø,2020-10-09,17.3
95,Ã¶¿ø,2020-10-10,16.6
95,Ã¶¿ø,2020-10-11,16.7
95,Ã¶¿ø,2020-10-12,16.5
95,Ã¶¿ø,2020-10-13,14.3
95,Ã¶¿ø,2020-10-14,13.5
95,Ã¶¿ø,2020-10-15,11.5
95,Ã¶¿ø,2020-10-16,9.3
95,Ã¶¿ø,2020-10-17,12.5
95,Ã¶¿ø,2020-10-18,13.4
95,Ã¶¿ø,2020-10-19,14.0
95,Ã¶¿ø,2020-10-20,14.1
95,Ã¶¿ø,2020-10-21,10.9
95,Ã¶¿ø,2020-10-22,11.7
95,Ã¶¿ø,2020-10-23,9.8
95,Ã¶¿ø,2020-10-24,8.5
95,Ã¶¿ø,2020-10-25,9.8
95,Ã¶¿ø,2020-10-26,11.1
95,Ã¶¿ø,2020-10-27,11.3
95,Ã¶¿ø,2020-10-28,12.6
95,Ã¶¿ø,2020-10-29,8.9
95,Ã¶¿ø,2020-10-30,9.5
95,Ã¶¿ø,2020-10-31,10.1
95,Ã¶¿ø,2020-11-01,11.3
95,Ã¶¿ø,2020-11-02,9.1
95,Ã¶¿ø,2020-11-03,6.1
95,Ã¶¿ø,2020-11-04,4.1
95,Ã¶¿ø,2020-11-05,8.8
95,Ã¶¿ø,2020-11-06,11.9
95,Ã¶¿ø,2020-11-07,13.4
95,Ã¶¿ø,2020-11-08,7.7
95,Ã¶¿ø,2020-11-09,3.1
95,Ã¶¿ø,2020-11-10,4.0
95,Ã¶¿ø,2020-11-11,5.1
95,Ã¶¿ø,2020-11-12,6.0
95,Ã¶¿ø,2020-11-13,9.3
95,Ã¶¿ø,2020-11-14,7.2
95,Ã¶¿ø,2020-11-15,6.6
95,Ã¶¿ø,2020-11-16,7.4
95,Ã¶¿ø,2020-11-17,9.2
95,Ã¶¿ø,2020-11-18,14.1
95,Ã¶¿ø,2020-11-19,13.8
95,Ã¶¿ø,2020-11-20,5.3
95,Ã¶¿ø,2020-11-21,4.6
95,Ã¶¿ø,2020-11-22,6.7
95,Ã¶¿ø,2020-11-23,1.8
95,Ã¶¿ø,2020-11-24,1.6
95,Ã¶¿ø,2020-11-25,0.8
95,Ã¶¿ø,2020-11-26,1.7
95,Ã¶¿ø,2020-11-27,1.7
95,Ã¶¿ø,2020-11-28,-0.5
95,Ã¶¿ø,2020-11-29,-0.6
95,Ã¶¿ø,2020-11-30,-1.2
95,Ã¶¿ø,2020-12-01,-1.0
95,Ã¶¿ø,2020-12-02,0.2
95,Ã¶¿ø,2020-12-03,-0.7
95,Ã¶¿ø,2020-12-04,-1.6
95,Ã¶¿ø,2020-12-05,-0.9
95,Ã¶¿ø,2020-12-06,0.1
95,Ã¶¿ø,2020-12-07,0.4
95,Ã¶¿ø,2020-12-08,-1.6
95,Ã¶¿ø,2020-12-09,-1.4
95,Ã¶¿ø,2020-12-10,-0.1
95,Ã¶¿ø,2020-12-11,0.1
95,Ã¶¿ø,2020-12-12,-0.4
95,Ã¶¿ø,2020-12-13,-0.6
95,Ã¶¿ø,2020-12-14,-1.2
95,Ã¶¿ø,2020-12-15,-2.6
95,Ã¶¿ø,2020-12-16,-3.7
95,Ã¶¿ø,2020-12-17,-3.5
95,Ã¶¿ø,2020-12-18,-1.9
95,Ã¶¿ø,2020-12-19,-4.3
95,Ã¶¿ø,2020-12-20,-4.4
95,Ã¶¿ø,2020-12-21,-4.2
95,Ã¶¿ø,2020-12-22,-2.0
95,Ã¶¿ø,2020-12-23,-1.6
95,Ã¶¿ø,2020-12-24,-0.5
95,Ã¶¿ø,2020-12-25,-3.2
95,Ã¶¿ø,2020-12-26,-1.9
95,Ã¶¿ø,2020-12-27,-0.4
95,Ã¶¿ø,2020-12-28,0.7
95,Ã¶¿ø,2020-12-29,-0.5
95,Ã¶¿ø,2020-12-30,-5.1
95,Ã¶¿ø,2020-12-31,-6.2
95,Ã¶¿ø,2021-01-01,-5.1
95,Ã¶¿ø,2021-01-02,-5.9
95,Ã¶¿ø,2021-01-03,-6.7
95,Ã¶¿ø,2021-01-04,-5.2
95,Ã¶¿ø,2021-01-05,-3.5
95,Ã¶¿ø,2021-01-06,-6.7
95,Ã¶¿ø,2021-01-07,-6.4
95,Ã¶¿ø,2021-01-08,-9.4
95,Ã¶¿ø,2021-01-09,-9.6
95,Ã¶¿ø,2021-01-10,-8.5
95,Ã¶¿ø,2021-01-11,-7.3
95,Ã¶¿ø,2021-01-12,-5.5
95,Ã¶¿ø,2021-01-13,-2.2
95,Ã¶¿ø,2021-01-14,-3.2
95,Ã¶¿ø,2021-01-15,-1.2
95,Ã¶¿ø,2021-01-16,-2.7
95,Ã¶¿ø,2021-01-17,-6.2
95,Ã¶¿ø,2021-01-18,-3.0
95,Ã¶¿ø,2021-01-19,-4.8
95,Ã¶¿ø,2021-01-20,-4.7
95,Ã¶¿ø,2021-01-21,-0.6
95,Ã¶¿ø,2021-01-22,1.3
95,Ã¶¿ø,2021-01-23,1.5
95,Ã¶¿ø,2021-01-24,1.5
95,Ã¶¿ø,2021-01-25,1.3
95,Ã¶¿ø,2021-01-26,0.9
95,Ã¶¿ø,2021-01-27,0.2
95,Ã¶¿ø,2021-01-28,-0.6
95,Ã¶¿ø,2021-01-29,-1.6
95,Ã¶¿ø,2021-01-30,-2.0
95,Ã¶¿ø,2021-01-31,-2.0
95,Ã¶¿ø,2021-02-01,1.4
95,Ã¶¿ø,2021-02-02,-1.4
95,Ã¶¿ø,2021-02-03,-2.0
95,Ã¶¿ø,2021-02-04,-0.2
95,Ã¶¿ø,2021-02-05,-0.4
95,Ã¶¿ø,2021-02-06,1.3
95,Ã¶¿ø,2021-02-07,1.8
95,Ã¶¿ø,2021-02-08,-0.3
95,Ã¶¿ø,2021-02-09,-0.4
95,Ã¶¿ø,2021-02-10,0.1
95,Ã¶¿ø,2021-02-11,1.6
95,Ã¶¿ø,2021-02-12,1.4
95,Ã¶¿ø,2021-02-13,1.6
95,Ã¶¿ø,2021-02-14,1.5
95,Ã¶¿ø,2021-02-15,1.0
95,Ã¶¿ø,2021-02-16,-0.6
95,Ã¶¿ø,2021-02-17,-2.7
95,Ã¶¿ø,2021-02-18,-1.6
95,Ã¶¿ø,2021-02-19,-1.4
95,Ã¶¿ø,2021-02-20,3.6
95,Ã¶¿ø,2021-02-21,3.5
95,Ã¶¿ø,2021-02-22,3.4
95,Ã¶¿ø,2021-02-23,1.3
95,Ã¶¿ø,2021-02-24,1.7
95,Ã¶¿ø,2021-02-25,0.0
95,Ã¶¿ø,2021-02-26,2.2
95,Ã¶¿ø,2021-02-27,4.6
95,Ã¶¿ø,2021-02-28,2.7
95,Ã¶¿ø,2021-03-01,1.5
95,Ã¶¿ø,2021-03-02,0.3
95,Ã¶¿ø,2021-03-03,0.1
95,Ã¶¿ø,2021-03-04,1.9
95,Ã¶¿ø,2021-03-05,6.0
95,Ã¶¿ø,2021-03-06,2.7
95,Ã¶¿ø,2021-03-07,5.3
95,Ã¶¿ø,2021-03-08,5.5
95,Ã¶¿ø,2021-03-09,4.5
95,Ã¶¿ø,2021-03-10,5.6
95,Ã¶¿ø,2021-03-11,6.5
95,Ã¶¿ø,2021-03-12,7.3
95,Ã¶¿ø,2021-03-13,7.1
95,Ã¶¿ø,2021-03-14,8.3
95,Ã¶¿ø,2021-03-15,7.6
95,Ã¶¿ø,2021-03-16,10.3
95,Ã¶¿ø,2021-03-17,8.6
95,Ã¶¿ø,2021-03-18,9.0
95,Ã¶¿ø,2021-03-19,13.6
95,Ã¶¿ø,2021-03-20,9.9
95,Ã¶¿ø,2021-03-21,6.9
95,Ã¶¿ø,2021-03-22,7.4
95,Ã¶¿ø,2021-03-23,8.7
95,Ã¶¿ø,2021-03-24,9.7
95,Ã¶¿ø,2021-03-25,13.2
95,Ã¶¿ø,2021-03-26,11.8
95,Ã¶¿ø,2021-03-27,9.6
95,Ã¶¿ø,2021-03-28,9.3
95,Ã¶¿ø,2021-03-29,11.0
95,Ã¶¿ø,2021-03-30,11.2
95,Ã¶¿ø,2021-03-31,12.2
95,Ã¶¿ø,2021-04-01,13.7
95,Ã¶¿ø,2021-04-02,15.3
95,Ã¶¿ø,2021-04-03,11.3
95,Ã¶¿ø,2021-04-04,12.6
95,Ã¶¿ø,2021-04-05,13.4
95,Ã¶¿ø,2021-04-06,13.7
95,Ã¶¿ø,2021-04-07,12.8
95,Ã¶¿ø,2021-04-08,13.4
95,Ã¶¿ø,2021-04-09,13.6
95,Ã¶¿ø,2021-04-10,14.0
95,Ã¶¿ø,2021-04-11,13.8
95,Ã¶¿ø,2021-04-12,13.0
95,Ã¶¿ø,2021-04-13,14.4
95,Ã¶¿ø,2021-04-14,12.4
95,Ã¶¿ø,2021-04-15,13.7
95,Ã¶¿ø,2021-04-16,10.9
95,Ã¶¿ø,2021-04-17,9.4
95,Ã¶¿ø,2021-04-18,13.2
95,Ã¶¿ø,2021-04-19,14.6
95,Ã¶¿ø,2021-04-20,16.3
95,Ã¶¿ø,2021-04-21,18.1
95,Ã¶¿ø,2021-04-22,18.0
95,Ã¶¿ø,2021-04-23,14.5
95,Ã¶¿ø,2021-04-24,15.3
95,Ã¶¿ø,2021-04-25,19.1
95,Ã¶¿ø,2021-04-26,18.8
95,Ã¶¿ø,2021-04-27,15.3
95,Ã¶¿ø,2021-04-28,15.6
95,Ã¶¿ø,2021-04-29,15.5
95,Ã¶¿ø,2021-04-30,14.0
95,Ã¶¿ø,2021-05-01,13.0
95,Ã¶¿ø,2021-05-02,17.4
95,Ã¶¿ø,2021-05-03,17.5
95,Ã¶¿ø,2021-05-04,12.7
95,Ã¶¿ø,2021-05-05,16.8
95,Ã¶¿ø,2021-05-06,17.1
95,Ã¶¿ø,2021-05-07,14.9
95,Ã¶¿ø,2021-05-08,17.4
95,Ã¶¿ø,2021-05-09,18.4
95,Ã¶¿ø,2021-05-10,14.8
95,Ã¶¿ø,2021-05-11,20.5
95,Ã¶¿ø,2021-05-12,21.5
95,Ã¶¿ø,2021-05-13,22.3
95,Ã¶¿ø,2021-05-14,26.0
95,Ã¶¿ø,2021-05-15,22.7
95,Ã¶¿ø,2021-05-16,16.6
95,Ã¶¿ø,2021-05-17,15.0
95,Ã¶¿ø,2021-05-18,21.3
95,Ã¶¿ø,2021-05-19,23.5
95,Ã¶¿ø,2021-05-20,16.8
95,Ã¶¿ø,2021-05-21,16.4
95,Ã¶¿ø,2021-05-22,23.3
95,Ã¶¿ø,2021-05-23,21.9
95,Ã¶¿ø,2021-05-24,23.2
95,Ã¶¿ø,2021-05-25,16.7
95,Ã¶¿ø,2021-05-26,21.0
95,Ã¶¿ø,2021-05-27,17.3
95,Ã¶¿ø,2021-05-28,16.0
95,Ã¶¿ø,2021-05-29,17.9
95,Ã¶¿ø,2021-05-30,22.7
95,Ã¶¿ø,2021-05-31,19.9
95,Ã¶¿ø,2021-06-01,18.7
95,Ã¶¿ø,2021-06-02,24.5
95,Ã¶¿ø,2021-06-03,19.3
95,Ã¶¿ø,2021-06-04,22.3
95,Ã¶¿ø,2021-06-05,23.5
95,Ã¶¿ø,2021-06-06,25.0
95,Ã¶¿ø,2021-06-07,22.7
95,Ã¶¿ø,2021-06-08,21.9
95,Ã¶¿ø,2021-06-09,25.7
95,Ã¶¿ø,2021-06-10,24.8
95,Ã¶¿ø,2021-06-11,23.3
95,Ã¶¿ø,2021-06-12,25.6
95,Ã¶¿ø,2021-06-13,28.0
95,Ã¶¿ø,2021-06-14,26.8
95,Ã¶¿ø,2021-06-15,22.2
95,Ã¶¿ø,2021-06-16,24.9
95,Ã¶¿ø,2021-06-17,21.9
95,Ã¶¿ø,2021-06-18,23.5
95,Ã¶¿ø,2021-06-19,25.7
95,Ã¶¿ø,2021-06-20,25.4
95,Ã¶¿ø,2021-06-21,25.8
95,Ã¶¿ø,2021-06-22,25.4
95,Ã¶¿ø,2021-06-23,26.9
95,Ã¶¿ø,2021-06-24,26.9
95,Ã¶¿ø,2021-06-25,28.0
95,Ã¶¿ø,2021-06-26,22.9
95,Ã¶¿ø,2021-06-27,26.8
95,Ã¶¿ø,2021-06-28,25.7
95,Ã¶¿ø,2021-06-29,26.0
95,Ã¶¿ø,2021-06-30,23.6
95,Ã¶¿ø,2021-07-01,26.3
95,Ã¶¿ø,2021-07-02,26.1
95,Ã¶¿ø,2021-07-03,22.4
95,Ã¶¿ø,2021-07-04,22.3
95,Ã¶¿ø,2021-07-05,24.0
95,Ã¶¿ø,2021-07-06,27.0
95,Ã¶¿ø,2021-07-07,28.8
95,Ã¶¿ø,2021-07-08,28.7
95,Ã¶¿ø,2021-07-09,27.3
95,Ã¶¿ø,2021-07-10,27.9
95,Ã¶¿ø,2021-07-11,25.1
95,Ã¶¿ø,2021-07-12,29.8
95,Ã¶¿ø,2021-07-13,31.2
95,Ã¶¿ø,2021-07-14,32.2
95,Ã¶¿ø,2021-07-15,33.7
95,Ã¶¿ø,2021-07-16,31.0
95,Ã¶¿ø,2021-07-17,31.3
95,Ã¶¿ø,2021-07-18,33.8
95,Ã¶¿ø,2021-07-19,31.3
95,Ã¶¿ø,2021-07-20,31.1
95,Ã¶¿ø,2021-07-21,33.8
95,Ã¶¿ø,2021-07-22,34.8
95,Ã¶¿ø,2021-07-23,35.5
95,Ã¶¿ø,2021-07-24,36.3
95,Ã¶¿ø,2021-07-25,37.5
95,Ã¶¿ø,2021-07-26,38.5
95,Ã¶¿ø,2021-07-27,38.4
95,Ã¶¿ø,2021-07-28,37.7
95,Ã¶¿ø,2021-07-29,33.2
95,Ã¶¿ø,2021-07-30,37.3
95,Ã¶¿ø,2021-07-31,33.2
95,Ã¶¿ø,2021-08-01,27.9
95,Ã¶¿ø,2021-08-02,26.5
95,Ã¶¿ø,2021-08-03,29.4
95,Ã¶¿ø,2021-08-04,28.9
95,Ã¶¿ø,2021-08-05,29.9
95,Ã¶¿ø,2021-08-06,29.3
95,Ã¶¿ø,2021-08-07,30.3
95,Ã¶¿ø,2021-08-08,27.6
95,Ã¶¿ø,2021-08-09,30.0
95,Ã¶¿ø,2021-08-10,28.7
95,Ã¶¿ø,2021-08-11,28.5
95,Ã¶¿ø,2021-08-12,29.7
95,Ã¶¿ø,2021-08-13,28.0
95,Ã¶¿ø,2021-08-14,27.3
95,Ã¶¿ø,2021-08-15,30.0
95,Ã¶¿ø,2021-08-16,30.3
95,Ã¶¿ø,2021-08-17,29.6
95,Ã¶¿ø,2021-08-18,25.9
95,Ã¶¿ø,2021-08-19,27.2
95,Ã¶¿ø,2021-08-20,27.8
95,Ã¶¿ø,2021-08-21,24.4
95,Ã¶¿ø,2021-08-22,27.7
95,Ã¶¿ø,2021-08-23,21.0
95,Ã¶¿ø,2021-08-24,21.9
95,Ã¶¿ø,2021-08-25,24.3
95,Ã¶¿ø,2021-08-26,26.5
95,Ã¶¿ø,2021-08-27,22.0
95,Ã¶¿ø,2021-08-28,24.8
95,Ã¶¿ø,2021-08-29,24.6
95,Ã¶¿ø,2021-08-30,24.1
95,Ã¶¿ø,2021-08-31,21.0
95,Ã¶¿ø,2021-09-01,21.3
95,Ã¶¿ø,2021-09-02,24.6
95,Ã¶¿ø,2021-09-03,24.1
95,Ã¶¿ø,2021-09-04,22.1
95,Ã¶¿ø,2021-09-05,21.2
95,Ã¶¿ø,2021-09-06,21.5
95,Ã¶¿ø,2021-09-07,18.9
95,Ã¶¿ø,2021-09-08,24.0
95,Ã¶¿ø,2021-09-09,23.1
95,Ã¶¿ø,2021-09-10,22.9
95,Ã¶¿ø,2021-09-11,23.3
95,Ã¶¿ø,2021-09-12,22.6
95,Ã¶¿ø,2021-09-13,23.7
95,Ã¶¿ø,2021-09-14,23.5
95,Ã¶¿ø,2021-09-15,21.9
95,Ã¶¿ø,2021-09-16,24.5
95,Ã¶¿ø,2021-09-17,24.9
95,Ã¶¿ø,2021-09-18,26.8
95,Ã¶¿ø,2021-09-19,23.5
95,Ã¶¿ø,2021-09-20,27.0
95,Ã¶¿ø,2021-09-21,22.9
95,Ã¶¿ø,2021-09-22,20.8
95,Ã¶¿ø,2021-09-23,20.4
95,Ã¶¿ø,2021-09-24,21.6
95,Ã¶¿ø,2021-09-25,18.9
95,Ã¶¿ø,2021-09-26,22.0
95,Ã¶¿ø,2021-09-27,19.0
95,Ã¶¿ø,2021-09-28,21.0
95,Ã¶¿ø,2021-09-29,19.0
95,Ã¶¿ø,2021-09-30,21.6
95,Ã¶¿ø,2021-10-01,22.5
95,Ã¶¿ø,2021-10-02,22.0
95,Ã¶¿ø,2021-10-03,22.6
95,Ã¶¿ø,2021-10-04,19.4
95,Ã¶¿ø,2021-10-05,19.6
95,Ã¶¿ø,2021-10-06,16.8
95,Ã¶¿ø,2021-10-07,18.6
95,Ã¶¿ø,2021-10-08,18.6
95,Ã¶¿ø,2021-10-09,20.0
95,Ã¶¿ø,2021-10-10,19.0
95,Ã¶¿ø,2021-10-11,17.0
95,Ã¶¿ø,2021-10-12,16.8
95,Ã¶¿ø,2021-10-13,18.6
95,Ã¶¿ø,2021-10-14,20.0
95,Ã¶¿ø,2021-10-15,19.5
95,Ã¶¿ø,2021-10-16,12.3
95,Ã¶¿ø,2021-10-17,6.6
95,Ã¶¿ø,2021-10-18,7.2
95,Ã¶¿ø,2021-10-19,11.3
95,Ã¶¿ø,2021-10-20,8.7
95,Ã¶¿ø,2021-10-21,8.5
95,Ã¶¿ø,2021-10-22,8.8
95,Ã¶¿ø,2021-10-23,8.4
95,Ã¶¿ø,2021-10-24,8.2
95,Ã¶¿ø,2021-10-25,8.6
95,Ã¶¿ø,2021-10-26,9.8
95,Ã¶¿ø,2021-10-27,10.2
95,Ã¶¿ø,2021-10-28,8.0
95,Ã¶¿ø,2021-10-29,9.1
95,Ã¶¿ø,2021-10-30,10.2
95,Ã¶¿ø,2021-10-31,10.7
95,Ã¶¿ø,2021-11-01,9.9
95,Ã¶¿ø,2021-11-02,9.6
95,Ã¶¿ø,2021-11-03,9.8
95,Ã¶¿ø,2021-11-04,9.4
95,Ã¶¿ø,2021-11-05,9.5
95,Ã¶¿ø,2021-11-06,8.4
95,Ã¶¿ø,2021-11-07,9.9
95,Ã¶¿ø,2021-11-08,8.6
95,Ã¶¿ø,2021-11-09,4.8
95,Ã¶¿ø,2021-11-10,3.9
95,Ã¶¿ø,2021-11-11,2.8
95,Ã¶¿ø,2021-11-12,1.7
95,Ã¶¿ø,2021-11-13,3.1
95,Ã¶¿ø,2021-11-14,6.1
95,Ã¶¿ø,2021-11-15,4.8
95,Ã¶¿ø,2021-11-16,2.9
95,Ã¶¿ø,2021-11-17,2.3
95,Ã¶¿ø,2021-11-18,8.8
95,Ã¶¿ø,2021-11-19,10.5
95,Ã¶¿ø,2021-11-20,4.9
95,Ã¶¿ø,2021-11-21,8.0
95,Ã¶¿ø,2021-11-22,2.6
95,Ã¶¿ø,2021-11-23,-0.4
95,Ã¶¿ø,2021-11-24,1.3
95,Ã¶¿ø,2021-11-25,1.9
95,Ã¶¿ø,2021-11-26,-0.7
95,Ã¶¿ø,2021-11-27,-1.5
95,Ã¶¿ø,2021-11-28,-0.7
95,Ã¶¿ø,2021-11-29,2.8
95,Ã¶¿ø,2021-11-30,3.9
95,Ã¶¿ø,2021-12-01,-1.3
95,Ã¶¿ø,2021-12-02,-1.8
95,Ã¶¿ø,2021-12-03,-0.7
95,Ã¶¿ø,2021-12-04,-2.1
95,Ã¶¿ø,2021-12-05,-1.8
95,Ã¶¿ø,2021-12-06,-0.4
95,Ã¶¿ø,2021-12-07,0.7
95,Ã¶¿ø,2021-12-08,0.1
95,Ã¶¿ø,2021-12-09,0.1
95,Ã¶¿ø,2021-12-10,3.2
95,Ã¶¿ø,2021-12-11,3.6
95,Ã¶¿ø,2021-12-12,-0.5
95,Ã¶¿ø,2021-12-13,-3.1
95,Ã¶¿ø,2021-12-14,0.2
95,Ã¶¿ø,2021-12-15,3.8
95,Ã¶¿ø,2021-12-16,2.6
95,Ã¶¿ø,2021-12-17,-2.6
95,Ã¶¿ø,2021-12-18,-4.8
95,Ã¶¿ø,2021-12-19,-1.8
95,Ã¶¿ø,2021-12-20,-0.3
95,Ã¶¿ø,2021-12-21,0.4
95,Ã¶¿ø,2021-12-22,-1.7
95,Ã¶¿ø,2021-12-23,-1.4
95,Ã¶¿ø,2021-12-24,-0.4
95,Ã¶¿ø,2021-12-25,-6.1
95,Ã¶¿ø,2021-12-26,-8.8
95,Ã¶¿ø,2021-12-27,-8.1
95,Ã¶¿ø,2021-12-28,-5.4
95,Ã¶¿ø,2021-12-29,-2.4
95,Ã¶¿ø,2021-12-30,-5.5
95,Ã¶¿ø,2021-12-31,-7.8
95,Ã¶¿ø,2022-01-01,-7.5
95,Ã¶¿ø,2022-01-02,-3.1
95,Ã¶¿ø,2022-01-03,-5.2
95,Ã¶¿ø,2022-01-04,-6.0
95,Ã¶¿ø,2022-01-05,-6.1
95,Ã¶¿ø,2022-01-06,-6.5
95,Ã¶¿ø,2022-01-07,-6.7
95,Ã¶¿ø,2022-01-08,-4.1
95,Ã¶¿ø,2022-01-09,-1.7
95,Ã¶¿ø,2022-01-10,-3.0
95,Ã¶¿ø,2022-01-11,-3.3
95,Ã¶¿ø,2022-01-12,-7.2
95,Ã¶¿ø,2022-01-13,-7.5
95,Ã¶¿ø,2022-01-14,-8.3
95,Ã¶¿ø,2022-01-15,-4.6
95,Ã¶¿ø,2022-01-16,-3.2
95,Ã¶¿ø,2022-01-17,-8.2
95,Ã¶¿ø,2022-01-18,-8.0
95,Ã¶¿ø,2022-01-19,-4.4
95,Ã¶¿ø,2022-01-20,-2.9
95,Ã¶¿ø,2022-01-21,-4.0
95,Ã¶¿ø,2022-01-22,-3.7
95,Ã¶¿ø,2022-01-23,-1.7
95,Ã¶¿ø,2022-01-24,0.1
95,Ã¶¿ø,2022-01-25,0.1
95,Ã¶¿ø,2022-01-26,-0.9
95,Ã¶¿ø,2022-01-27,-2.9
95,Ã¶¿ø,2022-01-28,-5.3
95,Ã¶¿ø,2022-01-29,-6.4
95,Ã¶¿ø,2022-01-30,-6.7
95,Ã¶¿ø,2022-01-31,-5.6
95,Ã¶¿ø,2022-02-01,-1.2
95,Ã¶¿ø,2022-02-02,-3.6
95,Ã¶¿ø,2022-02-03,-5.2
95,Ã¶¿ø,2022-02-04,-7.0
95,Ã¶¿ø,2022-02-05,-7.8
95,Ã¶¿ø,2022-02-06,-6.5
95,Ã¶¿ø,2022-02-07,-5.1
95,Ã¶¿ø,2022-02-08,-2.9
95,Ã¶¿ø,2022-02-09,-2.9
95,Ã¶¿ø,2022-02-10,-2.4
95,Ã¶¿ø,2022-02-11,-1.9
95,Ã¶¿ø,2022-02-12,0.5
95,Ã¶¿ø,2022-02-13,0.2
95,Ã¶¿ø,2022-02-14,0.0
95,Ã¶¿ø,2022-02-15,-2.1
95,Ã¶¿ø,2022-02-16,-6.5
95,Ã¶¿ø,2022-02-17,-6.5
95,Ã¶¿ø,2022-02-18,-3.6
95,Ã¶¿ø,2022-02-19,-1.4
95,Ã¶¿ø,2022-02-20,-4.3
95,Ã¶¿ø,2022-02-21,-4.3
95,Ã¶¿ø,2022-02-22,-5.1
95,Ã¶¿ø,2022-02-23,-5.7
95,Ã¶¿ø,2022-02-24,-3.0
95,Ã¶¿ø,2022-02-25,0.4
95,Ã¶¿ø,2022-02-26,1.9
95,Ã¶¿ø,2022-02-27,2.2
95,Ã¶¿ø,2022-02-28,2.4
95,Ã¶¿ø,2022-03-01,2.7
95,Ã¶¿ø,2022-03-02,1.7
95,Ã¶¿ø,2022-03-03,3.5
95,Ã¶¿ø,2022-03-04,2.1
95,Ã¶¿ø,2022-03-05,2.3
95,Ã¶¿ø,2022-03-06,1.6
95,Ã¶¿ø,2022-03-07,1.2
95,Ã¶¿ø,2022-03-08,3.8
95,Ã¶¿ø,2022-03-09,4.4
95,Ã¶¿ø,2022-03-10,4.8
95,Ã¶¿ø,2022-03-11,5.6
95,Ã¶¿ø,2022-03-12,7.2
95,Ã¶¿ø,2022-03-13,9.2
95,Ã¶¿ø,2022-03-14,5.7
95,Ã¶¿ø,2022-03-15,8.1
95,Ã¶¿ø,2022-03-16,7.7
95,Ã¶¿ø,2022-03-17,9.2
95,Ã¶¿ø,2022-03-18,5.5
95,Ã¶¿ø,2022-03-19,4.8
95,Ã¶¿ø,2022-03-20,4.7
95,Ã¶¿ø,2022-03-21,4.3
95,Ã¶¿ø,2022-03-22,6.2
95,Ã¶¿ø,2022-03-23,5.2
95,Ã¶¿ø,2022-03-24,6.6
95,Ã¶¿ø,2022-03-25,8.1
95,Ã¶¿ø,2022-03-26,10.5
95,Ã¶¿ø,2022-03-27,7.5
95,Ã¶¿ø,2022-03-28,6.2
95,Ã¶¿ø,2022-03-29,7.4
95,Ã¶¿ø,2022-03-30,7.0
95,Ã¶¿ø,2022-03-31,10.5
95,Ã¶¿ø,2022-04-01,9.9
95,Ã¶¿ø,2022-04-02,8.8
95,Ã¶¿ø,2022-04-03,9.6
95,Ã¶¿ø,2022-04-04,10.4
95,Ã¶¿ø,2022-04-05,10.9
95,Ã¶¿ø,2022-04-06,14.6
95,Ã¶¿ø,2022-04-07,14.4
95,Ã¶¿ø,2022-04-08,13.8
95,Ã¶¿ø,2022-04-09,16.4
95,Ã¶¿ø,2022-04-10,18.0
95,Ã¶¿ø,2022-04-11,20.0
95,Ã¶¿ø,2022-04-12,20.6
95,Ã¶¿ø,2022-04-13,14.0
95,Ã¶¿ø,2022-04-14,15.7
95,Ã¶¿ø,2022-04-15,14.6
95,Ã¶¿ø,2022-04-16,16.0
95,Ã¶¿ø,2022-04-17,16.6
95,Ã¶¿ø,2022-04-18,17.9
95,Ã¶¿ø,2022-04-19,17.8
95,Ã¶¿ø,2022-04-20,18.6
95,Ã¶¿ø,2022-04-21,19.7
95,Ã¶¿ø,2022-04-22,13.9
95,Ã¶¿ø,2022-04-23,19.5
95,Ã¶¿ø,2022-04-24,20.9
95,Ã¶¿ø,2022-04-25,20.4
95,Ã¶¿ø,2022-04-26,26.3
95,Ã¶¿ø,2022-04-27,22.1
95,Ã¶¿ø,2022-04-28,19.4
95,Ã¶¿ø,2022-04-29,14.7
95,Ã¶¿ø,2022-04-30,11.8
95,Ã¶¿ø,2022-05-01,17.0
95,Ã¶¿ø,2022-05-02,18.2
95,Ã¶¿ø,2022-05-03,18.7
95,Ã¶¿ø,2022-05-04,20.8
95,Ã¶¿ø,2022-05-05,23.3
95,Ã¶¿ø,2022-05-06,22.0
95,Ã¶¿ø,2022-05-07,21.7
95,Ã¶¿ø,2022-05-08,16.5
95,Ã¶¿ø,2022-05-09,21.7
95,Ã¶¿ø,2022-05-10,23.5
95,Ã¶¿ø,2022-05-11,27.0
95,Ã¶¿ø,2022-05-12,25.8
95,Ã¶¿ø,2022-05-13,20.5
95,Ã¶¿ø,2022-05-14,21.8
95,Ã¶¿ø,2022-05-15,23.6
95,Ã¶¿ø,2022-05-16,25.3
95,Ã¶¿ø,2022-05-17,27.5
95,Ã¶¿ø,2022-05-18,20.7
95,Ã¶¿ø,2022-05-19,25.5
95,Ã¶¿ø,2022-05-20,25.3
95,Ã¶¿ø,2022-05-21,28.7
95,Ã¶¿ø,2022-05-22,25.1
95,Ã¶¿ø,2022-05-23,28.8
95,Ã¶¿ø,2022-05-24,29.2
95,Ã¶¿ø,2022-05-25,27.0
95,Ã¶¿ø,2022-05-26,21.6
95,Ã¶¿ø,2022-05-27,22.3
95,Ã¶¿ø,2022-05-28,25.2
95,Ã¶¿ø,2022-05-29,25.9
95,Ã¶¿ø,2022-05-30,20.8
95,Ã¶¿ø,2022-05-31,24.1
95,Ã¶¿ø,2022-06-01,27.2
95,Ã¶¿ø,2022-06-02,27.0
95,Ã¶¿ø,2022-06-03,30.6
95,Ã¶¿ø,2022-06-04,26.9
95,Ã¶¿ø,2022-06-05,23.3
95,Ã¶¿ø,2022-06-06,18.7
95,Ã¶¿ø,2022-06-07,21.8
95,Ã¶¿ø,2022-06-08,24.9
95,Ã¶¿ø,2022-06-09,19.3
95,Ã¶¿ø,2022-06-10,21.4
95,Ã¶¿ø,2022-06-11,26.5
95,Ã¶¿ø,2022-06-12,28.3
95,Ã¶¿ø,2022-06-13,21.0
95,Ã¶¿ø,2022-06-14,23.6
95,Ã¶¿ø,2022-06-15,18.0
95,Ã¶¿ø,2022-06-16,21.5
95,Ã¶¿ø,2022-06-17,25.0
95,Ã¶¿ø,2022-06-18,26.6
95,Ã¶¿ø,2022-06-19,23.9
95,Ã¶¿ø,2022-06-20,33.0
95,Ã¶¿ø,2022-06-21,33.1
95,Ã¶¿ø,2022-06-22,32.6
95,Ã¶¿ø,2022-06-23,23.1
95,Ã¶¿ø,2022-06-24,26.7
95,Ã¶¿ø,2022-06-25,28.7
95,Ã¶¿ø,2022-06-26,23.3
95,Ã¶¿ø,2022-06-27,26.2
95,Ã¶¿ø,2022-06-28,24.1
95,Ã¶¿ø,2022-06-29,24.3
95,Ã¶¿ø,2022-06-30,22.4
95,Ã¶¿ø,2022-07-01,28.0
95,Ã¶¿ø,2022-07-02,29.2
95,Ã¶¿ø,2022-07-03,30.2
95,Ã¶¿ø,2022-07-04,29.8
95,Ã¶¿ø,2022-07-05,28.0
95,Ã¶¿ø,2022-07-06,28.7
95,Ã¶¿ø,2022-07-07,27.8
95,Ã¶¿ø,2022-07-08,25.5
95,Ã¶¿ø,2022-07-09,28.9
95,Ã¶¿ø,2022-07-10,29.7
95,Ã¶¿ø,2022-07-11,27.4
95,Ã¶¿ø,2022-07-12,26.1
95,Ã¶¿ø,2022-07-13,23.9
95,Ã¶¿ø,2022-07-14,27.2
95,Ã¶¿ø,2022-07-15,27.8
95,Ã¶¿ø,2022-07-16,25.5
95,Ã¶¿ø,2022-07-17,27.0
95,Ã¶¿ø,2022-07-18,29.1
95,Ã¶¿ø,2022-07-19,30.7
95,Ã¶¿ø,2022-07-20,28.2
95,Ã¶¿ø,2022-07-21,23.1
95,Ã¶¿ø,2022-07-22,26.6
95,Ã¶¿ø,2022-07-23,25.6
95,Ã¶¿ø,2022-07-24,25.7
95,Ã¶¿ø,2022-07-25,30.1
95,Ã¶¿ø,2022-07-26,30.3
95,Ã¶¿ø,2022-07-27,29.1
95,Ã¶¿ø,2022-07-28,31.4
95,Ã¶¿ø,2022-07-29,34.1
95,Ã¶¿ø,2022-07-30,33.5
95,Ã¶¿ø,2022-07-31,26.1
95,Ã¶¿ø,2022-08-01,27.1
95,Ã¶¿ø,2022-08-02,26.8
95,Ã¶¿ø,2022-08-03,27.5
95,Ã¶¿ø,2022-08-04,29.4
95,Ã¶¿ø,2022-08-05,30.3
95,Ã¶¿ø,2022-08-06,27.5
95,Ã¶¿ø,2022-08-07,28.3
95,Ã¶¿ø,2022-08-08,25.9
95,Ã¶¿ø,2022-08-09,24.9
95,Ã¶¿ø,2022-08-10,27.6
95,Ã¶¿ø,2022-08-11,28.8
95,Ã¶¿ø,2022-08-12,29.2
95,Ã¶¿ø,2022-08-13,25.6
95,Ã¶¿ø,2022-08-14,28.0
95,Ã¶¿ø,2022-08-15,26.1
95,Ã¶¿ø,2022-08-16,29.1
95,Ã¶¿ø,2022-08-17,27.8
95,Ã¶¿ø,2022-08-18,27.1
95,Ã¶¿ø,2022-08-19,25.8
95,Ã¶¿ø,2022-08-20,28.9
95,Ã¶¿ø,2022-08-21,28.2
95,Ã¶¿ø,2022-08-22,26.5
95,Ã¶¿ø,2022-08-23,27.5
95,Ã¶¿ø,2022-08-24,25.8
95,Ã¶¿ø,2022-08-25,23.5
95,Ã¶¿ø,2022-08-26,25.8
95,Ã¶¿ø,2022-08-27,23.5
95,Ã¶¿ø,2022-08-28,22.7
95,Ã¶¿ø,2022-08-29,22.3
95,Ã¶¿ø,2022-08-30,20.5
95,Ã¶¿ø,2022-08-31,22.2
95,Ã¶¿ø,2022-09-01,22.9
95,Ã¶¿ø,2022-09-02,22.7
95,Ã¶¿ø,2022-09-03,23.2
95,Ã¶¿ø,2022-09-04,21.3
95,Ã¶¿ø,2022-09-05,19.5
95,Ã¶¿ø,2022-09-06,20.0
95,Ã¶¿ø,2022-09-07,21.2
95,Ã¶¿ø,2022-09-08,21.3
95,Ã¶¿ø,2022-09-09,21.1
95,Ã¶¿ø,2022-09-10,21.2
95,Ã¶¿ø,2022-09-11,22.0
95,Ã¶¿ø,2022-09-12,22.7
95,Ã¶¿ø,2022-09-13,22.9
95,Ã¶¿ø,2022-09-14,21.5
95,Ã¶¿ø,2022-09-15,22.6
95,Ã¶¿ø,2022-09-16,24.7
95,Ã¶¿ø,2022-09-17,25.3
95,Ã¶¿ø,2022-09-18,25.5
95,Ã¶¿ø,2022-09-19,22.2
95,Ã¶¿ø,2022-09-20,19.9
95,Ã¶¿ø,2022-09-21,19.3
95,Ã¶¿ø,2022-09-22,19.7
95,Ã¶¿ø,2022-09-23,17.4
95,Ã¶¿ø,2022-09-24,17.4
95,Ã¶¿ø,2022-09-25,18.2
95,Ã¶¿ø,2022-09-26,18.7
95,Ã¶¿ø,2022-09-27,19.4
95,Ã¶¿ø,2022-09-28,19.1
95,Ã¶¿ø,2022-09-29,19.3
95,Ã¶¿ø,2022-09-30,19.3
95,Ã¶¿ø,2022-10-01,19.2
95,Ã¶¿ø,2022-10-02,17.9
95,Ã¶¿ø,2022-10-03,18.9
95,Ã¶¿ø,2022-10-04,18.7
95,Ã¶¿ø,2022-10-05,16.3
95,Ã¶¿ø,2022-10-06,14.6
95,Ã¶¿ø,2022-10-07,14.2
95,Ã¶¿ø,2022-10-08,14.1
95,Ã¶¿ø,2022-10-09,13.0
95,Ã¶¿ø,2022-10-10,10.5
95,Ã¶¿ø,2022-10-11,12.2
95,Ã¶¿ø,2022-10-12,14.6
95,Ã¶¿ø,2022-10-13,16.0
95,Ã¶¿ø,2022-10-14,16.2
95,Ã¶¿ø,2022-10-15,17.9
95,Ã¶¿ø,2022-10-16,13.8
95,Ã¶¿ø,2022-10-17,14.2
95,Ã¶¿ø,2022-10-18,11.3
95,Ã¶¿ø,2022-10-19,11.2
95,Ã¶¿ø,2022-10-20,12.3
95,Ã¶¿ø,2022-10-21,12.2
95,Ã¶¿ø,2022-10-22,13.9
95,Ã¶¿ø,2022-10-23,14.3
95,Ã¶¿ø,2022-10-24,11.7
95,Ã¶¿ø,2022-10-25,11.3
95,Ã¶¿ø,2022-10-26,10.6
95,Ã¶¿ø,2022-10-27,11.6
95,Ã¶¿ø,2022-10-28,13.8
95,Ã¶¿ø,2022-10-29,13.2
95,Ã¶¿ø,2022-10-30,13.4
95,Ã¶¿ø,2022-10-31,12.8
95,Ã¶¿ø,2022-11-01,12.0
95,Ã¶¿ø,2022-11-02,10.0
95,Ã¶¿ø,2022-11-03,6.6
95,Ã¶¿ø,2022-11-04,5.1
95,Ã¶¿ø,2022-11-05,5.3
95,Ã¶¿ø,2022-11-06,7.9
95,Ã¶¿ø,2022-11-07,8.0
95,Ã¶¿ø,2022-11-08,10.8
95,Ã¶¿ø,2022-11-09,8.8
95,Ã¶¿ø,2022-11-10,12.3
95,Ã¶¿ø,2022-11-11,11.9
95,Ã¶¿ø,2022-11-12,12.4
95,Ã¶¿ø,2022-11-13,12.1
95,Ã¶¿ø,2022-11-14,10.9
95,Ã¶¿ø,2022-11-15,6.6
95,Ã¶¿ø,2022-11-16,8.8
95,Ã¶¿ø,2022-11-17,7.9
95,Ã¶¿ø,2022-11-18,7.7
95,Ã¶¿ø,2022-11-19,8.1
95,Ã¶¿ø,2022-11-20,8.6
95,Ã¶¿ø,2022-11-21,6.6
95,Ã¶¿ø,2022-11-22,8.2
95,Ã¶¿ø,2022-11-23,9.9
95,Ã¶¿ø,2022-11-24,6.2
95,Ã¶¿ø,2022-11-25,9.9
95,Ã¶¿ø,2022-11-26,6.5
95,Ã¶¿ø,2022-11-27,2.7
95,Ã¶¿ø,2022-11-28,7.2
95,Ã¶¿ø,2022-11-29,8.7
95,Ã¶¿ø,2022-11-30,1.1
95,Ã¶¿ø,2022-12-01,-1.1
95,Ã¶¿ø,2022-12-02,-1.0
95,Ã¶¿ø,2022-12-03,-0.1
95,Ã¶¿ø,2022-12-04,-0.6
95,Ã¶¿ø,2022-12-05,-0.7
95,Ã¶¿ø,2022-12-06,-0.7
95,Ã¶¿ø,2022-12-07,0.0
95,Ã¶¿ø,2022-12-08,0.6
95,Ã¶¿ø,2022-12-09,1.1
95,Ã¶¿ø,2022-12-10,-0.1
95,Ã¶¿ø,2022-12-11,0.1
95,Ã¶¿ø,2022-12-12,-0.6
95,Ã¶¿ø,2022-12-13,0.3
95,Ã¶¿ø,2022-12-14,0.0
95,Ã¶¿ø,2022-12-15,-0.2
95,Ã¶¿ø,2022-12-16,-0.2
95,Ã¶¿ø,2022-12-17,-0.3
95,Ã¶¿ø,2022-12-18,-0.7
95,Ã¶¿ø,2022-12-19,-1.0
95,Ã¶¿ø,2022-12-20,-0.9
95,Ã¶¿ø,2022-12-21,-0.2
95,Ã¶¿ø,2022-12-22,-0.2
95,Ã¶¿ø,2022-12-23,-0.4
95,Ã¶¿ø,2022-12-24,-0.5
95,Ã¶¿ø,2022-12-25,-0.5
95,Ã¶¿ø,2022-12-26,-0.5
95,Ã¶¿ø,2022-12-27,-0.5
95,Ã¶¿ø,2022-12-28,-0.4
95,Ã¶¿ø,2022-12-29,-0.5
95,Ã¶¿ø,2022-12-30,-0.2
95,Ã¶¿ø,2022-12-31,-0.4
95,Ã¶¿ø,2023-01-01,-0.2
95,Ã¶¿ø,2023-01-02,-0.7
95,Ã¶¿ø,2023-01-03,-0.8
95,Ã¶¿ø,2023-01-04,-0.9
95,Ã¶¿ø,2023-01-05,-0.8
95,Ã¶¿ø,2023-01-06,-0.6
95,Ã¶¿ø,2023-01-07,-0.1
95,Ã¶¿ø,2023-01-08,-0.2
95,Ã¶¿ø,2023-01-09,-0.1
95,Ã¶¿ø,2023-01-10,-0.4
95,Ã¶¿ø,2023-01-11,-0.4
95,Ã¶¿ø,2023-01-12,-0.3
95,Ã¶¿ø,2023-01-13,0.0
95,Ã¶¿ø,2023-01-14,0.1
95,Ã¶¿ø,2023-01-15,0.0
95,Ã¶¿ø,2023-01-16,-0.3
95,Ã¶¿ø,2023-01-17,-1.2
95,Ã¶¿ø,2023-01-18,-1.1
95,Ã¶¿ø,2023-01-19,-1.6
95,Ã¶¿ø,2023-01-20,-0.1
95,Ã¶¿ø,2023-01-21,-1.0
95,Ã¶¿ø,2023-01-22,-0.4
95,Ã¶¿ø,2023-01-23,-0.1
95,Ã¶¿ø,2023-01-24,-4.3
95,Ã¶¿ø,2023-01-25,-5.6
95,Ã¶¿ø,2023-01-26,-2.6
95,Ã¶¿ø,2023-01-27,-3.2
95,Ã¶¿ø,2023-01-28,-4.2
95,Ã¶¿ø,2023-01-29,-3.3
95,Ã¶¿ø,2023-01-30,-2.2
95,Ã¶¿ø,2023-01-31,-1.7
95,Ã¶¿ø,2023-02-01,-0.3
95,Ã¶¿ø,2023-02-02,-2.2
95,Ã¶¿ø,2023-02-03,-1.3
95,Ã¶¿ø,2023-02-04,-1.8
95,Ã¶¿ø,2023-02-05,-1.5
95,Ã¶¿ø,2023-02-06,0.0
95,Ã¶¿ø,2023-02-07,0.7
95,Ã¶¿ø,2023-02-08,0.9
95,Ã¶¿ø,2023-02-09,0.3
95,Ã¶¿ø,2023-02-10,1.2
95,Ã¶¿ø,2023-02-11,0.2
95,Ã¶¿ø,2023-02-12,0.0
95,Ã¶¿ø,2023-02-13,1.0
95,Ã¶¿ø,2023-02-14,1.7
95,Ã¶¿ø,2023-02-15,1.7
95,Ã¶¿ø,2023-02-16,0.4
95,Ã¶¿ø,2023-02-17,1.0
95,Ã¶¿ø,2023-02-18,0.0
95,Ã¶¿ø,2023-02-19,2.4
95,Ã¶¿ø,2023-02-20,1.1
95,Ã¶¿ø,2023-02-21,0.9
95,Ã¶¿ø,2023-02-22,0.7
95,Ã¶¿ø,2023-02-23,2.4
95,Ã¶¿ø,2023-02-24,3.0
95,Ã¶¿ø,2023-02-25,1.8
95,Ã¶¿ø,2023-02-26,1.9
95,Ã¶¿ø,2023-02-27,2.6
95,Ã¶¿ø,2023-02-28,1.4
95,Ã¶¿ø,2023-03-01,3.0
95,Ã¶¿ø,2023-03-02,3.0
95,Ã¶¿ø,2023-03-03,2.8
95,Ã¶¿ø,2023-03-04,4.9
95,Ã¶¿ø,2023-03-05,5.0
95,Ã¶¿ø,2023-03-06,4.8
95,Ã¶¿ø,2023-03-07,6.9
95,Ã¶¿ø,2023-03-08,6.1
95,Ã¶¿ø,2023-03-09,8.1
95,Ã¶¿ø,2023-03-10,9.2
95,Ã¶¿ø,2023-03-11,10.0
95,Ã¶¿ø,2023-03-12,4.2
95,Ã¶¿ø,2023-03-13,4.2
95,Ã¶¿ø,2023-03-14,6.9
95,Ã¶¿ø,2023-03-15,4.5
95,Ã¶¿ø,2023-03-16,4.6
95,Ã¶¿ø,2023-03-17,5.5
95,Ã¶¿ø,2023-03-18,5.4
95,Ã¶¿ø,2023-03-19,6.2
95,Ã¶¿ø,2023-03-20,7.0
95,Ã¶¿ø,2023-03-21,8.8
95,Ã¶¿ø,2023-03-22,10.9
95,Ã¶¿ø,2023-03-23,13.5
95,Ã¶¿ø,2023-03-24,11.0
95,Ã¶¿ø,2023-03-25,11.5
95,Ã¶¿ø,2023-03-26,11.0
95,Ã¶¿ø,2023-03-27,8.5
95,Ã¶¿ø,2023-03-28,8.4
95,Ã¶¿ø,2023-03-29,9.7
95,Ã¶¿ø,2023-03-30,11.4
95,Ã¶¿ø,2023-03-31,12.4
95,Ã¶¿ø,2023-04-01,13.5
95,Ã¶¿ø,2023-04-02,14.2
95,Ã¶¿ø,2023-04-03,14.1
95,Ã¶¿ø,2023-04-04,13.9
95,Ã¶¿ø,2023-04-05,12.6
95,Ã¶¿ø,2023-04-06,10.6
95,Ã¶¿ø,2023-04-07,10.1
95,Ã¶¿ø,2023-04-08,10.0
95,Ã¶¿ø,2023-04-09,11.1
95,Ã¶¿ø,2023-04-10,12.2
95,Ã¶¿ø,2023-04-11,10.6
95,Ã¶¿ø,2023-04-12,10.7
95,Ã¶¿ø,2023-04-13,11.4
95,Ã¶¿ø,2023-04-14,12.7
95,Ã¶¿ø,2023-04-15,12.3
95,Ã¶¿ø,2023-04-16,12.0
95,Ã¶¿ø,2023-04-17,11.2
95,Ã¶¿ø,2023-04-18,14.4
95,Ã¶¿ø,2023-04-19,17.5
95,Ã¶¿ø,2023-04-20,15.1
95,Ã¶¿ø,2023-04-21,17.1
95,Ã¶¿ø,2023-04-22,14.6
95,Ã¶¿ø,2023-04-23,15.0
95,Ã¶¿ø,2023-04-24,16.6
95,Ã¶¿ø,2023-04-25,11.3
95,Ã¶¿ø,2023-04-26,14.3
95,Ã¶¿ø,2023-04-27,16.3
95,Ã¶¿ø,2023-04-28,17.0
95,Ã¶¿ø,2023-04-29,13.6
95,Ã¶¿ø,2023-04-30,14.0
95,Ã¶¿ø,2023-05-01,15.7
95,Ã¶¿ø,2023-05-02,15.5
95,Ã¶¿ø,2023-05-03,18.2
95,Ã¶¿ø,2023-05-04,20.7
95,Ã¶¿ø,2023-05-05,16.3
95,Ã¶¿ø,2023-05-06,11.0
95,Ã¶¿ø,2023-05-07,12.5
95,Ã¶¿ø,2023-05-08,16.2
95,Ã¶¿ø,2023-05-09,18.1
95,Ã¶¿ø,2023-05-10,18.4
95,Ã¶¿ø,2023-05-11,20.1
95,Ã¶¿ø,2023-05-12,17.8
95,Ã¶¿ø,2023-05-13,17.8
95,Ã¶¿ø,2023-05-14,20.2
95,Ã¶¿ø,2023-05-15,20.8
95,Ã¶¿ø,2023-05-16,23.2
95,Ã¶¿ø,2023-05-17,22.5
95,Ã¶¿ø,2023-05-18,23.2
95,Ã¶¿ø,2023-05-19,20.8
95,Ã¶¿ø,2023-05-20,24.0
95,Ã¶¿ø,2023-05-21,23.1
95,Ã¶¿ø,2023-05-22,23.9
95,Ã¶¿ø,2023-05-23,20.8
95,Ã¶¿ø,2023-05-24,23.3
95,Ã¶¿ø,2023-05-25,23.6
95,Ã¶¿ø,2023-05-26,25.6
95,Ã¶¿ø,2023-05-27,19.0
95,Ã¶¿ø,2023-05-28,19.4
95,Ã¶¿ø,2023-05-29,27.1
95,Ã¶¿ø,2023-05-30,24.2
95,Ã¶¿ø,2023-05-31,25.4
95,Ã¶¿ø,2023-06-01,25.2
95,Ã¶¿ø,2023-06-02,25.2
95,Ã¶¿ø,2023-06-03,24.8
95,Ã¶¿ø,2023-06-04,23.5
95,Ã¶¿ø,2023-06-05,25.6
95,Ã¶¿ø,2023-06-06,24.3
95,Ã¶¿ø,2023-06-07,27.7
95,Ã¶¿ø,2023-06-08,22.0
95,Ã¶¿ø,2023-06-09,23.6
95,Ã¶¿ø,2023-06-10,21.7
95,Ã¶¿ø,2023-06-11,24.5
95,Ã¶¿ø,2023-06-12,24.2
95,Ã¶¿ø,2023-06-13,24.0
95,Ã¶¿ø,2023-06-14,25.2
95,Ã¶¿ø,2023-06-15,25.8
95,Ã¶¿ø,2023-06-16,26.9
95,Ã¶¿ø,2023-06-17,27.9
95,Ã¶¿ø,2023-06-18,28.7
95,Ã¶¿ø,2023-06-19,30.4
95,Ã¶¿ø,2023-06-20,23.4
95,Ã¶¿ø,2023-06-21,21.5
95,Ã¶¿ø,2023-06-22,26.3
95,Ã¶¿ø,2023-06-23,27.3
95,Ã¶¿ø,2023-06-24,30.2
95,Ã¶¿ø,2023-06-25,32.1
95,Ã¶¿ø,2023-06-26,23.1
95,Ã¶¿ø,2023-06-27,27.8
95,Ã¶¿ø,2023-06-28,30.6
95,Ã¶¿ø,2023-06-29,23.5
95,Ã¶¿ø,2023-06-30,29.5
95,Ã¶¿ø,2023-07-01,32.0
95,Ã¶¿ø,2023-07-02,31.8
95,Ã¶¿ø,2023-07-03,33.6
95,Ã¶¿ø,2023-07-04,29.6
95,Ã¶¿ø,2023-07-05,27.5
95,Ã¶¿ø,2023-07-06,29.0
95,Ã¶¿ø,2023-07-07,31.1
95,Ã¶¿ø,2023-07-08,32.2
95,Ã¶¿ø,2023-07-09,25.5
95,Ã¶¿ø,2023-07-10,28.6
95,Ã¶¿ø,2023-07-11,24.8
95,Ã¶¿ø,2023-07-12,27.5
95,Ã¶¿ø,2023-07-13,25.9
95,Ã¶¿ø,2023-07-14,24.4
95,Ã¶¿ø,2023-07-15,24.5
95,Ã¶¿ø,2023-07-16,25.6
95,Ã¶¿ø,2023-07-17,25.3
95,Ã¶¿ø,2023-07-18,27.2
95,Ã¶¿ø,2023-07-19,30.8
95,Ã¶¿ø,2023-07-20,30.6
95,Ã¶¿ø,2023-07-21,30.6
95,Ã¶¿ø,2023-07-22,30.6
95,Ã¶¿ø,2023-07-23,25.2
95,Ã¶¿ø,2023-07-24,29.4
95,Ã¶¿ø,2023-07-25,29.9
95,Ã¶¿ø,2023-07-26,27.4
95,Ã¶¿ø,2023-07-27,31.1
95,Ã¶¿ø,2023-07-28,29.7
95,Ã¶¿ø,2023-07-29,30.1
95,Ã¶¿ø,2023-07-30,32.2
95,Ã¶¿ø,2023-07-31,31.1
95,Ã¶¿ø,2023-08-01,31.9
95,Ã¶¿ø,2023-08-02,32.3
95,Ã¶¿ø,2023-08-03,32.5
95,Ã¶¿ø,2023-08-04,32.9
95,Ã¶¿ø,2023-08-05,33.8
95,Ã¶¿ø,2023-08-06,32.9
95,Ã¶¿ø,2023-08-07,30.5
95,Ã¶¿ø,2023-08-08,32.1
95,Ã¶¿ø,2023-08-09,25.8
95,Ã¶¿ø,2023-08-10,21.8
95,Ã¶¿ø,2023-08-11,23.7
95,Ã¶¿ø,2023-08-12,25.5
95,Ã¶¿ø,2023-08-13,27.3
95,Ã¶¿ø,2023-08-14,29.5
95,Ã¶¿ø,2023-08-15,28.8
95,Ã¶¿ø,2023-08-16,29.3
95,Ã¶¿ø,2023-08-17,29.6
95,Ã¶¿ø,2023-08-18,31.1
95,Ã¶¿ø,2023-08-19,31.6
95,Ã¶¿ø,2023-08-20,30.1
95,Ã¶¿ø,2023-08-21,30.6
95,Ã¶¿ø,2023-08-22,28.3
95,Ã¶¿ø,2023-08-23,24.8
95,Ã¶¿ø,2023-08-24,24.7
95,Ã¶¿ø,2023-08-25,27.1
95,Ã¶¿ø,2023-08-26,26.4
95,Ã¶¿ø,2023-08-27,25.8
95,Ã¶¿ø,2023-08-28,22.1
95,Ã¶¿ø,2023-08-29,23.6
95,Ã¶¿ø,2023-08-30,24.2
95,Ã¶¿ø,2023-08-31,25.4
95,Ã¶¿ø,2023-09-01,23.7
95,Ã¶¿ø,2023-09-02,24.3
95,Ã¶¿ø,2023-09-03,25.1
95,Ã¶¿ø,2023-09-04,26.6
95,Ã¶¿ø,2023-09-05,27.0
95,Ã¶¿ø,2023-09-06,26.7
95,Ã¶¿ø,2023-09-07,25.4
95,Ã¶¿ø,2023-09-08,24.5
95,Ã¶¿ø,2023-09-09,25.8
95,Ã¶¿ø,2023-09-10,26.4
95,Ã¶¿ø,2023-09-11,25.5
95,Ã¶¿ø,2023-09-12,27.8
95,Ã¶¿ø,2023-09-13,21.7
95,Ã¶¿ø,2023-09-14,23.9
95,Ã¶¿ø,2023-09-15,22.6
95,Ã¶¿ø,2023-09-16,24.8
95,Ã¶¿ø,2023-09-17,25.2
95,Ã¶¿ø,2023-09-18,26.6
95,Ã¶¿ø,2023-09-19,24.3
95,Ã¶¿ø,2023-09-20,21.4
95,Ã¶¿ø,2023-09-21,20.2
95,Ã¶¿ø,2023-09-22,20.7
95,Ã¶¿ø,2023-09-23,21.0
95,Ã¶¿ø,2023-09-24,21.1
95,Ã¶¿ø,2023-09-25,22.0
95,Ã¶¿ø,2023-09-26,20.7
95,Ã¶¿ø,2023-09-27,22.2
95,Ã¶¿ø,2023-09-28,22.8
95,Ã¶¿ø,2023-09-29,20.8
95,Ã¶¿ø,2023-09-30,18.6
95,Ã¶¿ø,2023-10-01,18.0
95,Ã¶¿ø,2023-10-02,16.8
95,Ã¶¿ø,2023-10-03,16.8
95,Ã¶¿ø,2023-10-04,16.1
95,Ã¶¿ø,2023-10-05,15.1
95,Ã¶¿ø,2023-10-06,14.6
95,Ã¶¿ø,2023-10-07,15.6
95,Ã¶¿ø,2023-10-08,15.6
95,Ã¶¿ø,2023-10-09,16.2
95,Ã¶¿ø,2023-10-10,16.5
95,Ã¶¿ø,2023-10-11,15.9
95,Ã¶¿ø,2023-10-12,16.0
95,Ã¶¿ø,2023-10-13,17.0
95,Ã¶¿ø,2023-10-14,14.6
95,Ã¶¿ø,2023-10-15,15.1
95,Ã¶¿ø,2023-10-16,14.1
95,Ã¶¿ø,2023-10-17,12.2
95,Ã¶¿ø,2023-10-18,14.3
95,Ã¶¿ø,2023-10-19,16.3
95,Ã¶¿ø,2023-10-20,12.3
95,Ã¶¿ø,2023-10-21,9.5
95,Ã¶¿ø,2023-10-22,10.3
95,Ã¶¿ø,2023-10-23,12.2
95,Ã¶¿ø,2023-10-24,12.6
95,Ã¶¿ø,2023-10-25,14.3
95,Ã¶¿ø,2023-10-26,13.8
95,Ã¶¿ø,2023-10-27,13.8
95,Ã¶¿ø,2023-10-28,11.1
95,Ã¶¿ø,2023-10-29,10.8
95,Ã¶¿ø,2023-10-30,10.9
95,Ã¶¿ø,2023-10-31,13.1
95,Ã¶¿ø,2023-11-01,16.1
95,Ã¶¿ø,2023-11-02,17.1
95,Ã¶¿ø,2023-11-03,16.7
95,Ã¶¿ø,2023-11-04,14.4
95,Ã¶¿ø,2023-11-05,15.6
95,Ã¶¿ø,2023-11-06,14.0
95,Ã¶¿ø,2023-11-07,7.4
95,Ã¶¿ø,2023-11-08,6.8
95,Ã¶¿ø,2023-11-09,8.4
95,Ã¶¿ø,2023-11-10,5.6
95,Ã¶¿ø,2023-11-11,2.0
95,Ã¶¿ø,2023-11-12,1.1
95,Ã¶¿ø,2023-11-13,1.0
95,Ã¶¿ø,2023-11-14,1.9
95,Ã¶¿ø,2023-11-15,2.9
95,Ã¶¿ø,2023-11-16,4.7
95,Ã¶¿ø,2023-11-17,2.8
95,Ã¶¿ø,2023-11-18,0.6
95,Ã¶¿ø,2023-11-19,3.6
95,Ã¶¿ø,2023-11-20,2.1
95,Ã¶¿ø,2023-11-21,2.1
95,Ã¶¿ø,2023-11-22,4.2
95,Ã¶¿ø,2023-11-23,9.4
95,Ã¶¿ø,2023-11-24,0.1
95,Ã¶¿ø,2023-11-25,-1.7
95,Ã¶¿ø,2023-11-26,2.2
95,Ã¶¿ø,2023-11-27,4.5
95,Ã¶¿ø,2023-11-28,1.3
95,Ã¶¿ø,2023-11-29,0.0
95,Ã¶¿ø,2023-11-30,-2.1
95,Ã¶¿ø,2023-12-01,-2.3
95,Ã¶¿ø,2023-12-02,-0.7
95,Ã¶¿ø,2023-12-03,-0.9
95,Ã¶¿ø,2023-12-04,-0.7
95,Ã¶¿ø,2023-12-05,2.2
95,Ã¶¿ø,2023-12-06,3.3
95,Ã¶¿ø,2023-12-07,2.8
95,Ã¶¿ø,2023-12-08,5.6
95,Ã¶¿ø,2023-12-09,9.7
95,Ã¶¿ø,2023-12-10,5.8
95,Ã¶¿ø,2023-12-11,4.6
95,Ã¶¿ø,2023-12-12,3.0
95,Ã¶¿ø,2023-12-13,2.5
95,Ã¶¿ø,2023-12-14,4.6
95,Ã¶¿ø,2023-12-15,3.6
95,Ã¶¿ø,2023-12-16,0.3
95,Ã¶¿ø,2023-12-17,-6.1
95,Ã¶¿ø,2023-12-18,-5.7
95,Ã¶¿ø,2023-12-19,-2.4
95,Ã¶¿ø,2023-12-20,-2.6
95,Ã¶¿ø,2023-12-21,-4.8
95,Ã¶¿ø,2023-12-22,-5.7
95,Ã¶¿ø,2023-12-23,-5.2
95,Ã¶¿ø,2023-12-24,-3.6
95,Ã¶¿ø,2023-12-25,-0.9
95,Ã¶¿ø,2023-12-26,-0.5
95,Ã¶¿ø,2023-12-27,-2.1
95,Ã¶¿ø,2023-12-28,-1.5
95,Ã¶¿ø,2023-12-29,-0.9
95,Ã¶¿ø,2023-12-30,-0.5
95,Ã¶¿ø,2023-12-31,0.1
95,Ã¶¿ø,2024-01-01,0.0
