¡ˆ¡°,¡ˆ¡°∏Ì,¿œΩ√,∆Ú±’ ¡ˆ∏Èø¬µµ(°∆C)
101,√·√µ,2017-01-01,-0.5
101,√·√µ,2017-01-02,0.6
101,√·√µ,2017-01-03,0.0
101,√·√µ,2017-01-04,0.3
101,√·√µ,2017-01-05,-0.2
101,√·√µ,2017-01-06,1.2
101,√·√µ,2017-01-07,0.6
101,√·√µ,2017-01-08,2.3
101,√·√µ,2017-01-09,3.0
101,√·√µ,2017-01-10,-0.3
101,√·√µ,2017-01-11,-1.7
101,√·√µ,2017-01-12,-1.3
101,√·√µ,2017-01-13,-2.1
101,√·√µ,2017-01-14,-3.6
101,√·√µ,2017-01-15,-4.3
101,√·√µ,2017-01-16,-3.9
101,√·√µ,2017-01-17,-3.4
101,√·√µ,2017-01-18,-2.0
101,√·√µ,2017-01-19,-1.5
101,√·√µ,2017-01-20,-1.2
101,√·√µ,2017-01-21,-2.7
101,√·√µ,2017-01-22,-1.9
101,√·√µ,2017-01-23,-4.4
101,√·√µ,2017-01-24,-4.6
101,√·√µ,2017-01-25,-4.3
101,√·√µ,2017-01-26,-3.0
101,√·√µ,2017-01-27,-0.2
101,√·√µ,2017-01-28,-1.8
101,√·√µ,2017-01-29,-0.3
101,√·√µ,2017-01-30,-0.2
101,√·√µ,2017-01-31,-0.8
101,√·√µ,2017-02-01,-1.5
101,√·√µ,2017-02-02,-2.1
101,√·√µ,2017-02-03,-1.4
101,√·√µ,2017-02-04,-1.1
101,√·√µ,2017-02-05,-0.3
101,√·√µ,2017-02-06,-0.8
101,√·√µ,2017-02-07,-1.4
101,√·√µ,2017-02-08,-1.3
101,√·√µ,2017-02-09,-2.0
101,√·√µ,2017-02-10,-2.9
101,√·√µ,2017-02-11,-3.0
101,√·√µ,2017-02-12,-2.3
101,√·√µ,2017-02-13,-1.6
101,√·√µ,2017-02-14,-0.8
101,√·√µ,2017-02-15,-0.5
101,√·√µ,2017-02-16,0.7
101,√·√µ,2017-02-17,1.9
101,√·√µ,2017-02-18,0.3
101,√·√µ,2017-02-19,-0.2
101,√·√µ,2017-02-20,1.0
101,√·√µ,2017-02-21,0.3
101,√·√µ,2017-02-22,-0.1
101,√·√µ,2017-02-23,1.0
101,√·√µ,2017-02-24,0.7
101,√·√µ,2017-02-25,1.1
101,√·√µ,2017-02-26,1.7
101,√·√µ,2017-02-27,1.6
101,√·√µ,2017-02-28,1.7
101,√·√µ,2017-03-01,1.7
101,√·√µ,2017-03-02,1.9
101,√·√µ,2017-03-03,1.8
101,√·√µ,2017-03-04,2.6
101,√·√µ,2017-03-05,3.2
101,√·√µ,2017-03-06,2.5
101,√·√µ,2017-03-07,1.8
101,√·√µ,2017-03-08,1.4
101,√·√µ,2017-03-09,2.5
101,√·√µ,2017-03-10,3.6
101,√·√µ,2017-03-11,4.4
101,√·√µ,2017-03-12,5.7
101,√·√µ,2017-03-13,6.6
101,√·√µ,2017-03-14,4.9
101,√·√µ,2017-03-15,4.5
101,√·√µ,2017-03-16,4.7
101,√·√µ,2017-03-17,6.0
101,√·√µ,2017-03-18,8.4
101,√·√µ,2017-03-19,8.3
101,√·√µ,2017-03-20,7.1
101,√·√µ,2017-03-21,6.4
101,√·√µ,2017-03-22,7.1
101,√·√µ,2017-03-23,8.3
101,√·√µ,2017-03-24,8.3
101,√·√µ,2017-03-25,6.7
101,√·√µ,2017-03-26,8.9
101,√·√µ,2017-03-27,7.1
101,√·√µ,2017-03-28,7.8
101,√·√µ,2017-03-29,8.2
101,√·√µ,2017-03-30,9.6
101,√·√µ,2017-03-31,7.9
101,√·√µ,2017-04-01,9.9
101,√·√µ,2017-04-02,10.1
101,√·√µ,2017-04-03,11.1
101,√·√µ,2017-04-04,11.8
101,√·√µ,2017-04-05,10.2
101,√·√µ,2017-04-06,13.7
101,√·√µ,2017-04-07,16.7
101,√·√µ,2017-04-08,16.9
101,√·√µ,2017-04-09,15.8
101,√·√µ,2017-04-10,15.8
101,√·√µ,2017-04-11,15.8
101,√·√µ,2017-04-12,14.5
101,√·√µ,2017-04-13,14.5
101,√·√µ,2017-04-14,13.8
101,√·√µ,2017-04-15,16.5
101,√·√µ,2017-04-16,17.5
101,√·√µ,2017-04-17,14.2
101,√·√µ,2017-04-18,12.0
101,√·√µ,2017-04-19,14.9
101,√·√µ,2017-04-20,14.3
101,√·√µ,2017-04-21,14.8
101,√·√µ,2017-04-22,16.9
101,√·√µ,2017-04-23,16.8
101,√·√µ,2017-04-24,16.8
101,√·√µ,2017-04-25,17.4
101,√·√µ,2017-04-26,19.3
101,√·√µ,2017-04-27,16.9
101,√·√µ,2017-04-28,17.7
101,√·√µ,2017-04-29,18.7
101,√·√µ,2017-04-30,20.0
101,√·√µ,2017-05-01,22.3
101,√·√µ,2017-05-02,21.8
101,√·√µ,2017-05-03,23.3
101,√·√µ,2017-05-04,22.9
101,√·√µ,2017-05-05,25.3
101,√·√µ,2017-05-06,21.6
101,√·√µ,2017-05-07,21.9
101,√·√µ,2017-05-08,21.3
101,√·√µ,2017-05-09,19.5
101,√·√µ,2017-05-10,18.7
101,√·√µ,2017-05-11,21.8
101,√·√µ,2017-05-12,18.8
101,√·√µ,2017-05-13,17.5
101,√·√µ,2017-05-14,18.6
101,√·√µ,2017-05-15,18.2
101,√·√µ,2017-05-16,19.4
101,√·√µ,2017-05-17,22.1
101,√·√µ,2017-05-18,23.2
101,√·√µ,2017-05-19,24.3
101,√·√µ,2017-05-20,25.2
101,√·√µ,2017-05-21,26.3
101,√·√µ,2017-05-22,26.4
101,√·√µ,2017-05-23,22.9
101,√·√µ,2017-05-24,26.6
101,√·√µ,2017-05-25,25.0
101,√·√µ,2017-05-26,22.7
101,√·√µ,2017-05-27,25.8
101,√·√µ,2017-05-28,24.2
101,√·√µ,2017-05-29,26.4
101,√·√µ,2017-05-30,26.5
101,√·√µ,2017-05-31,24.8
101,√·√µ,2017-06-01,26.3
101,√·√µ,2017-06-02,27.6
101,√·√µ,2017-06-03,28.2
101,√·√µ,2017-06-04,28.3
101,√·√µ,2017-06-05,30.1
101,√·√µ,2017-06-06,23.0
101,√·√µ,2017-06-07,19.9
101,√·√µ,2017-06-08,22.8
101,√·√µ,2017-06-09,22.6
101,√·√µ,2017-06-10,24.6
101,√·√µ,2017-06-11,25.1
101,√·√µ,2017-06-12,25.8
101,√·√µ,2017-06-13,23.6
101,√·√µ,2017-06-14,23.6
101,√·√µ,2017-06-15,25.9
101,√·√µ,2017-06-16,27.7
101,√·√µ,2017-06-17,29.0
101,√·√µ,2017-06-18,29.9
101,√·√µ,2017-06-19,29.5
101,√·√µ,2017-06-20,30.7
101,√·√µ,2017-06-21,27.5
101,√·√µ,2017-06-22,26.4
101,√·√µ,2017-06-23,34.0
101,√·√µ,2017-06-24,27.1
101,√·√µ,2017-06-25,24.5
101,√·√µ,2017-06-26,25.9
101,√·√µ,2017-06-27,30.7
101,√·√µ,2017-06-28,29.2
101,√·√µ,2017-06-29,30.7
101,√·√µ,2017-06-30,29.7
101,√·√µ,2017-07-01,29.2
101,√·√µ,2017-07-02,25.4
101,√·√µ,2017-07-03,25.2
101,√·√µ,2017-07-04,29.7
101,√·√µ,2017-07-05,30.1
101,√·√µ,2017-07-06,31.7
101,√·√µ,2017-07-07,27.7
101,√·√µ,2017-07-08,27.8
101,√·√µ,2017-07-09,30.0
101,√·√µ,2017-07-10,25.2
101,√·√µ,2017-07-11,29.4
101,√·√µ,2017-07-12,30.3
101,√·√µ,2017-07-13,31.6
101,√·√µ,2017-07-14,32.8
101,√·√µ,2017-07-15,27.6
101,√·√µ,2017-07-16,27.0
101,√·√µ,2017-07-17,28.6
101,√·√µ,2017-07-18,28.3
101,√·√µ,2017-07-19,32.4
101,√·√µ,2017-07-20,34.2
101,√·√µ,2017-07-21,31.3
101,√·√µ,2017-07-22,28.4
101,√·√µ,2017-07-23,26.7
101,√·√µ,2017-07-24,28.8
101,√·√µ,2017-07-25,30.9
101,√·√µ,2017-07-26,32.4
101,√·√µ,2017-07-27,28.6
101,√·√µ,2017-07-28,25.7
101,√·√µ,2017-07-29,27.0
101,√·√µ,2017-07-30,28.6
101,√·√µ,2017-07-31,26.0
101,√·√µ,2017-08-01,31.8
101,√·√µ,2017-08-02,32.7
101,√·√µ,2017-08-03,35.0
101,√·√µ,2017-08-04,35.5
101,√·√µ,2017-08-05,36.9
101,√·√µ,2017-08-06,31.9
101,√·√µ,2017-08-07,34.3
101,√·√µ,2017-08-08,32.9
101,√·√µ,2017-08-09,30.9
101,√·√µ,2017-08-10,25.8
101,√·√µ,2017-08-11,28.6
101,√·√µ,2017-08-12,28.3
101,√·√µ,2017-08-13,27.7
101,√·√µ,2017-08-14,25.3
101,√·√µ,2017-08-15,22.8
101,√·√µ,2017-08-16,24.4
101,√·√µ,2017-08-17,24.6
101,√·√µ,2017-08-18,27.6
101,√·√µ,2017-08-19,27.1
101,√·√µ,2017-08-20,23.8
101,√·√µ,2017-08-21,25.8
101,√·√µ,2017-08-22,27.1
101,√·√µ,2017-08-23,27.3
101,√·√µ,2017-08-24,25.5
101,√·√µ,2017-08-25,26.6
101,√·√µ,2017-08-26,25.0
101,√·√µ,2017-08-27,22.3
101,√·√µ,2017-08-28,21.7
101,√·√µ,2017-08-29,23.3
101,√·√µ,2017-08-30,19.3
101,√·√µ,2017-08-31,23.0
101,√·√µ,2017-09-01,25.4
101,√·√µ,2017-09-02,26.1
101,√·√µ,2017-09-03,26.1
101,√·√µ,2017-09-04,26.7
101,√·√µ,2017-09-05,22.1
101,√·√µ,2017-09-06,22.0
101,√·√µ,2017-09-07,24.7
101,√·√µ,2017-09-08,27.1
101,√·√µ,2017-09-09,25.9
101,√·√µ,2017-09-10,24.0
101,√·√µ,2017-09-11,22.0
101,√·√µ,2017-09-12,22.1
101,√·√µ,2017-09-13,20.8
101,√·√µ,2017-09-14,22.6
101,√·√µ,2017-09-15,22.0
101,√·√µ,2017-09-16,21.8
101,√·√µ,2017-09-17,21.1
101,√·√µ,2017-09-18,22.7
101,√·√µ,2017-09-19,19.7
101,√·√µ,2017-09-20,19.3
101,√·√µ,2017-09-21,19.5
101,√·√µ,2017-09-22,20.2
101,√·√µ,2017-09-23,22.2
101,√·√µ,2017-09-24,23.4
101,√·√µ,2017-09-25,23.3
101,√·√µ,2017-09-26,24.4
101,√·√µ,2017-09-27,22.3
101,√·√µ,2017-09-28,21.9
101,√·√µ,2017-09-29,17.1
101,√·√µ,2017-09-30,19.7
101,√·√µ,2017-10-01,18.1
101,√·√µ,2017-10-02,20.5
101,√·√µ,2017-10-03,18.0
101,√·√µ,2017-10-04,17.8
101,√·√µ,2017-10-05,16.8
101,√·√µ,2017-10-06,17.4
101,√·√µ,2017-10-07,20.3
101,√·√µ,2017-10-08,22.7
101,√·√µ,2017-10-09,21.5
101,√·√µ,2017-10-10,21.3
101,√·√µ,2017-10-11,17.8
101,√·√µ,2017-10-12,14.2
101,√·√µ,2017-10-13,13.5
101,√·√µ,2017-10-14,13.2
101,√·√µ,2017-10-15,14.6
101,√·√µ,2017-10-16,16.9
101,√·√µ,2017-10-17,15.7
101,√·√µ,2017-10-18,14.5
101,√·√µ,2017-10-19,16.2
101,√·√µ,2017-10-20,14.9
101,√·√µ,2017-10-21,15.1
101,√·√µ,2017-10-22,11.2
101,√·√µ,2017-10-23,12.6
101,√·√µ,2017-10-24,11.9
101,√·√µ,2017-10-25,12.4
101,√·√µ,2017-10-26,11.5
101,√·√µ,2017-10-27,14.9
101,√·√µ,2017-10-28,13.7
101,√·√µ,2017-10-29,12.3
101,√·√µ,2017-10-30,6.4
101,√·√µ,2017-10-31,7.0
101,√·√µ,2017-11-01,10.5
101,√·√µ,2017-11-02,13.4
101,√·√µ,2017-11-03,12.8
101,√·√µ,2017-11-04,7.6
101,√·√µ,2017-11-05,5.3
101,√·√µ,2017-11-06,9.4
101,√·√µ,2017-11-07,11.1
101,√·√µ,2017-11-08,11.6
101,√·√µ,2017-11-09,6.8
101,√·√µ,2017-11-10,6.0
101,√·√µ,2017-11-11,4.3
101,√·√µ,2017-11-12,3.6
101,√·√µ,2017-11-13,4.0
101,√·√µ,2017-11-14,4.4
101,√·√µ,2017-11-15,2.2
101,√·√µ,2017-11-16,0.5
101,√·√µ,2017-11-17,0.1
101,√·√µ,2017-11-18,0.8
101,√·√µ,2017-11-19,-1.0
101,√·√µ,2017-11-20,-1.9
101,√·√µ,2017-11-21,1.3
101,√·√µ,2017-11-22,1.6
101,√·√µ,2017-11-23,-2.5
101,√·√µ,2017-11-24,0.1
101,√·√µ,2017-11-25,-1.0
101,√·√µ,2017-11-26,2.4
101,√·√µ,2017-11-27,1.6
101,√·√µ,2017-11-28,2.8
101,√·√µ,2017-11-29,4.1
101,√·√µ,2017-11-30,0.1
101,√·√µ,2017-12-01,-2.8
101,√·√µ,2017-12-02,-1.0
101,√·√µ,2017-12-03,1.2
101,√·√µ,2017-12-04,0.5
101,√·√µ,2017-12-05,-4.3
101,√·√µ,2017-12-06,0.1
101,√·√µ,2017-12-07,1.0
101,√·√µ,2017-12-08,-3.0
101,√·√µ,2017-12-09,-2.8
101,√·√µ,2017-12-10,-1.1
101,√·√µ,2017-12-11,-2.7
101,√·√µ,2017-12-12,-5.6
101,√·√µ,2017-12-13,-6.5
101,√·√µ,2017-12-14,-6.0
101,√·√µ,2017-12-15,-4.5
101,√·√µ,2017-12-16,-4.4
101,√·√µ,2017-12-17,-6.9
101,√·√µ,2017-12-18,-3.3
101,√·√µ,2017-12-19,-3.3
101,√·√µ,2017-12-20,-3.8
101,√·√µ,2017-12-21,-1.6
101,√·√µ,2017-12-22,-1.2
101,√·√µ,2017-12-23,-0.3
101,√·√µ,2017-12-24,-0.1
101,√·√µ,2017-12-25,-0.5
101,√·√µ,2017-12-26,-2.6
101,√·√µ,2017-12-27,-5.3
101,√·√µ,2017-12-28,-4.8
101,√·√µ,2017-12-29,-1.3
101,√·√µ,2017-12-30,-1.4
101,√·√µ,2017-12-31,-0.3
101,√·√µ,2018-01-01,-2.8
101,√·√µ,2018-01-02,-3.5
101,√·√µ,2018-01-03,-4.3
101,√·√µ,2018-01-04,-4.5
101,√·√µ,2018-01-05,-3.7
101,√·√µ,2018-01-06,-4.9
101,√·√µ,2018-01-07,-4.2
101,√·√µ,2018-01-08,-0.9
101,√·√µ,2018-01-09,-1.8
101,√·√µ,2018-01-10,-5.5
101,√·√µ,2018-01-11,-7.8
101,√·√µ,2018-01-12,-8.4
101,√·√µ,2018-01-13,-6.3
101,√·√µ,2018-01-14,-3.4
101,√·√µ,2018-01-15,0.1
101,√·√µ,2018-01-16,-0.1
101,√·√µ,2018-01-17,1.2
101,√·√µ,2018-01-18,0.8
101,√·√µ,2018-01-19,0.5
101,√·√µ,2018-01-20,-0.3
101,√·√µ,2018-01-21,-1.3
101,√·√µ,2018-01-22,-0.8
101,√·√µ,2018-01-23,-1.3
101,√·√µ,2018-01-24,-4.1
101,√·√µ,2018-01-25,-5.1
101,√·√µ,2018-01-26,-6.0
101,√·√µ,2018-01-27,-5.8
101,√·√µ,2018-01-28,-3.3
101,√·√µ,2018-01-29,-4.7
101,√·√µ,2018-01-30,-4.6
101,√·√µ,2018-01-31,-1.9
101,√·√µ,2018-02-01,-3.1
101,√·√µ,2018-02-02,-3.3
101,√·√µ,2018-02-03,-3.3
101,√·√µ,2018-02-04,-6.1
101,√·√µ,2018-02-05,-7.0
101,√·√µ,2018-02-06,-7.2
101,√·√µ,2018-02-07,-7.1
101,√·√µ,2018-02-08,-6.0
101,√·√µ,2018-02-09,-3.9
101,√·√µ,2018-02-10,-1.1
101,√·√µ,2018-02-11,-4.5
101,√·√µ,2018-02-12,-3.5
101,√·√µ,2018-02-13,-1.9
101,√·√µ,2018-02-14,2.4
101,√·√µ,2018-02-15,1.3
101,√·√µ,2018-02-16,-0.4
101,√·√µ,2018-02-17,-0.1
101,√·√µ,2018-02-18,0.3
101,√·√µ,2018-02-19,0.4
101,√·√µ,2018-02-20,0.2
101,√·√µ,2018-02-21,0.2
101,√·√µ,2018-02-22,0.3
101,√·√µ,2018-02-23,-0.1
101,√·√µ,2018-02-24,2.9
101,√·√µ,2018-02-25,3.1
101,√·√µ,2018-02-26,2.8
101,√·√µ,2018-02-27,-0.1
101,√·√µ,2018-02-28,0.5
101,√·√µ,2018-03-01,3.3
101,√·√µ,2018-03-02,1.6
101,√·√µ,2018-03-03,5.4
101,√·√µ,2018-03-04,5.5
101,√·√µ,2018-03-05,3.4
101,√·√µ,2018-03-06,3.9
101,√·√µ,2018-03-07,4.4
101,√·√µ,2018-03-08,5.7
101,√·√µ,2018-03-09,6.1
101,√·√µ,2018-03-10,4.6
101,√·√µ,2018-03-11,5.4
101,√·√µ,2018-03-12,5.2
101,√·√µ,2018-03-13,7.8
101,√·√µ,2018-03-14,12.5
101,√·√µ,2018-03-15,10.2
101,√·√µ,2018-03-16,6.3
101,√·√µ,2018-03-17,5.6
101,√·√µ,2018-03-18,5.8
101,√·√µ,2018-03-19,5.6
101,√·√µ,2018-03-20,1.9
101,√·√µ,2018-03-21,2.1
101,√·√µ,2018-03-22,6.6
101,√·√µ,2018-03-23,6.3
101,√·√µ,2018-03-24,9.6
101,√·√µ,2018-03-25,10.2
101,√·√µ,2018-03-26,11.3
101,√·√µ,2018-03-27,12.1
101,√·√µ,2018-03-28,14.0
101,√·√µ,2018-03-29,15.9
101,√·√µ,2018-03-30,14.9
101,√·√µ,2018-03-31,14.6
101,√·√µ,2018-04-01,16.2
101,√·√µ,2018-04-02,18.9
101,√·√µ,2018-04-03,16.9
101,√·√µ,2018-04-04,13.0
101,√·√µ,2018-04-05,7.9
101,√·√µ,2018-04-06,8.6
101,√·√µ,2018-04-07,6.4
101,√·√µ,2018-04-08,2.6
101,√·√µ,2018-04-09,9.8
101,√·√µ,2018-04-10,12.3
101,√·√µ,2018-04-11,14.3
101,√·√µ,2018-04-12,12.8
101,√·√µ,2018-04-13,13.1
101,√·√µ,2018-04-14,10.2
101,√·√µ,2018-04-15,11.2
101,√·√µ,2018-04-16,13.8
101,√·√µ,2018-04-17,15.0
101,√·√µ,2018-04-18,15.6
101,√·√µ,2018-04-19,16.9
101,√·√µ,2018-04-20,19.8
101,√·√µ,2018-04-21,20.4
101,√·√µ,2018-04-22,15.9
101,√·√µ,2018-04-23,9.9
101,√·√µ,2018-04-24,11.6
101,√·√µ,2018-04-25,14.7
101,√·√µ,2018-04-26,16.9
101,√·√µ,2018-04-27,18.8
101,√·√µ,2018-04-28,19.2
101,√·√µ,2018-04-29,17.4
101,√·√µ,2018-04-30,21.2
101,√·√µ,2018-05-01,21.2
101,√·√µ,2018-05-02,15.1
101,√·√µ,2018-05-03,11.4
101,√·√µ,2018-05-04,14.0
101,√·√µ,2018-05-05,17.0
101,√·√µ,2018-05-06,17.2
101,√·√µ,2018-05-07,18.9
101,√·√µ,2018-05-08,20.3
101,√·√µ,2018-05-09,19.0
101,√·√µ,2018-05-10,19.0
101,√·√µ,2018-05-11,20.7
101,√·√µ,2018-05-12,14.8
101,√·√µ,2018-05-13,19.9
101,√·√µ,2018-05-14,20.6
101,√·√µ,2018-05-15,24.6
101,√·√µ,2018-05-16,21.1
101,√·√µ,2018-05-17,21.2
101,√·√µ,2018-05-18,15.7
101,√·√µ,2018-05-19,18.8
101,√·√µ,2018-05-20,14.8
101,√·√µ,2018-05-21,19.9
101,√·√µ,2018-05-22,19.7
101,√·√µ,2018-05-23,22.2
101,√·√µ,2018-05-24,20.9
101,√·√µ,2018-05-25,22.4
101,√·√µ,2018-05-26,24.9
101,√·√µ,2018-05-27,23.2
101,√·√µ,2018-05-28,26.0
101,√·√µ,2018-05-29,27.8
101,√·√µ,2018-05-30,26.4
101,√·√µ,2018-05-31,27.0
101,√·√µ,2018-06-01,29.1
101,√·√µ,2018-06-02,29.6
101,√·√µ,2018-06-03,27.7
101,√·√µ,2018-06-04,25.8
101,√·√µ,2018-06-05,30.2
101,√·√µ,2018-06-06,30.3
101,√·√µ,2018-06-07,30.0
101,√·√µ,2018-06-08,29.1
101,√·√µ,2018-06-09,29.9
101,√·√µ,2018-06-10,24.6
101,√·√µ,2018-06-11,26.5
101,√·√µ,2018-06-12,31.4
101,√·√µ,2018-06-13,26.8
101,√·√µ,2018-06-14,23.0
101,√·√µ,2018-06-15,27.6
101,√·√µ,2018-06-16,30.9
101,√·√µ,2018-06-17,28.6
101,√·√µ,2018-06-18,30.2
101,√·√µ,2018-06-19,28.0
101,√·√µ,2018-06-20,33.4
101,√·√µ,2018-06-21,30.0
101,√·√µ,2018-06-22,34.6
101,√·√µ,2018-06-23,31.1
101,√·√µ,2018-06-24,34.1
101,√·√µ,2018-06-25,36.4
101,√·√µ,2018-06-26,23.4
101,√·√µ,2018-06-27,25.7
101,√·√µ,2018-06-28,28.2
101,√·√µ,2018-06-29,27.8
101,√·√µ,2018-06-30,26.7
101,√·√µ,2018-07-01,23.3
101,√·√µ,2018-07-02,22.4
101,√·√µ,2018-07-03,27.9
101,√·√µ,2018-07-04,29.6
101,√·√µ,2018-07-05,25.6
101,√·√µ,2018-07-06,23.8
101,√·√µ,2018-07-07,26.4
101,√·√µ,2018-07-08,28.1
101,√·√µ,2018-07-09,21.0
101,√·√µ,2018-07-10,23.7
101,√·√µ,2018-07-11,26.1
101,√·√µ,2018-07-12,29.0
101,√·√µ,2018-07-13,30.0
101,√·√µ,2018-07-14,32.6
101,√·√µ,2018-07-15,33.4
101,√·√µ,2018-07-16,31.5
101,√·√µ,2018-07-17,34.1
101,√·√µ,2018-07-18,33.6
101,√·√µ,2018-07-19,35.8
101,√·√µ,2018-07-20,33.5
101,√·√µ,2018-07-21,33.7
101,√·√µ,2018-07-22,36.7
101,√·√µ,2018-07-23,35.7
101,√·√µ,2018-07-24,38.3
101,√·√µ,2018-07-25,34.1
101,√·√µ,2018-07-26,36.1
101,√·√µ,2018-07-27,38.1
101,√·√µ,2018-07-28,37.0
101,√·√µ,2018-07-29,35.6
101,√·√µ,2018-07-30,36.7
101,√·√µ,2018-07-31,36.9
101,√·√µ,2018-08-01,38.1
101,√·√µ,2018-08-02,38.3
101,√·√µ,2018-08-03,39.0
101,√·√µ,2018-08-04,36.8
101,√·√µ,2018-08-05,33.9
101,√·√µ,2018-08-06,35.3
101,√·√µ,2018-08-07,34.3
101,√·√µ,2018-08-08,30.9
101,√·√µ,2018-08-09,29.5
101,√·√µ,2018-08-10,33.0
101,√·√µ,2018-08-11,32.5
101,√·√µ,2018-08-12,32.6
101,√·√µ,2018-08-13,32.9
101,√·√µ,2018-08-14,33.3
101,√·√µ,2018-08-15,33.3
101,√·√µ,2018-08-16,28.7
101,√·√µ,2018-08-17,26.7
101,√·√µ,2018-08-18,27.4
101,√·√µ,2018-08-19,28.7
101,√·√µ,2018-08-20,28.9
101,√·√µ,2018-08-21,27.5
101,√·√µ,2018-08-22,29.7
101,√·√µ,2018-08-23,28.4
101,√·√µ,2018-08-24,26.0
101,√·√µ,2018-08-25,25.9
101,√·√µ,2018-08-26,24.7
101,√·√µ,2018-08-27,23.6
101,√·√µ,2018-08-28,25.4
101,√·√µ,2018-08-29,21.8
101,√·√µ,2018-08-30,26.1
101,√·√µ,2018-08-31,27.7
101,√·√µ,2018-09-01,25.8
101,√·√µ,2018-09-02,25.5
101,√·√µ,2018-09-03,24.2
101,√·√µ,2018-09-04,25.9
101,√·√µ,2018-09-05,22.8
101,√·√µ,2018-09-06,22.6
101,√·√µ,2018-09-07,22.4
101,√·√µ,2018-09-08,22.3
101,√·√µ,2018-09-09,22.9
101,√·√µ,2018-09-10,23.3
101,√·√µ,2018-09-11,21.6
101,√·√µ,2018-09-12,23.2
101,√·√µ,2018-09-13,23.5
101,√·√µ,2018-09-14,23.6
101,√·√µ,2018-09-15,25.3
101,√·√µ,2018-09-16,23.8
101,√·√µ,2018-09-17,25.2
101,√·√µ,2018-09-18,24.1
101,√·√µ,2018-09-19,22.7
101,√·√µ,2018-09-20,19.9
101,√·√µ,2018-09-21,19.8
101,√·√µ,2018-09-22,21.4
101,√·√µ,2018-09-23,19.0
101,√·√µ,2018-09-24,17.4
101,√·√µ,2018-09-25,17.7
101,√·√µ,2018-09-26,18.5
101,√·√µ,2018-09-27,17.5
101,√·√µ,2018-09-28,15.9
101,√·√µ,2018-09-29,20.0
101,√·√µ,2018-09-30,18.8
101,√·√µ,2018-10-01,14.6
101,√·√µ,2018-10-02,16.2
101,√·√µ,2018-10-03,17.1
101,√·√µ,2018-10-04,17.8
101,√·√µ,2018-10-05,16.5
101,√·√µ,2018-10-06,17.5
101,√·√µ,2018-10-07,17.2
101,√·√µ,2018-10-08,13.1
101,√·√µ,2018-10-09,13.4
101,√·√µ,2018-10-10,13.0
101,√·√µ,2018-10-11,9.0
101,√·√µ,2018-10-12,10.6
101,√·√µ,2018-10-13,11.8
101,√·√µ,2018-10-14,12.2
101,√·√µ,2018-10-15,12.6
101,√·√µ,2018-10-16,13.4
101,√·√µ,2018-10-17,12.8
101,√·√µ,2018-10-18,11.0
101,√·√µ,2018-10-19,11.0
101,√·√µ,2018-10-20,11.7
101,√·√µ,2018-10-21,11.2
101,√·√µ,2018-10-22,10.6
101,√·√µ,2018-10-23,10.3
101,√·√µ,2018-10-24,12.1
101,√·√µ,2018-10-25,11.7
101,√·√µ,2018-10-26,10.1
101,√·√µ,2018-10-27,6.8
101,√·√µ,2018-10-28,6.3
101,√·√µ,2018-10-29,6.6
101,√·√µ,2018-10-30,5.3
101,√·√µ,2018-10-31,5.3
101,√·√µ,2018-11-01,6.4
101,√·√µ,2018-11-02,7.3
101,√·√µ,2018-11-03,7.7
101,√·√µ,2018-11-04,7.6
101,√·√µ,2018-11-05,7.6
101,√·√µ,2018-11-06,9.7
101,√·√µ,2018-11-07,11.0
101,√·√µ,2018-11-08,11.1
101,√·√µ,2018-11-09,10.6
101,√·√µ,2018-11-10,9.6
101,√·√µ,2018-11-11,6.8
101,√·√µ,2018-11-12,6.0
101,√·√µ,2018-11-13,7.0
101,√·√µ,2018-11-14,6.4
101,√·√µ,2018-11-15,5.7
101,√·√µ,2018-11-16,7.0
101,√·√µ,2018-11-17,4.0
101,√·√µ,2018-11-18,3.5
101,√·√µ,2018-11-19,2.5
101,√·√µ,2018-11-20,3.2
101,√·√µ,2018-11-21,5.1
101,√·√µ,2018-11-22,1.4
101,√·√µ,2018-11-23,-0.6
101,√·√µ,2018-11-24,-0.1
101,√·√µ,2018-11-25,0.5
101,√·√µ,2018-11-26,3.9
101,√·√µ,2018-11-27,4.2
101,√·√µ,2018-11-28,4.3
101,√·√µ,2018-11-29,0.9
101,√·√µ,2018-11-30,0.4
101,√·√µ,2018-12-01,1.1
101,√·√µ,2018-12-02,0.8
101,√·√µ,2018-12-03,4.2
101,√·√µ,2018-12-04,6.5
101,√·√µ,2018-12-05,1.3
101,√·√µ,2018-12-06,3.2
101,√·√µ,2018-12-07,-2.8
101,√·√µ,2018-12-08,-4.7
101,√·√µ,2018-12-09,-5.3
101,√·√µ,2018-12-10,-4.7
101,√·√µ,2018-12-11,-2.1
101,√·√µ,2018-12-12,-1.2
101,√·√µ,2018-12-13,-2.3
101,√·√µ,2018-12-14,-3.4
101,√·√µ,2018-12-15,-3.1
101,√·√µ,2018-12-16,-1.7
101,√·√µ,2018-12-17,-1.3
101,√·√µ,2018-12-18,-2.7
101,√·√µ,2018-12-19,-1.2
101,√·√µ,2018-12-20,-2.0
101,√·√µ,2018-12-21,-1.5
101,√·√µ,2018-12-22,0.7
101,√·√µ,2018-12-23,0.3
101,√·√µ,2018-12-24,-3.6
101,√·√µ,2018-12-25,-3.7
101,√·√µ,2018-12-26,-2.2
101,√·√µ,2018-12-27,-6.0
101,√·√µ,2018-12-28,-7.6
101,√·√µ,2018-12-29,-7.2
101,√·√µ,2018-12-30,-7.2
101,√·√µ,2018-12-31,-6.6
101,√·√µ,2019-01-01,-5.9
101,√·√µ,2019-01-02,-6.5
101,√·√µ,2019-01-03,-6.3
101,√·√µ,2019-01-04,-4.8
101,√·√µ,2019-01-05,-4.5
101,√·√µ,2019-01-06,-4.4
101,√·√µ,2019-01-07,-5.2
101,√·√µ,2019-01-08,-5.1
101,√·√µ,2019-01-09,-6.8
101,√·√µ,2019-01-10,-2.5
101,√·√µ,2019-01-11,-2.6
101,√·√µ,2019-01-12,-0.3
101,√·√µ,2019-01-13,-2.4
101,√·√µ,2019-01-14,-3.3
101,√·√µ,2019-01-15,-2.8
101,√·√µ,2019-01-16,-4.8
101,√·√µ,2019-01-17,-2.5
101,√·√µ,2019-01-18,-3.5
101,√·√µ,2019-01-19,-1.8
101,√·√µ,2019-01-20,-1.7
101,√·√µ,2019-01-21,-5.4
101,√·√µ,2019-01-22,-2.0
101,√·√µ,2019-01-23,-1.6
101,√·√µ,2019-01-24,-3.0
101,√·√µ,2019-01-25,-3.7
101,√·√µ,2019-01-26,-4.4
101,√·√µ,2019-01-27,-3.0
101,√·√µ,2019-01-28,0.5
101,√·√µ,2019-01-29,-2.4
101,√·√µ,2019-01-30,-1.0
101,√·√µ,2019-01-31,0.0
101,√·√µ,2019-02-01,-3.0
101,√·√µ,2019-02-02,-1.2
101,√·√µ,2019-02-03,0.3
101,√·√µ,2019-02-04,1.3
101,√·√µ,2019-02-05,0.0
101,√·√µ,2019-02-06,0.2
101,√·√µ,2019-02-07,1.7
101,√·√µ,2019-02-08,-1.1
101,√·√µ,2019-02-09,-0.8
101,√·√µ,2019-02-10,-2.2
101,√·√µ,2019-02-11,-1.3
101,√·√µ,2019-02-12,-1.0
101,√·√µ,2019-02-13,-1.2
101,√·√µ,2019-02-14,-0.6
101,√·√µ,2019-02-15,0.1
101,√·√µ,2019-02-16,0.6
101,√·√µ,2019-02-17,-0.5
101,√·√µ,2019-02-18,-1.1
101,√·√µ,2019-02-19,0.1
101,√·√µ,2019-02-20,1.2
101,√·√µ,2019-02-21,1.7
101,√·√µ,2019-02-22,2.2
101,√·√µ,2019-02-23,3.2
101,√·√µ,2019-02-24,3.1
101,√·√µ,2019-02-25,3.7
101,√·√µ,2019-02-26,3.0
101,√·√µ,2019-02-27,4.6
101,√·√µ,2019-02-28,3.6
101,√·√µ,2019-03-01,3.8
101,√·√µ,2019-03-02,3.8
101,√·√µ,2019-03-03,5.0
101,√·√µ,2019-03-04,5.6
101,√·√µ,2019-03-05,4.3
101,√·√µ,2019-03-06,3.9
101,√·√µ,2019-03-07,5.5
101,√·√µ,2019-03-08,4.4
101,√·√µ,2019-03-09,3.5
101,√·√µ,2019-03-10,4.0
101,√·√µ,2019-03-11,4.0
101,√·√µ,2019-03-12,1.7
101,√·√µ,2019-03-13,2.7
101,√·√µ,2019-03-14,1.3
101,√·√µ,2019-03-15,2.3
101,√·√µ,2019-03-16,5.0
101,√·√µ,2019-03-17,4.9
101,√·√µ,2019-03-18,5.1
101,√·√µ,2019-03-19,7.3
101,√·√µ,2019-03-20,7.3
101,√·√µ,2019-03-21,9.3
101,√·√µ,2019-03-22,5.4
101,√·√µ,2019-03-23,3.5
101,√·√µ,2019-03-24,4.5
101,√·√µ,2019-03-25,4.4
101,√·√µ,2019-03-26,9.2
101,√·√µ,2019-03-27,8.5
101,√·√µ,2019-03-28,10.5
101,√·√µ,2019-03-29,12.0
101,√·√µ,2019-03-30,6.4
101,√·√µ,2019-03-31,3.8
101,√·√µ,2019-04-01,6.2
101,√·√µ,2019-04-02,7.0
101,√·√µ,2019-04-03,7.9
101,√·√µ,2019-04-04,9.2
101,√·√µ,2019-04-05,13.1
101,√·√µ,2019-04-06,8.5
101,√·√µ,2019-04-07,12.1
101,√·√µ,2019-04-08,13.0
101,√·√µ,2019-04-09,8.7
101,√·√µ,2019-04-10,8.4
101,√·√µ,2019-04-11,9.2
101,√·√µ,2019-04-12,13.6
101,√·√µ,2019-04-13,13.0
101,√·√µ,2019-04-14,7.2
101,√·√µ,2019-04-15,11.5
101,√·√µ,2019-04-16,12.8
101,√·√µ,2019-04-17,15.7
101,√·√µ,2019-04-18,11.9
101,√·√µ,2019-04-19,13.8
101,√·√µ,2019-04-20,15.6
101,√·√µ,2019-04-21,19.5
101,√·√µ,2019-04-22,20.4
101,√·√µ,2019-04-23,20.0
101,√·√µ,2019-04-24,20.9
101,√·√µ,2019-04-25,13.1
101,√·√µ,2019-04-26,10.6
101,√·√µ,2019-04-27,15.0
101,√·√µ,2019-04-28,12.9
101,√·√µ,2019-04-29,12.6
101,√·√µ,2019-04-30,17.6
101,√·√µ,2019-05-01,20.1
101,√·√µ,2019-05-02,20.4
101,√·√µ,2019-05-03,20.6
101,√·√µ,2019-05-04,20.1
101,√·√µ,2019-05-05,21.3
101,√·√µ,2019-05-06,21.0
101,√·√µ,2019-05-07,19.5
101,√·√µ,2019-05-08,19.5
101,√·√µ,2019-05-09,21.5
101,√·√µ,2019-05-10,22.9
101,√·√µ,2019-05-11,24.7
101,√·√µ,2019-05-12,24.7
101,√·√µ,2019-05-13,20.6
101,√·√µ,2019-05-14,24.2
101,√·√µ,2019-05-15,23.3
101,√·√µ,2019-05-16,26.8
101,√·√µ,2019-05-17,24.8
101,√·√µ,2019-05-18,25.8
101,√·√µ,2019-05-19,22.4
101,√·√µ,2019-05-20,21.5
101,√·√µ,2019-05-21,21.3
101,√·√µ,2019-05-22,23.0
101,√·√µ,2019-05-23,24.8
101,√·√µ,2019-05-24,27.3
101,√·√µ,2019-05-25,25.3
101,√·√µ,2019-05-26,27.8
101,√·√µ,2019-05-27,19.9
101,√·√µ,2019-05-28,22.3
101,√·√µ,2019-05-29,23.8
101,√·√µ,2019-05-30,22.3
101,√·√µ,2019-05-31,26.3
101,√·√µ,2019-06-01,25.3
101,√·√µ,2019-06-02,28.3
101,√·√µ,2019-06-03,28.5
101,√·√µ,2019-06-04,29.9
101,√·√µ,2019-06-05,31.0
101,√·√µ,2019-06-06,23.6
101,√·√µ,2019-06-07,20.5
101,√·√µ,2019-06-08,23.2
101,√·√µ,2019-06-09,24.5
101,√·√µ,2019-06-10,19.1
101,√·√µ,2019-06-11,22.5
101,√·√µ,2019-06-12,26.8
101,√·√µ,2019-06-13,28.6
101,√·√µ,2019-06-14,27.0
101,√·√µ,2019-06-15,27.2
101,√·√µ,2019-06-16,24.4
101,√·√µ,2019-06-17,27.2
101,√·√µ,2019-06-18,21.1
101,√·√µ,2019-06-19,22.3
101,√·√µ,2019-06-20,26.2
101,√·√µ,2019-06-21,23.1
101,√·√µ,2019-06-22,23.9
101,√·√µ,2019-06-23,24.8
101,√·√µ,2019-06-24,29.3
101,√·√µ,2019-06-25,30.8
101,√·√µ,2019-06-26,27.4
101,√·√µ,2019-06-27,31.3
101,√·√µ,2019-06-28,30.2
101,√·√µ,2019-06-29,28.2
101,√·√µ,2019-06-30,29.3
101,√·√µ,2019-07-01,30.2
101,√·√µ,2019-07-02,30.7
101,√·√µ,2019-07-03,30.7
101,√·√µ,2019-07-04,33.2
101,√·√µ,2019-07-05,34.6
101,√·√µ,2019-07-06,34.8
101,√·√µ,2019-07-07,31.9
101,√·√µ,2019-07-08,27.3
101,√·√µ,2019-07-09,29.8
101,√·√µ,2019-07-10,25.8
101,√·√µ,2019-07-11,23.3
101,√·√µ,2019-07-12,24.3
101,√·√µ,2019-07-13,29.2
101,√·√µ,2019-07-14,30.7
101,√·√µ,2019-07-15,26.1
101,√·√µ,2019-07-16,27.1
101,√·√µ,2019-07-17,26.7
101,√·√µ,2019-07-18,29.9
101,√·√µ,2019-07-19,30.6
101,√·√µ,2019-07-20,28.1
101,√·√µ,2019-07-21,26.2
101,√·√µ,2019-07-22,28.7
101,√·√µ,2019-07-23,29.6
101,√·√µ,2019-07-24,27.6
101,√·√µ,2019-07-25,28.1
101,√·√µ,2019-07-26,27.2
101,√·√µ,2019-07-27,30.7
101,√·√µ,2019-07-28,27.1
101,√·√µ,2019-07-29,28.1
101,√·√µ,2019-07-30,26.9
101,√·√µ,2019-07-31,26.7
101,√·√µ,2019-08-01,29.5
101,√·√µ,2019-08-02,30.7
101,√·√µ,2019-08-03,32.2
101,√·√µ,2019-08-04,33.2
101,√·√µ,2019-08-05,33.8
101,√·√µ,2019-08-06,32.7
101,√·√µ,2019-08-07,26.3
101,√·√µ,2019-08-08,29.0
101,√·√µ,2019-08-09,30.6
101,√·√µ,2019-08-10,30.7
101,√·√µ,2019-08-11,30.4
101,√·√µ,2019-08-12,27.6
101,√·√µ,2019-08-13,30.7
101,√·√µ,2019-08-14,30.4
101,√·√µ,2019-08-15,26.6
101,√·√µ,2019-08-16,27.4
101,√·√µ,2019-08-17,26.8
101,√·√µ,2019-08-18,27.1
101,√·√µ,2019-08-19,27.4
101,√·√µ,2019-08-20,28.1
101,√·√µ,2019-08-21,27.5
101,√·√µ,2019-08-22,28.5
101,√·√µ,2019-08-23,27.5
101,√·√µ,2019-08-24,25.8
101,√·√µ,2019-08-25,26.8
101,√·√µ,2019-08-26,27.3
101,√·√µ,2019-08-27,27.4
101,√·√µ,2019-08-28,27.7
101,√·√µ,2019-08-29,25.0
101,√·√µ,2019-08-30,24.7
101,√·√µ,2019-08-31,24.9
101,√·√µ,2019-09-01,24.2
101,√·√µ,2019-09-02,24.7
101,√·√µ,2019-09-03,24.2
101,√·√µ,2019-09-04,23.9
101,√·√µ,2019-09-05,24.7
101,√·√µ,2019-09-06,26.1
101,√·√µ,2019-09-07,25.2
101,√·√µ,2019-09-08,25.6
101,√·√µ,2019-09-09,26.3
101,√·√µ,2019-09-10,25.5
101,√·√µ,2019-09-11,25.2
101,√·√µ,2019-09-12,22.5
101,√·√µ,2019-09-13,24.1
101,√·√µ,2019-09-14,22.8
101,√·√µ,2019-09-15,25.6
101,√·√µ,2019-09-16,24.9
101,√·√µ,2019-09-17,23.0
101,√·√µ,2019-09-18,23.7
101,√·√µ,2019-09-19,25.3
101,√·√µ,2019-09-20,20.4
101,√·√µ,2019-09-21,19.4
101,√·√µ,2019-09-22,17.9
101,√·√µ,2019-09-23,20.6
101,√·√µ,2019-09-24,21.0
101,√·√µ,2019-09-25,21.1
101,√·√µ,2019-09-26,23.2
101,√·√µ,2019-09-27,22.5
101,√·√µ,2019-09-28,23.8
101,√·√µ,2019-09-29,23.4
101,√·√µ,2019-09-30,22.9
101,√·√µ,2019-10-01,22.0
101,√·√µ,2019-10-02,21.3
101,√·√µ,2019-10-03,21.1
101,√·√µ,2019-10-04,22.7
101,√·√µ,2019-10-05,18.8
101,√·√µ,2019-10-06,18.1
101,√·√µ,2019-10-07,16.6
101,√·√µ,2019-10-08,16.6
101,√·√µ,2019-10-09,12.9
101,√·√µ,2019-10-10,15.0
101,√·√µ,2019-10-11,17.5
101,√·√µ,2019-10-12,15.4
101,√·√µ,2019-10-13,17.1
101,√·√µ,2019-10-14,16.0
101,√·√µ,2019-10-15,16.2
101,√·√µ,2019-10-16,14.8
101,√·√µ,2019-10-17,15.8
101,√·√µ,2019-10-18,15.3
101,√·√µ,2019-10-19,15.6
101,√·√µ,2019-10-20,16.1
101,√·√µ,2019-10-21,16.5
101,√·√µ,2019-10-22,16.5
101,√·√µ,2019-10-23,15.6
101,√·√µ,2019-10-24,18.2
101,√·√µ,2019-10-25,17.1
101,√·√µ,2019-10-26,13.2
101,√·√µ,2019-10-27,11.7
101,√·√µ,2019-10-28,12.0
101,√·√µ,2019-10-29,12.8
101,√·√µ,2019-10-30,10.1
101,√·√µ,2019-10-31,11.7
101,√·√µ,2019-11-01,13.8
101,√·√µ,2019-11-02,11.6
101,√·√µ,2019-11-03,12.5
101,√·√µ,2019-11-04,11.7
101,√·√µ,2019-11-05,10.7
101,√·√µ,2019-11-06,9.6
101,√·√µ,2019-11-07,9.3
101,√·√µ,2019-11-08,6.3
101,√·√µ,2019-11-09,6.5
101,√·√µ,2019-11-10,6.8
101,√·√µ,2019-11-11,10.1
101,√·√µ,2019-11-12,7.2
101,√·√µ,2019-11-13,6.3
101,√·√µ,2019-11-14,2.7
101,√·√µ,2019-11-15,2.5
101,√·√µ,2019-11-16,6.9
101,√·√µ,2019-11-17,6.0
101,√·√µ,2019-11-18,5.9
101,√·√µ,2019-11-19,2.3
101,√·√µ,2019-11-20,1.6
101,√·√µ,2019-11-21,1.2
101,√·√µ,2019-11-22,3.6
101,√·√µ,2019-11-23,4.1
101,√·√µ,2019-11-24,6.0
101,√·√µ,2019-11-25,6.0
101,√·√µ,2019-11-26,5.3
101,√·√µ,2019-11-27,4.3
101,√·√µ,2019-11-28,3.2
101,√·√µ,2019-11-29,3.0
101,√·√µ,2019-11-30,2.6
101,√·√µ,2019-12-01,4.7
101,√·√µ,2019-12-02,2.1
101,√·√µ,2019-12-03,0.5
101,√·√µ,2019-12-04,0.7
101,√·√µ,2019-12-05,-1.2
101,√·√µ,2019-12-06,-2.2
101,√·√µ,2019-12-07,-1.8
101,√·√µ,2019-12-08,-0.4
101,√·√µ,2019-12-09,-0.9
101,√·√µ,2019-12-10,1.1
101,√·√µ,2019-12-11,2.5
101,√·√µ,2019-12-12,-0.5
101,√·√µ,2019-12-13,-1.0
101,√·√µ,2019-12-14,0.9
101,√·√µ,2019-12-15,0.4
101,√·√µ,2019-12-16,1.2
101,√·√µ,2019-12-17,3.9
101,√·√µ,2019-12-18,2.4
101,√·√µ,2019-12-19,1.2
101,√·√µ,2019-12-20,-0.5
101,√·√µ,2019-12-21,-1.4
101,√·√µ,2019-12-22,0.2
101,√·√µ,2019-12-23,0.5
101,√·√µ,2019-12-24,1.5
101,√·√µ,2019-12-25,-0.1
101,√·√µ,2019-12-26,0.8
101,√·√µ,2019-12-27,-0.9
101,√·√µ,2019-12-28,-0.7
101,√·√µ,2019-12-29,0.1
101,√·√µ,2019-12-30,0.5
101,√·√µ,2019-12-31,-2.1
101,√·√µ,2020-01-01,-1.2
101,√·√µ,2020-01-02,-1.2
101,√·√µ,2020-01-03,-1.1
101,√·√µ,2020-01-04,-1.6
101,√·√µ,2020-01-05,-1.7
101,√·√µ,2020-01-06,-1.0
101,√·√µ,2020-01-07,0.9
101,√·√µ,2020-01-08,3.0
101,√·√µ,2020-01-09,1.6
101,√·√µ,2020-01-10,-0.1
101,√·√µ,2020-01-11,0.0
101,√·√µ,2020-01-12,-0.1
101,√·√µ,2020-01-13,-0.8
101,√·√µ,2020-01-14,-1.4
101,√·√µ,2020-01-15,-2.0
101,√·√µ,2020-01-16,-1.8
101,√·√µ,2020-01-17,-1.1
101,√·√µ,2020-01-18,-0.3
101,√·√µ,2020-01-19,-0.9
101,√·√µ,2020-01-20,-1.3
101,√·√µ,2020-01-21,-1.1
101,√·√µ,2020-01-22,-0.4
101,√·√µ,2020-01-23,0.7
101,√·√µ,2020-01-24,0.1
101,√·√µ,2020-01-25,1.1
101,√·√µ,2020-01-26,1.3
101,√·√µ,2020-01-27,1.3
101,√·√µ,2020-01-28,2.4
101,√·√µ,2020-01-29,0.2
101,√·√µ,2020-01-30,1.5
101,√·√µ,2020-01-31,2.4
101,√·√µ,2020-02-01,0.6
101,√·√µ,2020-02-02,0.1
101,√·√µ,2020-02-03,1.8
101,√·√µ,2020-02-04,-0.8
101,√·√µ,2020-02-05,0.2
101,√·√µ,2020-02-06,-1.6
101,√·√µ,2020-02-07,-0.8
101,√·√µ,2020-02-08,0.7
101,√·√µ,2020-02-09,-0.4
101,√·√µ,2020-02-10,2.1
101,√·√µ,2020-02-11,1.5
101,√·√µ,2020-02-12,2.0
101,√·√µ,2020-02-13,5.8
101,√·√µ,2020-02-14,5.5
101,√·√µ,2020-02-15,5.0
101,√·√µ,2020-02-16,4.0
101,√·√µ,2020-02-17,0.6
101,√·√µ,2020-02-18,-0.1
101,√·√µ,2020-02-19,0.7
101,√·√µ,2020-02-20,2.7
101,√·√µ,2020-02-21,2.5
101,√·√µ,2020-02-22,3.6
101,√·√µ,2020-02-23,2.9
101,√·√µ,2020-02-24,4.4
101,√·√µ,2020-02-25,3.8
101,√·√µ,2020-02-26,4.1
101,√·√µ,2020-02-27,5.4
101,√·√µ,2020-02-28,3.1
101,√·√µ,2020-02-29,7.6
101,√·√µ,2020-03-01,4.9
101,√·√µ,2020-03-02,6.3
101,√·√µ,2020-03-03,4.9
101,√·√µ,2020-03-04,4.9
101,√·√µ,2020-03-05,4.2
101,√·√µ,2020-03-06,4.0
101,√·√µ,2020-03-07,4.2
101,√·√µ,2020-03-08,6.5
101,√·√µ,2020-03-09,6.7
101,√·√µ,2020-03-10,8.2
101,√·√µ,2020-03-11,5.8
101,√·√µ,2020-03-12,5.5
101,√·√µ,2020-03-13,8.3
101,√·√µ,2020-03-14,5.4
101,√·√µ,2020-03-15,5.1
101,√·√µ,2020-03-16,5.4
101,√·√µ,2020-03-17,4.2
101,√·√µ,2020-03-18,8.7
101,√·√µ,2020-03-19,6.3
101,√·√µ,2020-03-20,7.9
101,√·√µ,2020-03-21,11.3
101,√·√µ,2020-03-22,12.5
101,√·√µ,2020-03-23,10.5
101,√·√µ,2020-03-24,10.8
101,√·√µ,2020-03-25,11.4
101,√·√µ,2020-03-26,12.3
101,√·√µ,2020-03-27,14.2
101,√·√µ,2020-03-28,11.0
101,√·√µ,2020-03-29,10.7
101,√·√µ,2020-03-30,11.6
101,√·√µ,2020-03-31,12.7
101,√·√µ,2020-04-01,12.8
101,√·√µ,2020-04-02,11.4
101,√·√µ,2020-04-03,11.5
101,√·√µ,2020-04-04,12.0
101,√·√µ,2020-04-05,10.6
101,√·√µ,2020-04-06,12.1
101,√·√µ,2020-04-07,12.3
101,√·√µ,2020-04-08,12.9
101,√·√µ,2020-04-09,12.7
101,√·√µ,2020-04-10,13.7
101,√·√µ,2020-04-11,13.0
101,√·√µ,2020-04-12,10.0
101,√·√µ,2020-04-13,12.5
101,√·√µ,2020-04-14,14.1
101,√·√µ,2020-04-15,15.4
101,√·√µ,2020-04-16,17.3
101,√·√µ,2020-04-17,12.1
101,√·√µ,2020-04-18,15.9
101,√·√µ,2020-04-19,12.7
101,√·√µ,2020-04-20,11.6
101,√·√µ,2020-04-21,11.6
101,√·√µ,2020-04-22,9.6
101,√·√µ,2020-04-23,12.7
101,√·√µ,2020-04-24,12.9
101,√·√µ,2020-04-25,13.6
101,√·√µ,2020-04-26,14.6
101,√·√µ,2020-04-27,15.0
101,√·√µ,2020-04-28,15.6
101,√·√µ,2020-04-29,17.6
101,√·√µ,2020-04-30,17.3
101,√·√µ,2020-05-01,22.7
101,√·√µ,2020-05-02,20.3
101,√·√µ,2020-05-03,23.9
101,√·√µ,2020-05-04,24.5
101,√·√µ,2020-05-05,19.6
101,√·√µ,2020-05-06,22.5
101,√·√µ,2020-05-07,21.9
101,√·√µ,2020-05-08,22.9
101,√·√µ,2020-05-09,16.3
101,√·√µ,2020-05-10,18.7
101,√·√µ,2020-05-11,19.5
101,√·√µ,2020-05-12,16.7
101,√·√µ,2020-05-13,18.4
101,√·√µ,2020-05-14,19.1
101,√·√µ,2020-05-15,16.7
101,√·√µ,2020-05-16,20.3
101,√·√µ,2020-05-17,23.5
101,√·√µ,2020-05-18,23.0
101,√·√µ,2020-05-19,16.1
101,√·√µ,2020-05-20,15.3
101,√·√µ,2020-05-21,18.6
101,√·√µ,2020-05-22,19.3
101,√·√µ,2020-05-23,22.9
101,√·√µ,2020-05-24,21.2
101,√·√µ,2020-05-25,20.7
101,√·√µ,2020-05-26,20.2
101,√·√µ,2020-05-27,21.7
101,√·√µ,2020-05-28,21.4
101,√·√µ,2020-05-29,24.4
101,√·√µ,2020-05-30,25.8
101,√·√µ,2020-05-31,26.4
101,√·√µ,2020-06-01,26.5
101,√·√µ,2020-06-02,21.2
101,√·√µ,2020-06-03,26.4
101,√·√µ,2020-06-04,27.1
101,√·√µ,2020-06-05,28.3
101,√·√µ,2020-06-06,28.4
101,√·√µ,2020-06-07,29.7
101,√·√µ,2020-06-08,30.5
101,√·√µ,2020-06-09,31.0
101,√·√µ,2020-06-10,29.7
101,√·√µ,2020-06-11,31.6
101,√·√µ,2020-06-12,24.4
101,√·√µ,2020-06-13,32.3
101,√·√µ,2020-06-14,28.2
101,√·√µ,2020-06-15,26.1
101,√·√µ,2020-06-16,28.5
101,√·√µ,2020-06-17,29.5
101,√·√µ,2020-06-18,26.0
101,√·√µ,2020-06-19,27.5
101,√·√µ,2020-06-20,30.3
101,√·√µ,2020-06-21,31.7
101,√·√µ,2020-06-22,34.6
101,√·√µ,2020-06-23,32.6
101,√·√µ,2020-06-24,23.6
101,√·√µ,2020-06-25,23.1
101,√·√µ,2020-06-26,23.5
101,√·√µ,2020-06-27,26.1
101,√·√µ,2020-06-28,27.9
101,√·√µ,2020-06-29,25.5
101,√·√µ,2020-06-30,21.0
101,√·√µ,2020-07-01,23.2
101,√·√µ,2020-07-02,26.4
101,√·√µ,2020-07-03,28.8
101,√·√µ,2020-07-04,29.2
101,√·√µ,2020-07-05,29.6
101,√·√µ,2020-07-06,27.6
101,√·√µ,2020-07-07,27.4
101,√·√µ,2020-07-08,30.2
101,√·√µ,2020-07-09,28.6
101,√·√µ,2020-07-10,25.3
101,√·√µ,2020-07-11,26.0
101,√·√µ,2020-07-12,24.1
101,√·√µ,2020-07-13,21.0
101,√·√µ,2020-07-14,21.5
101,√·√µ,2020-07-15,24.2
101,√·√µ,2020-07-16,27.9
101,√·√µ,2020-07-17,31.1
101,√·√µ,2020-07-18,29.0
101,√·√µ,2020-07-19,23.4
101,√·√µ,2020-07-20,24.3
101,√·√µ,2020-07-21,29.7
101,√·√µ,2020-07-22,26.2
101,√·√µ,2020-07-23,22.5
101,√·√µ,2020-07-24,21.4
101,√·√µ,2020-07-25,24.7
101,√·√µ,2020-07-26,25.9
101,√·√µ,2020-07-27,23.5
101,√·√µ,2020-07-28,25.9
101,√·√µ,2020-07-29,23.8
101,√·√µ,2020-07-30,26.9
101,√·√µ,2020-07-31,28.0
101,√·√µ,2020-08-01,25.2
101,√·√µ,2020-08-02,25.4
101,√·√µ,2020-08-03,23.8
101,√·√µ,2020-08-04,26.9
101,√·√µ,2020-08-05,25.0
101,√·√µ,2020-08-06,25.0
101,√·√µ,2020-08-07,24.9
101,√·√µ,2020-08-08,26.6
101,√·√µ,2020-08-09,23.9
101,√·√µ,2020-08-10,26.7
101,√·√µ,2020-08-11,26.4
101,√·√µ,2020-08-12,29.4
101,√·√µ,2020-08-13,29.1
101,√·√µ,2020-08-14,28.9
101,√·√µ,2020-08-15,27.1
101,√·√µ,2020-08-16,27.7
101,√·√µ,2020-08-17,28.1
101,√·√µ,2020-08-18,31.8
101,√·√µ,2020-08-19,31.2
101,√·√µ,2020-08-20,33.4
101,√·√µ,2020-08-21,25.7
101,√·√µ,2020-08-22,24.7
101,√·√µ,2020-08-23,28.3
101,√·√µ,2020-08-24,27.7
101,√·√µ,2020-08-25,28.5
101,√·√µ,2020-08-26,28.4
101,√·√µ,2020-08-27,29.0
101,√·√µ,2020-08-28,30.1
101,√·√µ,2020-08-29,28.9
101,√·√µ,2020-08-30,27.3
101,√·√µ,2020-08-31,25.1
101,√·√µ,2020-09-01,27.9
101,√·√µ,2020-09-02,25.2
101,√·√µ,2020-09-03,22.9
101,√·√µ,2020-09-04,23.8
101,√·√µ,2020-09-05,22.9
101,√·√µ,2020-09-06,21.3
101,√·√µ,2020-09-07,20.5
101,√·√µ,2020-09-08,22.1
101,√·√µ,2020-09-09,21.1
101,√·√µ,2020-09-10,23.2
101,√·√µ,2020-09-11,22.0
101,√·√µ,2020-09-12,21.2
101,√·√µ,2020-09-13,23.2
101,√·√µ,2020-09-14,23.0
101,√·√µ,2020-09-15,24.1
101,√·√µ,2020-09-16,22.8
101,√·√µ,2020-09-17,21.2
101,√·√µ,2020-09-18,21.0
101,√·√µ,2020-09-19,19.7
101,√·√µ,2020-09-20,19.5
101,√·√µ,2020-09-21,19.2
101,√·√µ,2020-09-22,19.3
101,√·√µ,2020-09-23,17.7
101,√·√µ,2020-09-24,20.1
101,√·√µ,2020-09-25,18.9
101,√·√µ,2020-09-26,18.8
101,√·√µ,2020-09-27,19.9
101,√·√µ,2020-09-28,20.0
101,√·√µ,2020-09-29,18.7
101,√·√µ,2020-09-30,19.8
101,√·√µ,2020-10-01,20.5
101,√·√µ,2020-10-02,18.7
101,√·√µ,2020-10-03,20.0
101,√·√µ,2020-10-04,18.8
101,√·√µ,2020-10-05,15.3
101,√·√µ,2020-10-06,15.1
101,√·√µ,2020-10-07,16.5
101,√·√µ,2020-10-08,16.2
101,√·√µ,2020-10-09,16.1
101,√·√µ,2020-10-10,16.2
101,√·√µ,2020-10-11,15.3
101,√·√µ,2020-10-12,15.9
101,√·√µ,2020-10-13,14.7
101,√·√µ,2020-10-14,12.9
101,√·√µ,2020-10-15,11.8
101,√·√µ,2020-10-16,9.5
101,√·√µ,2020-10-17,12.3
101,√·√µ,2020-10-18,11.7
101,√·√µ,2020-10-19,12.6
101,√·√µ,2020-10-20,12.7
101,√·√µ,2020-10-21,11.0
101,√·√µ,2020-10-22,13.1
101,√·√µ,2020-10-23,9.3
101,√·√µ,2020-10-24,7.7
101,√·√µ,2020-10-25,8.9
101,√·√µ,2020-10-26,9.7
101,√·√µ,2020-10-27,10.9
101,√·√µ,2020-10-28,11.7
101,√·√µ,2020-10-29,8.3
101,√·√µ,2020-10-30,9.3
101,√·√µ,2020-10-31,10.3
101,√·√µ,2020-11-01,10.7
101,√·√µ,2020-11-02,9.1
101,√·√µ,2020-11-03,7.1
101,√·√µ,2020-11-04,3.9
101,√·√µ,2020-11-05,7.3
101,√·√µ,2020-11-06,11.6
101,√·√µ,2020-11-07,13.4
101,√·√µ,2020-11-08,8.5
101,√·√µ,2020-11-09,3.6
101,√·√µ,2020-11-10,4.9
101,√·√µ,2020-11-11,5.1
101,√·√µ,2020-11-12,6.0
101,√·√µ,2020-11-13,8.7
101,√·√µ,2020-11-14,8.0
101,√·√µ,2020-11-15,7.5
101,√·√µ,2020-11-16,8.3
101,√·√µ,2020-11-17,10.3
101,√·√µ,2020-11-18,13.2
101,√·√µ,2020-11-19,14.2
101,√·√µ,2020-11-20,7.4
101,√·√µ,2020-11-21,5.4
101,√·√µ,2020-11-22,6.8
101,√·√µ,2020-11-23,3.3
101,√·√µ,2020-11-24,2.1
101,√·√µ,2020-11-25,2.5
101,√·√µ,2020-11-26,3.1
101,√·√µ,2020-11-27,2.2
101,√·√µ,2020-11-28,0.8
101,√·√µ,2020-11-29,0.4
101,√·√µ,2020-11-30,-0.7
101,√·√µ,2020-12-01,-0.7
101,√·√µ,2020-12-02,0.8
101,√·√µ,2020-12-03,-0.3
101,√·√µ,2020-12-04,-1.5
101,√·√µ,2020-12-05,-1.6
101,√·√µ,2020-12-06,0.5
101,√·√µ,2020-12-07,1.0
101,√·√µ,2020-12-08,-1.3
101,√·√µ,2020-12-09,-1.8
101,√·√µ,2020-12-10,0.7
101,√·√µ,2020-12-11,0.7
101,√·√µ,2020-12-12,0.5
101,√·√µ,2020-12-13,-1.1
101,√·√µ,2020-12-14,-1.1
101,√·√µ,2020-12-15,-2.2
101,√·√µ,2020-12-16,-3.4
101,√·√µ,2020-12-17,-3.5
101,√·√µ,2020-12-18,-1.7
101,√·√µ,2020-12-19,-3.8
101,√·√µ,2020-12-20,-4.0
101,√·√µ,2020-12-21,-3.6
101,√·√µ,2020-12-22,-2.2
101,√·√µ,2020-12-23,-1.5
101,√·√µ,2020-12-24,-0.6
101,√·√µ,2020-12-25,-3.2
101,√·√µ,2020-12-26,-0.9
101,√·√µ,2020-12-27,0.5
101,√·√µ,2020-12-28,2.0
101,√·√µ,2020-12-29,-0.7
101,√·√µ,2020-12-30,-5.0
101,√·√µ,2020-12-31,-6.7
101,√·√µ,2021-01-01,-5.1
101,√·√µ,2021-01-02,-5.1
101,√·√µ,2021-01-03,-6.5
101,√·√µ,2021-01-04,-4.5
101,√·√µ,2021-01-05,-2.8
101,√·√µ,2021-01-06,-6.2
101,√·√µ,2021-01-07,-4.2
101,√·√µ,2021-01-08,-7.3
101,√·√µ,2021-01-09,-7.4
101,√·√µ,2021-01-10,-6.7
101,√·√µ,2021-01-11,-6.5
101,√·√µ,2021-01-12,-5.6
101,√·√µ,2021-01-13,-0.3
101,√·√µ,2021-01-14,-1.3
101,√·√µ,2021-01-15,-1.7
101,√·√µ,2021-01-16,-2.1
101,√·√µ,2021-01-17,-5.1
101,√·√µ,2021-01-18,-2.6
101,√·√µ,2021-01-19,-3.9
101,√·√µ,2021-01-20,-4.1
101,√·√µ,2021-01-21,-1.3
101,√·√µ,2021-01-22,0.8
101,√·√µ,2021-01-23,1.9
101,√·√µ,2021-01-24,3.2
101,√·√µ,2021-01-25,2.3
101,√·√µ,2021-01-26,0.5
101,√·√µ,2021-01-27,2.4
101,√·√µ,2021-01-28,-0.4
101,√·√µ,2021-01-29,-2.1
101,√·√µ,2021-01-30,-2.5
101,√·√µ,2021-01-31,-1.9
101,√·√µ,2021-02-01,1.3
101,√·√µ,2021-02-02,-0.9
101,√·√µ,2021-02-03,-2.0
101,√·√µ,2021-02-04,-0.1
101,√·√µ,2021-02-05,-0.3
101,√·√µ,2021-02-06,1.4
101,√·√µ,2021-02-07,2.0
101,√·√µ,2021-02-08,-0.2
101,√·√µ,2021-02-09,-0.1
101,√·√µ,2021-02-10,-0.1
101,√·√µ,2021-02-11,1.5
101,√·√µ,2021-02-12,2.5
101,√·√µ,2021-02-13,2.6
101,√·√µ,2021-02-14,2.7
101,√·√µ,2021-02-15,3.1
101,√·√µ,2021-02-16,-1.2
101,√·√µ,2021-02-17,-2.5
101,√·√µ,2021-02-18,-2.3
101,√·√µ,2021-02-19,-1.7
101,√·√µ,2021-02-20,3.7
101,√·√µ,2021-02-21,4.3
101,√·√µ,2021-02-22,3.9
101,√·√µ,2021-02-23,2.1
101,√·√µ,2021-02-24,2.0
101,√·√µ,2021-02-25,-0.2
101,√·√µ,2021-02-26,2.5
101,√·√µ,2021-02-27,4.4
101,√·√µ,2021-02-28,2.9
101,√·√µ,2021-03-01,2.0
101,√·√µ,2021-03-02,0.1
101,√·√µ,2021-03-03,0.2
101,√·√µ,2021-03-04,2.9
101,√·√µ,2021-03-05,5.8
101,√·√µ,2021-03-06,3.3
101,√·√µ,2021-03-07,4.9
101,√·√µ,2021-03-08,5.6
101,√·√µ,2021-03-09,5.2
101,√·√µ,2021-03-10,6.0
101,√·√µ,2021-03-11,7.7
101,√·√µ,2021-03-12,7.6
101,√·√µ,2021-03-13,9.2
101,√·√µ,2021-03-14,8.9
101,√·√µ,2021-03-15,8.7
101,√·√µ,2021-03-16,12.1
101,√·√µ,2021-03-17,9.8
101,√·√µ,2021-03-18,11.0
101,√·√µ,2021-03-19,14.5
101,√·√µ,2021-03-20,10.5
101,√·√µ,2021-03-21,9.8
101,√·√µ,2021-03-22,9.6
101,√·√µ,2021-03-23,9.0
101,√·√µ,2021-03-24,10.5
101,√·√µ,2021-03-25,12.8
101,√·√µ,2021-03-26,12.8
101,√·√µ,2021-03-27,9.9
101,√·√µ,2021-03-28,10.7
101,√·√µ,2021-03-29,11.5
101,√·√µ,2021-03-30,11.9
101,√·√µ,2021-03-31,13.8
101,√·√µ,2021-04-01,14.5
101,√·√µ,2021-04-02,17.6
101,√·√µ,2021-04-03,12.6
101,√·√µ,2021-04-04,11.7
101,√·√µ,2021-04-05,12.6
101,√·√µ,2021-04-06,12.9
101,√·√µ,2021-04-07,14.7
101,√·√µ,2021-04-08,14.7
101,√·√µ,2021-04-09,14.3
101,√·√µ,2021-04-10,14.9
101,√·√µ,2021-04-11,15.6
101,√·√µ,2021-04-12,13.5
101,√·√µ,2021-04-13,15.1
101,√·√µ,2021-04-14,12.8
101,√·√µ,2021-04-15,13.8
101,√·√µ,2021-04-16,11.6
101,√·√µ,2021-04-17,10.5
101,√·√µ,2021-04-18,13.1
101,√·√µ,2021-04-19,15.2
101,√·√µ,2021-04-20,17.6
101,√·√µ,2021-04-21,19.7
101,√·√µ,2021-04-22,19.2
101,√·√µ,2021-04-23,16.1
101,√·√µ,2021-04-24,16.2
101,√·√µ,2021-04-25,18.4
101,√·√µ,2021-04-26,18.3
101,√·√µ,2021-04-27,17.1
101,√·√µ,2021-04-28,16.8
101,√·√µ,2021-04-29,15.1
101,√·√µ,2021-04-30,13.9
101,√·√µ,2021-05-01,13.4
101,√·√µ,2021-05-02,16.7
101,√·√µ,2021-05-03,16.7
101,√·√µ,2021-05-04,13.4
101,√·√µ,2021-05-05,16.5
101,√·√µ,2021-05-06,16.4
101,√·√µ,2021-05-07,14.9
101,√·√µ,2021-05-08,16.3
101,√·√µ,2021-05-09,18.7
101,√·√µ,2021-05-10,14.1
101,√·√µ,2021-05-11,20.4
101,√·√µ,2021-05-12,21.6
101,√·√µ,2021-05-13,24.5
101,√·√µ,2021-05-14,26.2
101,√·√µ,2021-05-15,22.8
101,√·√µ,2021-05-16,18.6
101,√·√µ,2021-05-17,16.1
101,√·√µ,2021-05-18,20.6
101,√·√µ,2021-05-19,22.6
101,√·√µ,2021-05-20,17.7
101,√·√µ,2021-05-21,17.4
101,√·√µ,2021-05-22,21.3
101,√·√µ,2021-05-23,22.2
101,√·√µ,2021-05-24,23.8
101,√·√µ,2021-05-25,15.9
101,√·√µ,2021-05-26,19.2
101,√·√µ,2021-05-27,16.2
101,√·√µ,2021-05-28,17.1
101,√·√µ,2021-05-29,18.6
101,√·√µ,2021-05-30,21.2
101,√·√µ,2021-05-31,21.6
101,√·√µ,2021-06-01,20.8
101,√·√µ,2021-06-02,23.5
101,√·√µ,2021-06-03,21.2
101,√·√µ,2021-06-04,21.2
101,√·√µ,2021-06-05,20.9
101,√·√µ,2021-06-06,25.1
101,√·√µ,2021-06-07,22.8
101,√·√µ,2021-06-08,22.1
101,√·√µ,2021-06-09,26.1
101,√·√µ,2021-06-10,26.1
101,√·√µ,2021-06-11,23.3
101,√·√µ,2021-06-12,26.8
101,√·√µ,2021-06-13,29.4
101,√·√µ,2021-06-14,29.2
101,√·√µ,2021-06-15,22.8
101,√·√µ,2021-06-16,28.5
101,√·√µ,2021-06-17,23.2
101,√·√µ,2021-06-18,23.1
101,√·√µ,2021-06-19,28.3
101,√·√µ,2021-06-20,28.0
101,√·√µ,2021-06-21,28.3
101,√·√µ,2021-06-22,26.8
101,√·√µ,2021-06-23,26.9
101,√·√µ,2021-06-24,29.9
101,√·√µ,2021-06-25,30.6
101,√·√µ,2021-06-26,22.3
101,√·√µ,2021-06-27,26.8
101,√·√µ,2021-06-28,28.5
101,√·√µ,2021-06-29,25.7
101,√·√µ,2021-06-30,26.6
101,√·√µ,2021-07-01,31.1
101,√·√µ,2021-07-02,30.3
101,√·√µ,2021-07-03,20.9
101,√·√µ,2021-07-04,20.9
101,√·√µ,2021-07-05,26.5
101,√·√µ,2021-07-06,29.2
101,√·√µ,2021-07-07,29.9
101,√·√µ,2021-07-08,32.0
101,√·√µ,2021-07-09,30.7
101,√·√µ,2021-07-10,27.0
101,√·√µ,2021-07-11,28.3
101,√·√µ,2021-07-12,32.3
101,√·√µ,2021-07-13,31.9
101,√·√µ,2021-07-14,35.3
101,√·√µ,2021-07-15,35.2
101,√·√µ,2021-07-16,30.4
101,√·√µ,2021-07-17,29.1
101,√·√µ,2021-07-18,31.7
101,√·√µ,2021-07-19,30.8
101,√·√µ,2021-07-20,30.5
101,√·√µ,2021-07-21,33.3
101,√·√µ,2021-07-22,34.4
101,√·√µ,2021-07-23,34.8
101,√·√µ,2021-07-24,35.8
101,√·√µ,2021-07-25,35.8
101,√·√µ,2021-07-26,33.1
101,√·√µ,2021-07-27,34.0
101,√·√µ,2021-07-28,34.2
101,√·√µ,2021-07-29,32.4
101,√·√µ,2021-07-30,34.9
101,√·√µ,2021-07-31,31.8
101,√·√µ,2021-08-01,32.1
101,√·√µ,2021-08-02,28.2
101,√·√µ,2021-08-03,29.6
101,√·√µ,2021-08-04,31.3
101,√·√µ,2021-08-05,31.1
101,√·√µ,2021-08-06,32.4
101,√·√µ,2021-08-07,29.9
101,√·√µ,2021-08-08,28.6
101,√·√µ,2021-08-09,30.0
101,√·√µ,2021-08-10,30.3
101,√·√µ,2021-08-11,28.8
101,√·√µ,2021-08-12,31.1
101,√·√µ,2021-08-13,26.4
101,√·√µ,2021-08-14,27.6
101,√·√µ,2021-08-15,29.1
101,√·√µ,2021-08-16,32.7
101,√·√µ,2021-08-17,30.9
101,√·√µ,2021-08-18,27.5
101,√·√µ,2021-08-19,30.9
101,√·√µ,2021-08-20,28.8
101,√·√µ,2021-08-21,24.2
101,√·√µ,2021-08-22,24.9
101,√·√µ,2021-08-23,20.5
101,√·√µ,2021-08-24,23.0
101,√·√µ,2021-08-25,24.4
101,√·√µ,2021-08-26,25.8
101,√·√µ,2021-08-27,22.3
101,√·√µ,2021-08-28,26.1
101,√·√µ,2021-08-29,24.3
101,√·√µ,2021-08-30,22.9
101,√·√µ,2021-08-31,20.9
101,√·√µ,2021-09-01,22.1
101,√·√µ,2021-09-02,24.1
101,√·√µ,2021-09-03,27.6
101,√·√µ,2021-09-04,25.1
101,√·√µ,2021-09-05,24.2
101,√·√µ,2021-09-06,23.3
101,√·√µ,2021-09-07,20.1
101,√·√µ,2021-09-08,24.4
101,√·√µ,2021-09-09,25.1
101,√·√µ,2021-09-10,25.7
101,√·√µ,2021-09-11,25.8
101,√·√µ,2021-09-12,26.2
101,√·√µ,2021-09-13,26.6
101,√·√µ,2021-09-14,26.5
101,√·√µ,2021-09-15,25.8
101,√·√µ,2021-09-16,24.6
101,√·√µ,2021-09-17,25.7
101,√·√µ,2021-09-18,27.1
101,√·√µ,2021-09-19,25.3
101,√·√µ,2021-09-20,26.7
101,√·√µ,2021-09-21,23.5
101,√·√µ,2021-09-22,21.5
101,√·√µ,2021-09-23,22.4
101,√·√µ,2021-09-24,21.9
101,√·√µ,2021-09-25,19.8
101,√·√µ,2021-09-26,23.3
101,√·√µ,2021-09-27,20.6
101,√·√µ,2021-09-28,25.9
101,√·√µ,2021-09-29,20.3
101,√·√µ,2021-09-30,22.8
101,√·√µ,2021-10-01,23.8
101,√·√µ,2021-10-02,24.2
101,√·√µ,2021-10-03,22.7
101,√·√µ,2021-10-04,19.7
101,√·√µ,2021-10-05,21.7
101,√·√µ,2021-10-06,18.7
101,√·√µ,2021-10-07,20.0
101,√·√µ,2021-10-08,19.3
101,√·√µ,2021-10-09,20.2
101,√·√µ,2021-10-10,20.5
101,√·√µ,2021-10-11,17.8
101,√·√µ,2021-10-12,16.8
101,√·√µ,2021-10-13,18.0
101,√·√µ,2021-10-14,19.8
101,√·√µ,2021-10-15,18.8
101,√·√µ,2021-10-16,13.9
101,√·√µ,2021-10-17,7.9
101,√·√µ,2021-10-18,8.5
101,√·√µ,2021-10-19,11.1
101,√·√µ,2021-10-20,10.2
101,√·√µ,2021-10-21,9.5
101,√·√µ,2021-10-22,11.4
101,√·√µ,2021-10-23,10.8
101,√·√µ,2021-10-24,10.0
101,√·√µ,2021-10-25,10.2
101,√·√µ,2021-10-26,10.2
101,√·√µ,2021-10-27,11.5
101,√·√µ,2021-10-28,10.3
101,√·√µ,2021-10-29,10.0
101,√·√µ,2021-10-30,9.8
101,√·√µ,2021-10-31,11.2
101,√·√µ,2021-11-01,11.4
101,√·√µ,2021-11-02,11.1
101,√·√µ,2021-11-03,12.7
101,√·√µ,2021-11-04,9.1
101,√·√µ,2021-11-05,10.6
101,√·√µ,2021-11-06,9.1
101,√·√µ,2021-11-07,10.9
101,√·√µ,2021-11-08,9.7
101,√·√µ,2021-11-09,4.9
101,√·√µ,2021-11-10,4.3
101,√·√µ,2021-11-11,3.5
101,√·√µ,2021-11-12,3.0
101,√·√µ,2021-11-13,3.9
101,√·√µ,2021-11-14,7.2
101,√·√µ,2021-11-15,5.4
101,√·√µ,2021-11-16,4.4
101,√·√µ,2021-11-17,3.2
101,√·√µ,2021-11-18,7.2
101,√·√µ,2021-11-19,11.1
101,√·√µ,2021-11-20,6.8
101,√·√µ,2021-11-21,8.2
101,√·√µ,2021-11-22,2.9
101,√·√µ,2021-11-23,-0.7
101,√·√µ,2021-11-24,0.7
101,√·√µ,2021-11-25,2.3
101,√·√µ,2021-11-26,0.5
101,√·√µ,2021-11-27,0.3
101,√·√µ,2021-11-28,0.3
101,√·√µ,2021-11-29,3.0
101,√·√µ,2021-11-30,2.6
101,√·√µ,2021-12-01,-0.4
101,√·√µ,2021-12-02,-2.1
101,√·√µ,2021-12-03,0.3
101,√·√µ,2021-12-04,-1.1
101,√·√µ,2021-12-05,-0.6
101,√·√µ,2021-12-06,0.2
101,√·√µ,2021-12-07,1.2
101,√·√µ,2021-12-08,1.9
101,√·√µ,2021-12-09,1.3
101,√·√µ,2021-12-10,2.2
101,√·√µ,2021-12-11,3.6
101,√·√µ,2021-12-12,1.1
101,√·√µ,2021-12-13,-2.8
101,√·√µ,2021-12-14,0.1
101,√·√µ,2021-12-15,3.2
101,√·√µ,2021-12-16,3.8
101,√·√µ,2021-12-17,-2.1
101,√·√µ,2021-12-18,-4.7
101,√·√µ,2021-12-19,-1.0
101,√·√µ,2021-12-20,0.3
101,√·√µ,2021-12-21,1.4
101,√·√µ,2021-12-22,-1.0
101,√·√µ,2021-12-23,-1.1
101,√·√µ,2021-12-24,-0.5
101,√·√µ,2021-12-25,-4.5
101,√·√µ,2021-12-26,-7.8
101,√·√µ,2021-12-27,-8.1
101,√·√µ,2021-12-28,-4.2
101,√·√µ,2021-12-29,-2.0
101,√·√µ,2021-12-30,-3.7
101,√·√µ,2021-12-31,-6.2
101,√·√µ,2022-01-01,-6.6
101,√·√µ,2022-01-02,-2.0
101,√·√µ,2022-01-03,-4.6
101,√·√µ,2022-01-04,-3.6
101,√·√µ,2022-01-05,-4.4
101,√·√µ,2022-01-06,-4.4
101,√·√µ,2022-01-07,-5.0
101,√·√µ,2022-01-08,-3.8
101,√·√µ,2022-01-09,-0.6
101,√·√µ,2022-01-10,-1.6
101,√·√µ,2022-01-11,-3.2
101,√·√µ,2022-01-12,-6.8
101,√·√µ,2022-01-13,-7.5
101,√·√µ,2022-01-14,-7.0
101,√·√µ,2022-01-15,-3.6
101,√·√µ,2022-01-16,-1.4
101,√·√µ,2022-01-17,-7.1
101,√·√µ,2022-01-18,-6.3
101,√·√µ,2022-01-19,-4.7
101,√·√µ,2022-01-20,-4.9
101,√·√µ,2022-01-21,-5.7
101,√·√µ,2022-01-22,-4.3
101,√·√µ,2022-01-23,0.5
101,√·√µ,2022-01-24,0.2
101,√·√µ,2022-01-25,-0.1
101,√·√µ,2022-01-26,0.8
101,√·√µ,2022-01-27,-1.7
101,√·√µ,2022-01-28,-3.2
101,√·√µ,2022-01-29,-3.7
101,√·√µ,2022-01-30,-3.9
101,√·√µ,2022-01-31,-3.5
101,√·√µ,2022-02-01,0.2
101,√·√µ,2022-02-02,-2.2
101,√·√µ,2022-02-03,-3.2
101,√·√µ,2022-02-04,-4.2
101,√·√µ,2022-02-05,-5.4
101,√·√µ,2022-02-06,-3.6
101,√·√µ,2022-02-07,-3.5
101,√·√µ,2022-02-08,-0.7
101,√·√µ,2022-02-09,-0.9
101,√·√µ,2022-02-10,0.2
101,√·√µ,2022-02-11,0.2
101,√·√µ,2022-02-12,3.4
101,√·√µ,2022-02-13,1.1
101,√·√µ,2022-02-14,0.9
101,√·√µ,2022-02-15,0.0
101,√·√µ,2022-02-16,-3.6
101,√·√µ,2022-02-17,-3.7
101,√·√µ,2022-02-18,-1.4
101,√·√µ,2022-02-19,1.7
101,√·√µ,2022-02-20,-1.6
101,√·√µ,2022-02-21,-4.4
101,√·√µ,2022-02-22,-2.1
101,√·√µ,2022-02-23,-3.7
101,√·√µ,2022-02-24,-1.6
101,√·√µ,2022-02-25,0.4
101,√·√µ,2022-02-26,3.6
101,√·√µ,2022-02-27,2.6
101,√·√µ,2022-02-28,2.6
101,√·√µ,2022-03-01,3.5
101,√·√µ,2022-03-02,2.0
101,√·√µ,2022-03-03,3.3
101,√·√µ,2022-03-04,2.8
101,√·√µ,2022-03-05,3.6
101,√·√µ,2022-03-06,2.7
101,√·√µ,2022-03-07,0.9
101,√·√µ,2022-03-08,3.0
101,√·√µ,2022-03-09,4.9
101,√·√µ,2022-03-10,5.0
101,√·√µ,2022-03-11,6.4
101,√·√µ,2022-03-12,7.9
101,√·√µ,2022-03-13,10.8
101,√·√µ,2022-03-14,7.4
101,√·√µ,2022-03-15,7.7
101,√·√µ,2022-03-16,7.8
101,√·√µ,2022-03-17,9.0
101,√·√µ,2022-03-18,5.8
101,√·√µ,2022-03-19,3.8
101,√·√µ,2022-03-20,6.1
101,√·√µ,2022-03-21,4.8
101,√·√µ,2022-03-22,6.1
101,√·√µ,2022-03-23,4.5
101,√·√µ,2022-03-24,6.2
101,√·√µ,2022-03-25,8.7
101,√·√µ,2022-03-26,11.2
101,√·√µ,2022-03-27,7.8
101,√·√µ,2022-03-28,6.5
101,√·√µ,2022-03-29,7.3
101,√·√µ,2022-03-30,8.6
101,√·√µ,2022-03-31,10.5
101,√·√µ,2022-04-01,10.3
101,√·√µ,2022-04-02,10.0
101,√·√µ,2022-04-03,10.8
101,√·√µ,2022-04-04,11.7
101,√·√µ,2022-04-05,11.9
101,√·√µ,2022-04-06,12.7
101,√·√µ,2022-04-07,15.7
101,√·√µ,2022-04-08,14.5
101,√·√µ,2022-04-09,18.0
101,√·√µ,2022-04-10,18.7
101,√·√µ,2022-04-11,20.0
101,√·√µ,2022-04-12,22.1
101,√·√µ,2022-04-13,11.5
101,√·√µ,2022-04-14,11.4
101,√·√µ,2022-04-15,13.3
101,√·√µ,2022-04-16,15.4
101,√·√µ,2022-04-17,16.0
101,√·√µ,2022-04-18,17.7
101,√·√µ,2022-04-19,17.3
101,√·√µ,2022-04-20,18.2
101,√·√µ,2022-04-21,18.3
101,√·√µ,2022-04-22,16.3
101,√·√µ,2022-04-23,19.8
101,√·√µ,2022-04-24,20.7
101,√·√µ,2022-04-25,21.3
101,√·√µ,2022-04-26,25.1
101,√·√µ,2022-04-27,22.4
101,√·√µ,2022-04-28,21.0
101,√·√µ,2022-04-29,16.1
101,√·√µ,2022-04-30,12.4
101,√·√µ,2022-05-01,14.7
101,√·√µ,2022-05-02,14.3
101,√·√µ,2022-05-03,16.6
101,√·√µ,2022-05-04,19.2
101,√·√µ,2022-05-05,21.3
101,√·√µ,2022-05-06,22.4
101,√·√µ,2022-05-07,21.3
101,√·√µ,2022-05-08,15.7
101,√·√µ,2022-05-09,19.8
101,√·√µ,2022-05-10,20.6
101,√·√µ,2022-05-11,24.5
101,√·√µ,2022-05-12,24.9
101,√·√µ,2022-05-13,21.3
101,√·√µ,2022-05-14,19.9
101,√·√µ,2022-05-15,21.3
101,√·√µ,2022-05-16,21.4
101,√·√µ,2022-05-17,23.6
101,√·√µ,2022-05-18,21.1
101,√·√µ,2022-05-19,23.7
101,√·√µ,2022-05-20,23.8
101,√·√µ,2022-05-21,25.3
101,√·√µ,2022-05-22,23.2
101,√·√µ,2022-05-23,26.2
101,√·√µ,2022-05-24,28.0
101,√·√µ,2022-05-25,26.0
101,√·√µ,2022-05-26,21.1
101,√·√µ,2022-05-27,23.4
101,√·√µ,2022-05-28,25.2
101,√·√µ,2022-05-29,26.3
101,√·√µ,2022-05-30,21.9
101,√·√µ,2022-05-31,24.3
101,√·√µ,2022-06-01,25.3
101,√·√µ,2022-06-02,26.2
101,√·√µ,2022-06-03,29.3
101,√·√µ,2022-06-04,27.7
101,√·√µ,2022-06-05,22.5
101,√·√µ,2022-06-06,18.8
101,√·√µ,2022-06-07,19.6
101,√·√µ,2022-06-08,22.8
101,√·√µ,2022-06-09,20.1
101,√·√µ,2022-06-10,21.2
101,√·√µ,2022-06-11,24.3
101,√·√µ,2022-06-12,26.3
101,√·√µ,2022-06-13,22.4
101,√·√µ,2022-06-14,22.9
101,√·√µ,2022-06-15,19.4
101,√·√µ,2022-06-16,22.1
101,√·√µ,2022-06-17,24.3
101,√·√µ,2022-06-18,25.3
101,√·√µ,2022-06-19,26.1
101,√·√µ,2022-06-20,29.8
101,√·√µ,2022-06-21,30.9
101,√·√µ,2022-06-22,30.8
101,√·√µ,2022-06-23,24.8
101,√·√µ,2022-06-24,27.0
101,√·√µ,2022-06-25,27.8
101,√·√µ,2022-06-26,25.8
101,√·√µ,2022-06-27,26.9
101,√·√µ,2022-06-28,25.0
101,√·√µ,2022-06-29,25.3
101,√·√µ,2022-06-30,23.2
101,√·√µ,2022-07-01,28.0
101,√·√µ,2022-07-02,29.4
101,√·√µ,2022-07-03,31.4
101,√·√µ,2022-07-04,31.8
101,√·√µ,2022-07-05,31.5
101,√·√µ,2022-07-06,30.0
101,√·√µ,2022-07-07,29.8
101,√·√µ,2022-07-08,27.9
101,√·√µ,2022-07-09,30.4
101,√·√µ,2022-07-10,31.5
101,√·√µ,2022-07-11,28.6
101,√·√µ,2022-07-12,28.2
101,√·√µ,2022-07-13,25.5
101,√·√µ,2022-07-14,28.2
101,√·√µ,2022-07-15,28.5
101,√·√µ,2022-07-16,26.7
101,√·√µ,2022-07-17,27.6
101,√·√µ,2022-07-18,28.3
101,√·√µ,2022-07-19,29.2
101,√·√µ,2022-07-20,28.9
101,√·√µ,2022-07-21,24.9
101,√·√µ,2022-07-22,26.9
101,√·√µ,2022-07-23,27.3
101,√·√µ,2022-07-24,27.3
101,√·√µ,2022-07-25,29.7
101,√·√µ,2022-07-26,31.6
101,√·√µ,2022-07-27,31.6
101,√·√µ,2022-07-28,32.6
101,√·√µ,2022-07-29,34.9
101,√·√µ,2022-07-30,33.3
101,√·√µ,2022-07-31,28.2
101,√·√µ,2022-08-01,29.4
101,√·√µ,2022-08-02,28.3
101,√·√µ,2022-08-03,27.7
101,√·√µ,2022-08-04,31.2
101,√·√µ,2022-08-05,31.8
101,√·√µ,2022-08-06,30.9
101,√·√µ,2022-08-07,29.4
101,√·√µ,2022-08-08,26.4
101,√·√µ,2022-08-09,25.9
101,√·√µ,2022-08-10,29.1
101,√·√µ,2022-08-11,28.5
101,√·√µ,2022-08-12,30.7
101,√·√µ,2022-08-13,26.0
101,√·√µ,2022-08-14,28.0
101,√·√µ,2022-08-15,26.7
101,√·√µ,2022-08-16,29.7
101,√·√µ,2022-08-17,28.6
101,√·√µ,2022-08-18,28.3
101,√·√µ,2022-08-19,26.2
101,√·√µ,2022-08-20,30.4
101,√·√µ,2022-08-21,30.2
101,√·√µ,2022-08-22,27.8
101,√·√µ,2022-08-23,30.0
101,√·√µ,2022-08-24,26.7
101,√·√µ,2022-08-25,23.5
101,√·√µ,2022-08-26,28.0
101,√·√µ,2022-08-27,27.2
101,√·√µ,2022-08-28,26.6
101,√·√µ,2022-08-29,22.2
101,√·√µ,2022-08-30,20.9
101,√·√µ,2022-08-31,22.1
101,√·√µ,2022-09-01,24.7
101,√·√µ,2022-09-02,25.9
101,√·√µ,2022-09-03,23.9
101,√·√µ,2022-09-04,22.0
101,√·√µ,2022-09-05,20.7
101,√·√µ,2022-09-06,21.2
101,√·√µ,2022-09-07,22.7
101,√·√µ,2022-09-08,24.0
101,√·√µ,2022-09-09,24.8
101,√·√µ,2022-09-10,24.3
101,√·√µ,2022-09-11,24.3
101,√·√µ,2022-09-12,25.6
101,√·√µ,2022-09-13,24.0
101,√·√µ,2022-09-14,25.4
101,√·√µ,2022-09-15,25.8
101,√·√µ,2022-09-16,27.1
101,√·√µ,2022-09-17,28.2
101,√·√µ,2022-09-18,27.2
101,√·√µ,2022-09-19,24.9
101,√·√µ,2022-09-20,22.3
101,√·√µ,2022-09-21,22.1
101,√·√µ,2022-09-22,21.4
101,√·√µ,2022-09-23,19.1
101,√·√µ,2022-09-24,19.5
101,√·√µ,2022-09-25,21.0
101,√·√µ,2022-09-26,20.9
101,√·√µ,2022-09-27,22.0
101,√·√µ,2022-09-28,20.7
101,√·√µ,2022-09-29,22.4
101,√·√µ,2022-09-30,22.0
101,√·√µ,2022-10-01,21.7
101,√·√µ,2022-10-02,18.0
101,√·√µ,2022-10-03,18.5
101,√·√µ,2022-10-04,20.2
101,√·√µ,2022-10-05,17.7
101,√·√µ,2022-10-06,16.4
101,√·√µ,2022-10-07,16.0
101,√·√µ,2022-10-08,17.0
101,√·√µ,2022-10-09,14.3
101,√·√µ,2022-10-10,11.2
101,√·√µ,2022-10-11,13.4
101,√·√µ,2022-10-12,14.6
101,√·√µ,2022-10-13,16.1
101,√·√µ,2022-10-14,16.3
101,√·√µ,2022-10-15,18.3
101,√·√µ,2022-10-16,14.4
101,√·√µ,2022-10-17,14.9
101,√·√µ,2022-10-18,11.1
101,√·√µ,2022-10-19,10.7
101,√·√µ,2022-10-20,11.9
101,√·√µ,2022-10-21,13.3
101,√·√µ,2022-10-22,14.7
101,√·√µ,2022-10-23,12.5
101,√·√µ,2022-10-24,10.0
101,√·√µ,2022-10-25,10.5
101,√·√µ,2022-10-26,10.9
101,√·√µ,2022-10-27,12.2
101,√·√µ,2022-10-28,13.0
101,√·√µ,2022-10-29,13.4
101,√·√µ,2022-10-30,13.2
101,√·√µ,2022-10-31,13.1
101,√·√µ,2022-11-01,12.5
101,√·√µ,2022-11-02,10.8
101,√·√µ,2022-11-03,7.1
101,√·√µ,2022-11-04,5.2
101,√·√µ,2022-11-05,4.8
101,√·√µ,2022-11-06,6.2
101,√·√µ,2022-11-07,8.3
101,√·√µ,2022-11-08,10.1
101,√·√µ,2022-11-09,7.8
101,√·√µ,2022-11-10,10.1
101,√·√µ,2022-11-11,11.0
101,√·√µ,2022-11-12,11.9
101,√·√µ,2022-11-13,13.0
101,√·√µ,2022-11-14,8.9
101,√·√µ,2022-11-15,5.3
101,√·√µ,2022-11-16,8.8
101,√·√µ,2022-11-17,7.4
101,√·√µ,2022-11-18,7.1
101,√·√µ,2022-11-19,7.9
101,√·√µ,2022-11-20,8.9
101,√·√µ,2022-11-21,6.4
101,√·√µ,2022-11-22,7.6
101,√·√µ,2022-11-23,10.2
101,√·√µ,2022-11-24,6.4
101,√·√µ,2022-11-25,7.8
101,√·√µ,2022-11-26,5.3
101,√·√µ,2022-11-27,1.7
101,√·√µ,2022-11-28,4.0
101,√·√µ,2022-11-29,7.9
101,√·√µ,2022-11-30,-0.8
101,√·√µ,2022-12-01,-3.3
101,√·√µ,2022-12-02,-3.0
101,√·√µ,2022-12-03,-0.2
101,√·√µ,2022-12-04,-2.2
101,√·√µ,2022-12-05,-2.2
101,√·√µ,2022-12-06,-2.3
101,√·√µ,2022-12-07,-0.1
101,√·√µ,2022-12-08,-0.6
101,√·√µ,2022-12-09,-0.9
101,√·√µ,2022-12-10,-1.2
101,√·√µ,2022-12-11,-1.3
101,√·√µ,2022-12-12,-1.0
101,√·√µ,2022-12-13,0.0
101,√·√µ,2022-12-14,-5.5
101,√·√µ,2022-12-15,-2.9
101,√·√µ,2022-12-16,-1.4
101,√·√µ,2022-12-17,-2.5
101,√·√µ,2022-12-18,-4.3
101,√·√µ,2022-12-19,-4.2
101,√·√µ,2022-12-20,-4.3
101,√·√µ,2022-12-21,-1.5
101,√·√µ,2022-12-22,-1.9
101,√·√µ,2022-12-23,-3.4
101,√·√µ,2022-12-24,-4.0
101,√·√µ,2022-12-25,-3.5
101,√·√µ,2022-12-26,-3.4
101,√·√µ,2022-12-27,-3.0
101,√·√µ,2022-12-28,-2.8
101,√·√µ,2022-12-29,-3.3
101,√·√µ,2022-12-30,-2.2
101,√·√µ,2022-12-31,-2.9
101,√·√µ,2023-01-01,-1.9
101,√·√µ,2023-01-02,-3.8
101,√·√µ,2023-01-03,-4.6
101,√·√µ,2023-01-04,-4.8
101,√·√µ,2023-01-05,-4.3
101,√·√µ,2023-01-06,-3.4
101,√·√µ,2023-01-07,-0.6
101,√·√µ,2023-01-08,-0.6
101,√·√µ,2023-01-09,-0.2
101,√·√µ,2023-01-10,-1.0
101,√·√µ,2023-01-11,-1.1
101,√·√µ,2023-01-12,-0.5
101,√·√µ,2023-01-13,0.2
101,√·√µ,2023-01-14,1.0
101,√·√µ,2023-01-15,0.0
101,√·√µ,2023-01-16,-0.1
101,√·√µ,2023-01-17,-0.2
101,√·√µ,2023-01-18,-0.7
101,√·√µ,2023-01-19,-1.9
101,√·√µ,2023-01-20,-1.2
101,√·√µ,2023-01-21,-3.5
101,√·√µ,2023-01-22,-2.4
101,√·√µ,2023-01-23,-1.9
101,√·√µ,2023-01-24,-6.6
101,√·√µ,2023-01-25,-8.4
101,√·√µ,2023-01-26,-4.7
101,√·√µ,2023-01-27,-5.0
101,√·√µ,2023-01-28,-6.7
101,√·√µ,2023-01-29,-5.0
101,√·√µ,2023-01-30,-2.8
101,√·√µ,2023-01-31,-3.4
101,√·√µ,2023-02-01,-2.0
101,√·√µ,2023-02-02,-3.0
101,√·√µ,2023-02-03,-2.3
101,√·√µ,2023-02-04,-3.2
101,√·√µ,2023-02-05,-2.6
101,√·√µ,2023-02-06,-1.3
101,√·√µ,2023-02-07,-0.8
101,√·√µ,2023-02-08,-0.1
101,√·√µ,2023-02-09,0.2
101,√·√µ,2023-02-10,0.9
101,√·√µ,2023-02-11,0.2
101,√·√µ,2023-02-12,0.6
101,√·√µ,2023-02-13,3.2
101,√·√µ,2023-02-14,3.1
101,√·√µ,2023-02-15,2.2
101,√·√µ,2023-02-16,0.8
101,√·√µ,2023-02-17,1.0
101,√·√µ,2023-02-18,0.0
101,√·√µ,2023-02-19,3.6
101,√·√µ,2023-02-20,0.7
101,√·√µ,2023-02-21,0.1
101,√·√µ,2023-02-22,0.9
101,√·√µ,2023-02-23,2.6
101,√·√µ,2023-02-24,3.5
101,√·√µ,2023-02-25,1.5
101,√·√µ,2023-02-26,1.6
101,√·√µ,2023-02-27,2.9
101,√·√µ,2023-02-28,3.5
101,√·√µ,2023-03-01,3.3
101,√·√µ,2023-03-02,2.3
101,√·√µ,2023-03-03,2.6
101,√·√µ,2023-03-04,4.5
101,√·√µ,2023-03-05,4.8
101,√·√µ,2023-03-06,4.7
101,√·√µ,2023-03-07,6.4
101,√·√µ,2023-03-08,4.2
101,√·√µ,2023-03-09,8.5
101,√·√µ,2023-03-10,8.6
101,√·√µ,2023-03-11,10.1
101,√·√µ,2023-03-12,4.2
101,√·√µ,2023-03-13,3.3
101,√·√µ,2023-03-14,6.9
101,√·√µ,2023-03-15,7.8
101,√·√µ,2023-03-16,5.4
101,√·√µ,2023-03-17,6.5
101,√·√µ,2023-03-18,7.7
101,√·√µ,2023-03-19,8.1
101,√·√µ,2023-03-20,8.6
101,√·√µ,2023-03-21,11.5
101,√·√µ,2023-03-22,15.5
101,√·√µ,2023-03-23,17.2
101,√·√µ,2023-03-24,13.9
101,√·√µ,2023-03-25,16.7
101,√·√µ,2023-03-26,14.0
101,√·√µ,2023-03-27,10.1
101,√·√µ,2023-03-28,9.8
101,√·√µ,2023-03-29,12.2
101,√·√µ,2023-03-30,12.3
101,√·√µ,2023-03-31,15.2
101,√·√µ,2023-04-01,17.7
101,√·√µ,2023-04-02,18.3
101,√·√µ,2023-04-03,18.0
101,√·√µ,2023-04-04,17.2
101,√·√µ,2023-04-05,13.6
101,√·√µ,2023-04-06,11.4
101,√·√µ,2023-04-07,9.8
101,√·√µ,2023-04-08,9.4
101,√·√µ,2023-04-09,11.7
101,√·√µ,2023-04-10,13.8
101,√·√µ,2023-04-11,10.5
101,√·√µ,2023-04-12,10.5
101,√·√µ,2023-04-13,11.0
101,√·√µ,2023-04-14,14.8
101,√·√µ,2023-04-15,12.3
101,√·√µ,2023-04-16,12.5
101,√·√µ,2023-04-17,10.8
101,√·√µ,2023-04-18,14.3
101,√·√µ,2023-04-19,19.5
101,√·√µ,2023-04-20,18.6
101,√·√µ,2023-04-21,18.7
101,√·√µ,2023-04-22,16.5
101,√·√µ,2023-04-23,16.3
101,√·√µ,2023-04-24,19.3
101,√·√µ,2023-04-25,11.8
101,√·√µ,2023-04-26,13.5
101,√·√µ,2023-04-27,16.0
101,√·√µ,2023-04-28,18.2
101,√·√µ,2023-04-29,15.0
101,√·√µ,2023-04-30,14.9
101,√·√µ,2023-05-01,16.4
101,√·√µ,2023-05-02,16.6
101,√·√µ,2023-05-03,21.0
101,√·√µ,2023-05-04,22.3
101,√·√µ,2023-05-05,18.0
101,√·√µ,2023-05-06,12.9
101,√·√µ,2023-05-07,11.8
101,√·√µ,2023-05-08,16.6
101,√·√µ,2023-05-09,19.6
101,√·√µ,2023-05-10,19.9
101,√·√µ,2023-05-11,22.6
101,√·√µ,2023-05-12,21.4
101,√·√µ,2023-05-13,21.6
101,√·√µ,2023-05-14,23.1
101,√·√µ,2023-05-15,22.4
101,√·√µ,2023-05-16,25.7
101,√·√µ,2023-05-17,25.4
101,√·√µ,2023-05-18,22.0
101,√·√µ,2023-05-19,25.0
101,√·√µ,2023-05-20,24.7
101,√·√µ,2023-05-21,25.6
101,√·√µ,2023-05-22,25.1
101,√·√µ,2023-05-23,25.4
101,√·√µ,2023-05-24,24.5
101,√·√µ,2023-05-25,27.3
101,√·√µ,2023-05-26,26.9
101,√·√µ,2023-05-27,20.8
101,√·√µ,2023-05-28,20.9
101,√·√µ,2023-05-29,25.8
101,√·√µ,2023-05-30,24.7
101,√·√µ,2023-05-31,26.3
101,√·√µ,2023-06-01,24.0
101,√·√µ,2023-06-02,26.0
101,√·√µ,2023-06-03,27.9
101,√·√µ,2023-06-04,27.5
101,√·√µ,2023-06-05,27.5
101,√·√µ,2023-06-06,26.4
101,√·√µ,2023-06-07,29.4
101,√·√µ,2023-06-08,25.2
101,√·√µ,2023-06-09,24.7
101,√·√µ,2023-06-10,24.2
101,√·√µ,2023-06-11,24.2
101,√·√µ,2023-06-12,24.2
101,√·√µ,2023-06-13,24.6
101,√·√µ,2023-06-14,26.1
101,√·√µ,2023-06-15,27.2
101,√·√µ,2023-06-16,29.7
101,√·√µ,2023-06-17,30.6
101,√·√µ,2023-06-18,31.7
101,√·√µ,2023-06-19,32.5
101,√·√µ,2023-06-20,26.2
101,√·√µ,2023-06-21,22.9
101,√·√µ,2023-06-22,25.4
101,√·√µ,2023-06-23,27.2
101,√·√µ,2023-06-24,31.1
101,√·√µ,2023-06-25,35.6
101,√·√µ,2023-06-26,23.8
101,√·√µ,2023-06-27,28.3
101,√·√µ,2023-06-28,30.5
101,√·√µ,2023-06-29,24.8
101,√·√µ,2023-06-30,28.6
101,√·√µ,2023-07-01,31.8
101,√·√µ,2023-07-02,30.8
101,√·√µ,2023-07-03,33.6
101,√·√µ,2023-07-04,30.8
101,√·√µ,2023-07-05,27.4
101,√·√µ,2023-07-06,28.0
101,√·√µ,2023-07-07,29.1
101,√·√µ,2023-07-08,30.5
101,√·√µ,2023-07-09,29.3
101,√·√µ,2023-07-10,28.4
101,√·√µ,2023-07-11,24.7
101,√·√µ,2023-07-12,28.3
101,√·√µ,2023-07-13,26.1
101,√·√µ,2023-07-14,24.7
101,√·√µ,2023-07-15,24.5
101,√·√µ,2023-07-16,26.0
101,√·√µ,2023-07-17,27.1
101,√·√µ,2023-07-18,26.1
101,√·√µ,2023-07-19,31.3
101,√·√µ,2023-07-20,30.1
101,√·√µ,2023-07-21,31.6
101,√·√µ,2023-07-22,33.0
101,√·√µ,2023-07-23,26.3
101,√·√µ,2023-07-24,29.2
101,√·√µ,2023-07-25,31.1
101,√·√µ,2023-07-26,29.0
101,√·√µ,2023-07-27,31.9
101,√·√µ,2023-07-28,32.4
101,√·√µ,2023-07-29,32.4
101,√·√µ,2023-07-30,34.6
101,√·√µ,2023-07-31,33.3
101,√·√µ,2023-08-01,35.6
101,√·√µ,2023-08-02,34.0
101,√·√µ,2023-08-03,36.9
101,√·√µ,2023-08-04,37.2
101,√·√µ,2023-08-05,38.7
101,√·√µ,2023-08-06,38.0
101,√·√µ,2023-08-07,38.2
101,√·√µ,2023-08-08,37.1
101,√·√µ,2023-08-09,30.7
101,√·√µ,2023-08-10,23.2
101,√·√µ,2023-08-11,24.4
101,√·√µ,2023-08-12,26.4
101,√·√µ,2023-08-13,28.4
101,√·√µ,2023-08-14,31.5
101,√·√µ,2023-08-15,33.6
101,√·√µ,2023-08-16,33.3
101,√·√µ,2023-08-17,33.3
101,√·√µ,2023-08-18,35.8
101,√·√µ,2023-08-19,34.4
101,√·√µ,2023-08-20,33.7
101,√·√µ,2023-08-21,35.4
101,√·√µ,2023-08-22,33.5
101,√·√µ,2023-08-23,26.8
101,√·√µ,2023-08-24,24.9
101,√·√µ,2023-08-25,28.7
101,√·√µ,2023-08-26,28.3
101,√·√µ,2023-08-27,26.7
101,√·√µ,2023-08-28,23.4
101,√·√µ,2023-08-29,24.1
101,√·√µ,2023-08-30,24.4
101,√·√µ,2023-08-31,25.8
101,√·√µ,2023-09-01,26.1
101,√·√µ,2023-09-02,25.6
101,√·√µ,2023-09-03,25.7
101,√·√µ,2023-09-04,27.4
101,√·√µ,2023-09-05,29.3
101,√·√µ,2023-09-06,29.6
101,√·√µ,2023-09-07,27.8
101,√·√µ,2023-09-08,27.9
101,√·√µ,2023-09-09,28.6
101,√·√µ,2023-09-10,30.7
101,√·√µ,2023-09-11,28.9
101,√·√µ,2023-09-12,28.2
101,√·√µ,2023-09-13,22.9
101,√·√µ,2023-09-14,24.1
101,√·√µ,2023-09-15,22.8
101,√·√µ,2023-09-16,24.4
101,√·√µ,2023-09-17,26.1
101,√·√µ,2023-09-18,26.2
101,√·√µ,2023-09-19,24.3
101,√·√µ,2023-09-20,22.8
101,√·√µ,2023-09-21,21.0
101,√·√µ,2023-09-22,20.9
101,√·√µ,2023-09-23,21.3
101,√·√µ,2023-09-24,20.8
101,√·√µ,2023-09-25,22.9
101,√·√µ,2023-09-26,21.9
101,√·√µ,2023-09-27,23.1
101,√·√µ,2023-09-28,23.7
101,√·√µ,2023-09-29,21.7
101,√·√µ,2023-09-30,20.3
101,√·√µ,2023-10-01,19.7
101,√·√µ,2023-10-02,17.3
101,√·√µ,2023-10-03,16.7
101,√·√µ,2023-10-04,17.0
101,√·√µ,2023-10-05,15.3
101,√·√µ,2023-10-06,14.5
101,√·√µ,2023-10-07,16.2
101,√·√µ,2023-10-08,16.1
101,√·√µ,2023-10-09,15.9
101,√·√µ,2023-10-10,16.5
101,√·√µ,2023-10-11,15.7
101,√·√µ,2023-10-12,15.4
101,√·√µ,2023-10-13,16.8
101,√·√µ,2023-10-14,15.2
101,√·√µ,2023-10-15,16.0
101,√·√µ,2023-10-16,15.4
101,√·√µ,2023-10-17,12.7
101,√·√µ,2023-10-18,13.1
101,√·√µ,2023-10-19,15.1
101,√·√µ,2023-10-20,13.5
101,√·√µ,2023-10-21,9.6
101,√·√µ,2023-10-22,10.1
101,√·√µ,2023-10-23,12.7
101,√·√µ,2023-10-24,13.6
101,√·√µ,2023-10-25,14.5
101,√·√µ,2023-10-26,13.9
101,√·√µ,2023-10-27,14.1
101,√·√µ,2023-10-28,11.8
101,√·√µ,2023-10-29,11.6
101,√·√µ,2023-10-30,11.5
101,√·√µ,2023-10-31,12.8
101,√·√µ,2023-11-01,14.4
101,√·√µ,2023-11-02,16.5
101,√·√µ,2023-11-03,15.4
101,√·√µ,2023-11-04,16.1
101,√·√µ,2023-11-05,16.2
101,√·√µ,2023-11-06,15.2
101,√·√µ,2023-11-07,8.4
101,√·√µ,2023-11-08,6.8
101,√·√µ,2023-11-09,8.8
101,√·√µ,2023-11-10,7.3
101,√·√µ,2023-11-11,2.7
101,√·√µ,2023-11-12,1.8
101,√·√µ,2023-11-13,1.6
101,√·√µ,2023-11-14,2.1
101,√·√µ,2023-11-15,2.9
101,√·√µ,2023-11-16,4.1
101,√·√µ,2023-11-17,3.7
101,√·√µ,2023-11-18,0.9
101,√·√µ,2023-11-19,1.8
101,√·√µ,2023-11-20,2.3
101,√·√µ,2023-11-21,2.3
101,√·√µ,2023-11-22,3.8
101,√·√µ,2023-11-23,7.5
101,√·√µ,2023-11-24,1.2
101,√·√µ,2023-11-25,-1.0
101,√·√µ,2023-11-26,1.6
101,√·√µ,2023-11-27,3.6
101,√·√µ,2023-11-28,2.1
101,√·√µ,2023-11-29,-0.6
101,√·√µ,2023-11-30,-1.9
101,√·√µ,2023-12-01,-2.7
101,√·√µ,2023-12-02,-1.7
101,√·√µ,2023-12-03,-1.2
101,√·√µ,2023-12-04,-1.5
101,√·√µ,2023-12-05,-0.1
101,√·√µ,2023-12-06,-0.2
101,√·√µ,2023-12-07,1.3
101,√·√µ,2023-12-08,4.3
101,√·√µ,2023-12-09,9.7
101,√·√µ,2023-12-10,7.9
101,√·√µ,2023-12-11,7.2
101,√·√µ,2023-12-12,4.5
101,√·√µ,2023-12-13,4.0
101,√·√µ,2023-12-14,5.6
101,√·√µ,2023-12-15,4.3
101,√·√µ,2023-12-16,1.4
101,√·√µ,2023-12-17,-3.7
101,√·√µ,2023-12-18,-4.5
101,√·√µ,2023-12-19,-2.9
101,√·√µ,2023-12-20,-2.9
101,√·√µ,2023-12-21,-6.6
101,√·√µ,2023-12-22,-7.2
101,√·√µ,2023-12-23,-6.7
101,√·√µ,2023-12-24,-4.6
101,√·√µ,2023-12-25,-2.0
101,√·√µ,2023-12-26,-1.5
101,√·√µ,2023-12-27,-2.0
101,√·√µ,2023-12-28,-1.7
101,√·√µ,2023-12-29,-2.9
101,√·√µ,2023-12-30,-2.1
101,√·√µ,2023-12-31,-0.1
101,√·√µ,2024-01-01,0.0
