瘤痢,瘤痢疙,老矫,乞闭 瘤搁柯档(∑C)
212,全玫,2017-01-01,-0.5
212,全玫,2017-01-02,0.4
212,全玫,2017-01-03,0.0
212,全玫,2017-01-04,0.1
212,全玫,2017-01-05,-0.2
212,全玫,2017-01-06,1.2
212,全玫,2017-01-07,0.7
212,全玫,2017-01-08,2.8
212,全玫,2017-01-09,2.9
212,全玫,2017-01-10,-1.3
212,全玫,2017-01-11,-3.0
212,全玫,2017-01-12,-2.4
212,全玫,2017-01-13,-3.4
212,全玫,2017-01-14,-5.2
212,全玫,2017-01-15,-5.7
212,全玫,2017-01-16,-5.2
212,全玫,2017-01-17,-4.6
212,全玫,2017-01-18,-2.8
212,全玫,2017-01-19,-2.5
212,全玫,2017-01-20,-1.7
212,全玫,2017-01-21,-2.4
212,全玫,2017-01-22,-1.7
212,全玫,2017-01-23,-3.1
212,全玫,2017-01-24,-3.5
212,全玫,2017-01-25,-3.4
212,全玫,2017-01-26,-2.9
212,全玫,2017-01-27,-1.0
212,全玫,2017-01-28,-2.0
212,全玫,2017-01-29,-0.8
212,全玫,2017-01-30,-0.5
212,全玫,2017-01-31,-0.8
212,全玫,2017-02-01,-1.3
212,全玫,2017-02-02,-1.8
212,全玫,2017-02-03,-0.9
212,全玫,2017-02-04,-1.2
212,全玫,2017-02-05,-0.3
212,全玫,2017-02-06,-0.3
212,全玫,2017-02-07,-0.9
212,全玫,2017-02-08,-1.2
212,全玫,2017-02-09,-1.6
212,全玫,2017-02-10,-2.6
212,全玫,2017-02-11,-2.5
212,全玫,2017-02-12,-2.0
212,全玫,2017-02-13,-2.4
212,全玫,2017-02-14,-1.1
212,全玫,2017-02-15,-0.6
212,全玫,2017-02-16,0.7
212,全玫,2017-02-17,2.8
212,全玫,2017-02-18,-0.4
212,全玫,2017-02-19,-0.3
212,全玫,2017-02-20,1.4
212,全玫,2017-02-21,0.0
212,全玫,2017-02-22,-0.1
212,全玫,2017-02-23,1.4
212,全玫,2017-02-24,0.3
212,全玫,2017-02-25,0.7
212,全玫,2017-02-26,2.2
212,全玫,2017-02-27,2.2
212,全玫,2017-02-28,2.7
212,全玫,2017-03-01,3.2
212,全玫,2017-03-02,3.4
212,全玫,2017-03-03,3.3
212,全玫,2017-03-04,4.3
212,全玫,2017-03-05,4.4
212,全玫,2017-03-06,3.8
212,全玫,2017-03-07,2.0
212,全玫,2017-03-08,1.6
212,全玫,2017-03-09,2.9
212,全玫,2017-03-10,3.7
212,全玫,2017-03-11,4.7
212,全玫,2017-03-12,5.3
212,全玫,2017-03-13,6.5
212,全玫,2017-03-14,5.2
212,全玫,2017-03-15,5.5
212,全玫,2017-03-16,5.7
212,全玫,2017-03-17,6.8
212,全玫,2017-03-18,8.7
212,全玫,2017-03-19,8.9
212,全玫,2017-03-20,6.9
212,全玫,2017-03-21,7.1
212,全玫,2017-03-22,8.5
212,全玫,2017-03-23,9.4
212,全玫,2017-03-24,9.0
212,全玫,2017-03-25,5.7
212,全玫,2017-03-26,8.7
212,全玫,2017-03-27,6.4
212,全玫,2017-03-28,8.8
212,全玫,2017-03-29,9.6
212,全玫,2017-03-30,11.0
212,全玫,2017-03-31,7.5
212,全玫,2017-04-01,10.0
212,全玫,2017-04-02,9.9
212,全玫,2017-04-03,11.4
212,全玫,2017-04-04,12.6
212,全玫,2017-04-05,10.6
212,全玫,2017-04-06,14.1
212,全玫,2017-04-07,17.0
212,全玫,2017-04-08,17.3
212,全玫,2017-04-09,15.6
212,全玫,2017-04-10,16.5
212,全玫,2017-04-11,15.9
212,全玫,2017-04-12,14.9
212,全玫,2017-04-13,15.0
212,全玫,2017-04-14,13.0
212,全玫,2017-04-15,17.2
212,全玫,2017-04-16,18.3
212,全玫,2017-04-17,13.1
212,全玫,2017-04-18,11.7
212,全玫,2017-04-19,13.9
212,全玫,2017-04-20,13.1
212,全玫,2017-04-21,14.3
212,全玫,2017-04-22,16.9
212,全玫,2017-04-23,16.9
212,全玫,2017-04-24,16.8
212,全玫,2017-04-25,17.8
212,全玫,2017-04-26,19.5
212,全玫,2017-04-27,16.2
212,全玫,2017-04-28,18.2
212,全玫,2017-04-29,19.5
212,全玫,2017-04-30,21.2
212,全玫,2017-05-01,23.7
212,全玫,2017-05-02,22.7
212,全玫,2017-05-03,24.3
212,全玫,2017-05-04,23.8
212,全玫,2017-05-05,27.0
212,全玫,2017-05-06,22.9
212,全玫,2017-05-07,22.5
212,全玫,2017-05-08,21.4
212,全玫,2017-05-09,18.9
212,全玫,2017-05-10,17.5
212,全玫,2017-05-11,22.1
212,全玫,2017-05-12,18.5
212,全玫,2017-05-13,19.7
212,全玫,2017-05-14,18.1
212,全玫,2017-05-15,17.7
212,全玫,2017-05-16,20.8
212,全玫,2017-05-17,23.5
212,全玫,2017-05-18,25.3
212,全玫,2017-05-19,26.0
212,全玫,2017-05-20,26.3
212,全玫,2017-05-21,28.2
212,全玫,2017-05-22,27.7
212,全玫,2017-05-23,23.0
212,全玫,2017-05-24,26.9
212,全玫,2017-05-25,24.6
212,全玫,2017-05-26,22.4
212,全玫,2017-05-27,26.8
212,全玫,2017-05-28,25.4
212,全玫,2017-05-29,28.2
212,全玫,2017-05-30,27.2
212,全玫,2017-05-31,27.0
212,全玫,2017-06-01,24.3
212,全玫,2017-06-02,25.4
212,全玫,2017-06-03,27.6
212,全玫,2017-06-04,29.4
212,全玫,2017-06-05,31.6
212,全玫,2017-06-06,21.8
212,全玫,2017-06-07,18.8
212,全玫,2017-06-08,22.9
212,全玫,2017-06-09,22.2
212,全玫,2017-06-10,24.8
212,全玫,2017-06-11,26.2
212,全玫,2017-06-12,26.9
212,全玫,2017-06-13,26.1
212,全玫,2017-06-14,27.7
212,全玫,2017-06-15,29.3
212,全玫,2017-06-16,31.1
212,全玫,2017-06-17,32.4
212,全玫,2017-06-18,33.0
212,全玫,2017-06-19,32.0
212,全玫,2017-06-20,31.5
212,全玫,2017-06-21,34.0
212,全玫,2017-06-22,31.7
212,全玫,2017-06-23,34.0
212,全玫,2017-06-24,26.8
212,全玫,2017-06-25,26.3
212,全玫,2017-06-26,25.9
212,全玫,2017-06-27,30.1
212,全玫,2017-06-28,32.9
212,全玫,2017-06-29,28.0
212,全玫,2017-06-30,29.3
212,全玫,2017-07-01,27.3
212,全玫,2017-07-02,25.6
212,全玫,2017-07-03,25.3
212,全玫,2017-07-04,29.0
212,全玫,2017-07-05,30.0
212,全玫,2017-07-06,30.0
212,全玫,2017-07-07,28.0
212,全玫,2017-07-08,26.5
212,全玫,2017-07-09,29.1
212,全玫,2017-07-10,25.8
212,全玫,2017-07-11,28.1
212,全玫,2017-07-12,29.8
212,全玫,2017-07-13,28.4
212,全玫,2017-07-14,29.6
212,全玫,2017-07-15,25.5
212,全玫,2017-07-16,26.6
212,全玫,2017-07-17,27.7
212,全玫,2017-07-18,28.9
212,全玫,2017-07-19,30.0
212,全玫,2017-07-20,31.3
212,全玫,2017-07-21,29.6
212,全玫,2017-07-22,28.3
212,全玫,2017-07-23,26.7
212,全玫,2017-07-24,27.4
212,全玫,2017-07-25,31.0
212,全玫,2017-07-26,29.8
212,全玫,2017-07-27,27.6
212,全玫,2017-07-28,26.0
212,全玫,2017-07-29,27.4
212,全玫,2017-07-30,28.7
212,全玫,2017-07-31,25.9
212,全玫,2017-08-01,29.0
212,全玫,2017-08-02,29.6
212,全玫,2017-08-03,28.9
212,全玫,2017-08-04,30.1
212,全玫,2017-08-05,32.4
212,全玫,2017-08-06,31.2
212,全玫,2017-08-07,31.9
212,全玫,2017-08-08,29.9
212,全玫,2017-08-09,26.3
212,全玫,2017-08-10,26.3
212,全玫,2017-08-11,27.7
212,全玫,2017-08-12,27.1
212,全玫,2017-08-13,25.4
212,全玫,2017-08-14,24.7
212,全玫,2017-08-15,22.5
212,全玫,2017-08-16,24.4
212,全玫,2017-08-17,25.0
212,全玫,2017-08-18,25.6
212,全玫,2017-08-19,27.0
212,全玫,2017-08-20,24.5
212,全玫,2017-08-21,25.6
212,全玫,2017-08-22,28.7
212,全玫,2017-08-23,27.0
212,全玫,2017-08-24,25.9
212,全玫,2017-08-25,25.9
212,全玫,2017-08-26,23.5
212,全玫,2017-08-27,22.5
212,全玫,2017-08-28,22.7
212,全玫,2017-08-29,22.7
212,全玫,2017-08-30,19.7
212,全玫,2017-08-31,22.3
212,全玫,2017-09-01,23.5
212,全玫,2017-09-02,23.7
212,全玫,2017-09-03,23.9
212,全玫,2017-09-04,24.6
212,全玫,2017-09-05,20.4
212,全玫,2017-09-06,20.9
212,全玫,2017-09-07,23.4
212,全玫,2017-09-08,26.0
212,全玫,2017-09-09,24.0
212,全玫,2017-09-10,23.5
212,全玫,2017-09-11,21.5
212,全玫,2017-09-12,22.8
212,全玫,2017-09-13,22.4
212,全玫,2017-09-14,22.2
212,全玫,2017-09-15,21.8
212,全玫,2017-09-16,19.6
212,全玫,2017-09-17,20.6
212,全玫,2017-09-18,21.8
212,全玫,2017-09-19,21.7
212,全玫,2017-09-20,20.8
212,全玫,2017-09-21,19.8
212,全玫,2017-09-22,19.7
212,全玫,2017-09-23,20.1
212,全玫,2017-09-24,22.2
212,全玫,2017-09-25,23.0
212,全玫,2017-09-26,22.6
212,全玫,2017-09-27,21.7
212,全玫,2017-09-28,20.2
212,全玫,2017-09-29,16.1
212,全玫,2017-09-30,18.2
212,全玫,2017-10-01,16.9
212,全玫,2017-10-02,20.2
212,全玫,2017-10-03,19.2
212,全玫,2017-10-04,17.3
212,全玫,2017-10-05,16.6
212,全玫,2017-10-06,17.6
212,全玫,2017-10-07,20.7
212,全玫,2017-10-08,20.9
212,全玫,2017-10-09,20.4
212,全玫,2017-10-10,20.6
212,全玫,2017-10-11,17.6
212,全玫,2017-10-12,15.4
212,全玫,2017-10-13,14.7
212,全玫,2017-10-14,14.7
212,全玫,2017-10-15,14.3
212,全玫,2017-10-16,15.8
212,全玫,2017-10-17,15.4
212,全玫,2017-10-18,14.7
212,全玫,2017-10-19,16.5
212,全玫,2017-10-20,15.0
212,全玫,2017-10-21,14.1
212,全玫,2017-10-22,11.5
212,全玫,2017-10-23,11.5
212,全玫,2017-10-24,10.6
212,全玫,2017-10-25,11.1
212,全玫,2017-10-26,11.9
212,全玫,2017-10-27,14.8
212,全玫,2017-10-28,13.8
212,全玫,2017-10-29,12.6
212,全玫,2017-10-30,7.0
212,全玫,2017-10-31,6.6
212,全玫,2017-11-01,11.4
212,全玫,2017-11-02,13.7
212,全玫,2017-11-03,12.8
212,全玫,2017-11-04,8.5
212,全玫,2017-11-05,6.3
212,全玫,2017-11-06,9.1
212,全玫,2017-11-07,11.6
212,全玫,2017-11-08,11.2
212,全玫,2017-11-09,6.4
212,全玫,2017-11-10,6.5
212,全玫,2017-11-11,3.5
212,全玫,2017-11-12,2.5
212,全玫,2017-11-13,4.7
212,全玫,2017-11-14,5.7
212,全玫,2017-11-15,0.7
212,全玫,2017-11-16,-0.3
212,全玫,2017-11-17,0.7
212,全玫,2017-11-18,0.1
212,全玫,2017-11-19,-2.9
212,全玫,2017-11-20,-2.8
212,全玫,2017-11-21,1.4
212,全玫,2017-11-22,1.0
212,全玫,2017-11-23,-1.6
212,全玫,2017-11-24,-0.4
212,全玫,2017-11-25,-1.0
212,全玫,2017-11-26,3.3
212,全玫,2017-11-27,2.3
212,全玫,2017-11-28,2.8
212,全玫,2017-11-29,3.8
212,全玫,2017-11-30,-0.8
212,全玫,2017-12-01,-3.8
212,全玫,2017-12-02,-1.8
212,全玫,2017-12-03,1.0
212,全玫,2017-12-04,0.4
212,全玫,2017-12-05,-4.2
212,全玫,2017-12-06,-0.4
212,全玫,2017-12-07,-0.1
212,全玫,2017-12-08,-4.0
212,全玫,2017-12-09,-3.5
212,全玫,2017-12-10,-1.0
212,全玫,2017-12-11,-2.8
212,全玫,2017-12-12,-5.3
212,全玫,2017-12-13,-6.3
212,全玫,2017-12-14,-6.0
212,全玫,2017-12-15,-4.2
212,全玫,2017-12-16,-4.6
212,全玫,2017-12-17,-6.8
212,全玫,2017-12-18,-3.4
212,全玫,2017-12-19,-3.3
212,全玫,2017-12-20,-3.3
212,全玫,2017-12-21,-1.9
212,全玫,2017-12-22,-0.8
212,全玫,2017-12-23,0.3
212,全玫,2017-12-24,-0.1
212,全玫,2017-12-25,-0.8
212,全玫,2017-12-26,-2.7
212,全玫,2017-12-27,-4.9
212,全玫,2017-12-28,-4.7
212,全玫,2017-12-29,-1.6
212,全玫,2017-12-30,-1.8
212,全玫,2017-12-31,-0.7
212,全玫,2018-01-01,-2.1
212,全玫,2018-01-02,-2.6
212,全玫,2018-01-03,-3.1
212,全玫,2018-01-04,-3.4
212,全玫,2018-01-05,-2.8
212,全玫,2018-01-06,-3.7
212,全玫,2018-01-07,-3.3
212,全玫,2018-01-08,-0.8
212,全玫,2018-01-09,-1.3
212,全玫,2018-01-10,-3.6
212,全玫,2018-01-11,-6.4
212,全玫,2018-01-12,-7.7
212,全玫,2018-01-13,-5.5
212,全玫,2018-01-14,-3.4
212,全玫,2018-01-15,-0.9
212,全玫,2018-01-16,-0.8
212,全玫,2018-01-17,-0.2
212,全玫,2018-01-18,-0.2
212,全玫,2018-01-19,-0.8
212,全玫,2018-01-20,-1.5
212,全玫,2018-01-21,-2.2
212,全玫,2018-01-22,-1.2
212,全玫,2018-01-23,-1.9
212,全玫,2018-01-24,-6.0
212,全玫,2018-01-25,-6.6
212,全玫,2018-01-26,-7.5
212,全玫,2018-01-27,-7.1
212,全玫,2018-01-28,-4.4
212,全玫,2018-01-29,-6.3
212,全玫,2018-01-30,-5.9
212,全玫,2018-01-31,-2.3
212,全玫,2018-02-01,-3.4
212,全玫,2018-02-02,-3.9
212,全玫,2018-02-03,-3.4
212,全玫,2018-02-04,-6.4
212,全玫,2018-02-05,-7.5
212,全玫,2018-02-06,-7.9
212,全玫,2018-02-07,-7.8
212,全玫,2018-02-08,-6.6
212,全玫,2018-02-09,-4.3
212,全玫,2018-02-10,-2.2
212,全玫,2018-02-11,-6.2
212,全玫,2018-02-12,-5.8
212,全玫,2018-02-13,-3.8
212,全玫,2018-02-14,0.2
212,全玫,2018-02-15,0.1
212,全玫,2018-02-16,-2.0
212,全玫,2018-02-17,-2.1
212,全玫,2018-02-18,-0.4
212,全玫,2018-02-19,-0.9
212,全玫,2018-02-20,-0.9
212,全玫,2018-02-21,-1.5
212,全玫,2018-02-22,-1.8
212,全玫,2018-02-23,0.5
212,全玫,2018-02-24,2.0
212,全玫,2018-02-25,2.2
212,全玫,2018-02-26,1.7
212,全玫,2018-02-27,-0.3
212,全玫,2018-02-28,0.0
212,全玫,2018-03-01,2.4
212,全玫,2018-03-02,0.7
212,全玫,2018-03-03,3.8
212,全玫,2018-03-04,5.3
212,全玫,2018-03-05,4.2
212,全玫,2018-03-06,3.0
212,全玫,2018-03-07,4.1
212,全玫,2018-03-08,3.3
212,全玫,2018-03-09,4.9
212,全玫,2018-03-10,4.3
212,全玫,2018-03-11,5.3
212,全玫,2018-03-12,5.0
212,全玫,2018-03-13,7.8
212,全玫,2018-03-14,10.6
212,全玫,2018-03-15,10.1
212,全玫,2018-03-16,7.3
212,全玫,2018-03-17,5.6
212,全玫,2018-03-18,7.2
212,全玫,2018-03-19,7.1
212,全玫,2018-03-20,3.8
212,全玫,2018-03-21,3.1
212,全玫,2018-03-22,7.5
212,全玫,2018-03-23,7.0
212,全玫,2018-03-24,8.5
212,全玫,2018-03-25,9.7
212,全玫,2018-03-26,10.5
212,全玫,2018-03-27,12.0
212,全玫,2018-03-28,13.0
212,全玫,2018-03-29,14.8
212,全玫,2018-03-30,14.3
212,全玫,2018-03-31,14.1
212,全玫,2018-04-01,14.5
212,全玫,2018-04-02,16.9
212,全玫,2018-04-03,16.4
212,全玫,2018-04-04,12.4
212,全玫,2018-04-05,8.3
212,全玫,2018-04-06,8.2
212,全玫,2018-04-07,6.2
212,全玫,2018-04-08,4.3
212,全玫,2018-04-09,9.0
212,全玫,2018-04-10,11.9
212,全玫,2018-04-11,14.4
212,全玫,2018-04-12,12.9
212,全玫,2018-04-13,12.1
212,全玫,2018-04-14,9.9
212,全玫,2018-04-15,12.0
212,全玫,2018-04-16,13.8
212,全玫,2018-04-17,15.1
212,全玫,2018-04-18,15.9
212,全玫,2018-04-19,17.2
212,全玫,2018-04-20,19.9
212,全玫,2018-04-21,21.0
212,全玫,2018-04-22,17.2
212,全玫,2018-04-23,10.3
212,全玫,2018-04-24,12.8
212,全玫,2018-04-25,14.8
212,全玫,2018-04-26,16.3
212,全玫,2018-04-27,18.3
212,全玫,2018-04-28,19.1
212,全玫,2018-04-29,18.9
212,全玫,2018-04-30,20.1
212,全玫,2018-05-01,21.4
212,全玫,2018-05-02,15.8
212,全玫,2018-05-03,12.9
212,全玫,2018-05-04,16.8
212,全玫,2018-05-05,17.2
212,全玫,2018-05-06,17.0
212,全玫,2018-05-07,17.3
212,全玫,2018-05-08,19.5
212,全玫,2018-05-09,19.0
212,全玫,2018-05-10,19.1
212,全玫,2018-05-11,19.5
212,全玫,2018-05-12,15.5
212,全玫,2018-05-13,18.8
212,全玫,2018-05-14,21.5
212,全玫,2018-05-15,24.3
212,全玫,2018-05-16,21.1
212,全玫,2018-05-17,22.2
212,全玫,2018-05-18,16.2
212,全玫,2018-05-19,19.4
212,全玫,2018-05-20,16.2
212,全玫,2018-05-21,19.2
212,全玫,2018-05-22,19.7
212,全玫,2018-05-23,22.4
212,全玫,2018-05-24,21.4
212,全玫,2018-05-25,22.4
212,全玫,2018-05-26,23.6
212,全玫,2018-05-27,22.9
212,全玫,2018-05-28,25.4
212,全玫,2018-05-29,25.9
212,全玫,2018-05-30,24.9
212,全玫,2018-05-31,25.7
212,全玫,2018-06-01,27.6
212,全玫,2018-06-02,28.7
212,全玫,2018-06-03,28.2
212,全玫,2018-06-04,27.0
212,全玫,2018-06-05,30.1
212,全玫,2018-06-06,30.2
212,全玫,2018-06-07,30.8
212,全玫,2018-06-08,29.7
212,全玫,2018-06-09,30.6
212,全玫,2018-06-10,26.5
212,全玫,2018-06-11,24.3
212,全玫,2018-06-12,30.9
212,全玫,2018-06-13,28.2
212,全玫,2018-06-14,23.2
212,全玫,2018-06-15,23.5
212,全玫,2018-06-16,27.3
212,全玫,2018-06-17,26.7
212,全玫,2018-06-18,30.8
212,全玫,2018-06-19,27.8
212,全玫,2018-06-20,30.4
212,全玫,2018-06-21,31.7
212,全玫,2018-06-22,33.1
212,全玫,2018-06-23,31.7
212,全玫,2018-06-24,33.4
212,全玫,2018-06-25,31.7
212,全玫,2018-06-26,23.3
212,全玫,2018-06-27,25.3
212,全玫,2018-06-28,25.2
212,全玫,2018-06-29,26.4
212,全玫,2018-06-30,25.7
212,全玫,2018-07-01,22.5
212,全玫,2018-07-02,22.5
212,全玫,2018-07-03,28.6
212,全玫,2018-07-04,28.7
212,全玫,2018-07-05,25.8
212,全玫,2018-07-06,26.2
212,全玫,2018-07-07,25.8
212,全玫,2018-07-08,26.4
212,全玫,2018-07-09,21.8
212,全玫,2018-07-10,24.1
212,全玫,2018-07-11,26.6
212,全玫,2018-07-12,28.3
212,全玫,2018-07-13,29.1
212,全玫,2018-07-14,30.6
212,全玫,2018-07-15,31.3
212,全玫,2018-07-16,31.2
212,全玫,2018-07-17,30.5
212,全玫,2018-07-18,32.1
212,全玫,2018-07-19,33.1
212,全玫,2018-07-20,34.6
212,全玫,2018-07-21,34.5
212,全玫,2018-07-22,36.0
212,全玫,2018-07-23,36.3
212,全玫,2018-07-24,38.2
212,全玫,2018-07-25,35.3
212,全玫,2018-07-26,36.8
212,全玫,2018-07-27,39.1
212,全玫,2018-07-28,37.7
212,全玫,2018-07-29,37.2
212,全玫,2018-07-30,38.8
212,全玫,2018-07-31,38.3
212,全玫,2018-08-01,40.0
212,全玫,2018-08-02,40.5
212,全玫,2018-08-03,39.4
212,全玫,2018-08-04,37.1
212,全玫,2018-08-05,35.7
212,全玫,2018-08-06,36.8
212,全玫,2018-08-07,37.6
212,全玫,2018-08-08,38.9
212,全玫,2018-08-09,30.5
212,全玫,2018-08-10,31.6
212,全玫,2018-08-11,32.0
212,全玫,2018-08-12,31.4
212,全玫,2018-08-13,31.7
212,全玫,2018-08-14,32.9
212,全玫,2018-08-15,31.5
212,全玫,2018-08-16,31.1
212,全玫,2018-08-17,29.8
212,全玫,2018-08-18,30.7
212,全玫,2018-08-19,31.3
212,全玫,2018-08-20,32.6
212,全玫,2018-08-21,28.5
212,全玫,2018-08-22,35.4
212,全玫,2018-08-23,27.4
212,全玫,2018-08-24,24.9
212,全玫,2018-08-25,25.0
212,全玫,2018-08-26,23.3
212,全玫,2018-08-27,22.7
212,全玫,2018-08-28,24.6
212,全玫,2018-08-29,23.0
212,全玫,2018-08-30,25.3
212,全玫,2018-08-31,26.5
212,全玫,2018-09-01,25.4
212,全玫,2018-09-02,24.3
212,全玫,2018-09-03,23.7
212,全玫,2018-09-04,24.8
212,全玫,2018-09-05,23.0
212,全玫,2018-09-06,22.5
212,全玫,2018-09-07,22.4
212,全玫,2018-09-08,22.2
212,全玫,2018-09-09,22.5
212,全玫,2018-09-10,21.7
212,全玫,2018-09-11,21.3
212,全玫,2018-09-12,24.1
212,全玫,2018-09-13,23.6
212,全玫,2018-09-14,23.8
212,全玫,2018-09-15,23.0
212,全玫,2018-09-16,23.4
212,全玫,2018-09-17,25.4
212,全玫,2018-09-18,24.3
212,全玫,2018-09-19,23.4
212,全玫,2018-09-20,20.3
212,全玫,2018-09-21,20.3
212,全玫,2018-09-22,22.3
212,全玫,2018-09-23,19.9
212,全玫,2018-09-24,18.9
212,全玫,2018-09-25,17.8
212,全玫,2018-09-26,18.2
212,全玫,2018-09-27,17.6
212,全玫,2018-09-28,16.3
212,全玫,2018-09-29,20.4
212,全玫,2018-09-30,18.2
212,全玫,2018-10-01,14.7
212,全玫,2018-10-02,17.5
212,全玫,2018-10-03,18.3
212,全玫,2018-10-04,18.9
212,全玫,2018-10-05,16.2
212,全玫,2018-10-06,17.0
212,全玫,2018-10-07,17.8
212,全玫,2018-10-08,14.6
212,全玫,2018-10-09,13.5
212,全玫,2018-10-10,12.4
212,全玫,2018-10-11,10.4
212,全玫,2018-10-12,11.1
212,全玫,2018-10-13,12.1
212,全玫,2018-10-14,12.8
212,全玫,2018-10-15,11.8
212,全玫,2018-10-16,13.3
212,全玫,2018-10-17,11.9
212,全玫,2018-10-18,10.4
212,全玫,2018-10-19,13.4
212,全玫,2018-10-20,12.1
212,全玫,2018-10-21,11.3
212,全玫,2018-10-22,10.9
212,全玫,2018-10-23,10.9
212,全玫,2018-10-24,12.7
212,全玫,2018-10-25,11.8
212,全玫,2018-10-26,9.3
212,全玫,2018-10-27,6.4
212,全玫,2018-10-28,5.8
212,全玫,2018-10-29,7.0
212,全玫,2018-10-30,5.3
212,全玫,2018-10-31,5.8
212,全玫,2018-11-01,5.3
212,全玫,2018-11-02,6.1
212,全玫,2018-11-03,6.6
212,全玫,2018-11-04,6.8
212,全玫,2018-11-05,7.1
212,全玫,2018-11-06,6.0
212,全玫,2018-11-07,10.4
212,全玫,2018-11-08,11.6
212,全玫,2018-11-09,11.2
212,全玫,2018-11-10,11.4
212,全玫,2018-11-11,6.7
212,全玫,2018-11-12,8.0
212,全玫,2018-11-13,9.2
212,全玫,2018-11-14,7.5
212,全玫,2018-11-15,7.2
212,全玫,2018-11-16,7.3
212,全玫,2018-11-17,5.6
212,全玫,2018-11-18,5.2
212,全玫,2018-11-19,3.4
212,全玫,2018-11-20,3.0
212,全玫,2018-11-21,5.1
212,全玫,2018-11-22,1.6
212,全玫,2018-11-23,0.4
212,全玫,2018-11-24,0.1
212,全玫,2018-11-25,3.0
212,全玫,2018-11-26,4.9
212,全玫,2018-11-27,4.6
212,全玫,2018-11-28,4.2
212,全玫,2018-11-29,1.4
212,全玫,2018-11-30,1.3
212,全玫,2018-12-01,2.0
212,全玫,2018-12-02,2.3
212,全玫,2018-12-03,5.2
212,全玫,2018-12-04,7.7
212,全玫,2018-12-05,1.9
212,全玫,2018-12-06,3.4
212,全玫,2018-12-07,-2.2
212,全玫,2018-12-08,-4.0
212,全玫,2018-12-09,-4.9
212,全玫,2018-12-10,-4.6
212,全玫,2018-12-11,-2.1
212,全玫,2018-12-12,-1.5
212,全玫,2018-12-13,-2.9
212,全玫,2018-12-14,-4.3
212,全玫,2018-12-15,-4.5
212,全玫,2018-12-16,-1.9
212,全玫,2018-12-17,-1.5
212,全玫,2018-12-18,-2.9
212,全玫,2018-12-19,-1.5
212,全玫,2018-12-20,-1.7
212,全玫,2018-12-21,-1.4
212,全玫,2018-12-22,0.9
212,全玫,2018-12-23,0.4
212,全玫,2018-12-24,-3.5
212,全玫,2018-12-25,-2.9
212,全玫,2018-12-26,-1.2
212,全玫,2018-12-27,-5.9
212,全玫,2018-12-28,-7.5
212,全玫,2018-12-29,-7.5
212,全玫,2018-12-30,-7.1
212,全玫,2018-12-31,-6.6
212,全玫,2019-01-01,-6.3
212,全玫,2019-01-02,-6.3
212,全玫,2019-01-03,-6.1
212,全玫,2019-01-04,-3.7
212,全玫,2019-01-05,-3.6
212,全玫,2019-01-06,-3.9
212,全玫,2019-01-07,-5.6
212,全玫,2019-01-08,-5.0
212,全玫,2019-01-09,-6.2
212,全玫,2019-01-10,-2.2
212,全玫,2019-01-11,-1.7
212,全玫,2019-01-12,0.8
212,全玫,2019-01-13,-1.8
212,全玫,2019-01-14,-2.9
212,全玫,2019-01-15,-2.5
212,全玫,2019-01-16,-4.5
212,全玫,2019-01-17,-2.3
212,全玫,2019-01-18,-3.5
212,全玫,2019-01-19,-0.7
212,全玫,2019-01-20,-0.9
212,全玫,2019-01-21,-4.8
212,全玫,2019-01-22,-2.4
212,全玫,2019-01-23,-2.3
212,全玫,2019-01-24,-2.8
212,全玫,2019-01-25,-3.5
212,全玫,2019-01-26,-4.6
212,全玫,2019-01-27,-3.3
212,全玫,2019-01-28,0.7
212,全玫,2019-01-29,-2.4
212,全玫,2019-01-30,-0.8
212,全玫,2019-01-31,0.1
212,全玫,2019-02-01,-2.4
212,全玫,2019-02-02,-0.8
212,全玫,2019-02-03,0.5
212,全玫,2019-02-04,1.1
212,全玫,2019-02-05,0.1
212,全玫,2019-02-06,0.5
212,全玫,2019-02-07,1.5
212,全玫,2019-02-08,-0.7
212,全玫,2019-02-09,-1.1
212,全玫,2019-02-10,-2.3
212,全玫,2019-02-11,-1.5
212,全玫,2019-02-12,-1.3
212,全玫,2019-02-13,-1.2
212,全玫,2019-02-14,-0.8
212,全玫,2019-02-15,0.1
212,全玫,2019-02-16,0.7
212,全玫,2019-02-17,-0.6
212,全玫,2019-02-18,-1.1
212,全玫,2019-02-19,0.2
212,全玫,2019-02-20,0.2
212,全玫,2019-02-21,1.8
212,全玫,2019-02-22,2.4
212,全玫,2019-02-23,3.1
212,全玫,2019-02-24,3.1
212,全玫,2019-02-25,3.0
212,全玫,2019-02-26,3.0
212,全玫,2019-02-27,4.2
212,全玫,2019-02-28,4.0
212,全玫,2019-03-01,4.1
212,全玫,2019-03-02,4.2
212,全玫,2019-03-03,5.2
212,全玫,2019-03-04,6.9
212,全玫,2019-03-05,5.0
212,全玫,2019-03-06,5.4
212,全玫,2019-03-07,6.5
212,全玫,2019-03-08,5.2
212,全玫,2019-03-09,4.5
212,全玫,2019-03-10,6.2
212,全玫,2019-03-11,4.8
212,全玫,2019-03-12,4.1
212,全玫,2019-03-13,2.8
212,全玫,2019-03-14,3.3
212,全玫,2019-03-15,3.6
212,全玫,2019-03-16,6.2
212,全玫,2019-03-17,6.7
212,全玫,2019-03-18,6.2
212,全玫,2019-03-19,8.2
212,全玫,2019-03-20,8.1
212,全玫,2019-03-21,8.7
212,全玫,2019-03-22,6.2
212,全玫,2019-03-23,3.0
212,全玫,2019-03-24,4.6
212,全玫,2019-03-25,5.3
212,全玫,2019-03-26,8.9
212,全玫,2019-03-27,8.3
212,全玫,2019-03-28,10.9
212,全玫,2019-03-29,12.0
212,全玫,2019-03-30,7.7
212,全玫,2019-03-31,5.3
212,全玫,2019-04-01,6.5
212,全玫,2019-04-02,8.0
212,全玫,2019-04-03,8.9
212,全玫,2019-04-04,9.9
212,全玫,2019-04-05,11.6
212,全玫,2019-04-06,8.9
212,全玫,2019-04-07,12.0
212,全玫,2019-04-08,11.5
212,全玫,2019-04-09,7.6
212,全玫,2019-04-10,8.8
212,全玫,2019-04-11,10.0
212,全玫,2019-04-12,12.7
212,全玫,2019-04-13,12.9
212,全玫,2019-04-14,8.6
212,全玫,2019-04-15,12.2
212,全玫,2019-04-16,13.5
212,全玫,2019-04-17,15.6
212,全玫,2019-04-18,12.4
212,全玫,2019-04-19,13.8
212,全玫,2019-04-20,16.3
212,全玫,2019-04-21,18.7
212,全玫,2019-04-22,20.1
212,全玫,2019-04-23,19.7
212,全玫,2019-04-24,21.5
212,全玫,2019-04-25,13.7
212,全玫,2019-04-26,10.9
212,全玫,2019-04-27,14.3
212,全玫,2019-04-28,12.8
212,全玫,2019-04-29,12.1
212,全玫,2019-04-30,17.2
212,全玫,2019-05-01,19.1
212,全玫,2019-05-02,19.6
212,全玫,2019-05-03,19.8
212,全玫,2019-05-04,20.2
212,全玫,2019-05-05,21.3
212,全玫,2019-05-06,21.2
212,全玫,2019-05-07,19.4
212,全玫,2019-05-08,19.7
212,全玫,2019-05-09,21.9
212,全玫,2019-05-10,23.4
212,全玫,2019-05-11,25.3
212,全玫,2019-05-12,24.0
212,全玫,2019-05-13,21.2
212,全玫,2019-05-14,24.6
212,全玫,2019-05-15,24.5
212,全玫,2019-05-16,27.4
212,全玫,2019-05-17,25.6
212,全玫,2019-05-18,24.8
212,全玫,2019-05-19,22.3
212,全玫,2019-05-20,21.1
212,全玫,2019-05-21,21.2
212,全玫,2019-05-22,23.2
212,全玫,2019-05-23,25.5
212,全玫,2019-05-24,28.3
212,全玫,2019-05-25,26.6
212,全玫,2019-05-26,28.7
212,全玫,2019-05-27,20.5
212,全玫,2019-05-28,22.5
212,全玫,2019-05-29,24.7
212,全玫,2019-05-30,24.6
212,全玫,2019-05-31,27.6
212,全玫,2019-06-01,25.4
212,全玫,2019-06-02,29.9
212,全玫,2019-06-03,29.9
212,全玫,2019-06-04,31.6
212,全玫,2019-06-05,32.4
212,全玫,2019-06-06,24.6
212,全玫,2019-06-07,21.7
212,全玫,2019-06-08,23.3
212,全玫,2019-06-09,23.6
212,全玫,2019-06-10,20.6
212,全玫,2019-06-11,21.7
212,全玫,2019-06-12,24.6
212,全玫,2019-06-13,26.9
212,全玫,2019-06-14,25.2
212,全玫,2019-06-15,25.6
212,全玫,2019-06-16,27.8
212,全玫,2019-06-17,27.9
212,全玫,2019-06-18,21.3
212,全玫,2019-06-19,22.8
212,全玫,2019-06-20,27.6
212,全玫,2019-06-21,25.4
212,全玫,2019-06-22,27.9
212,全玫,2019-06-23,27.8
212,全玫,2019-06-24,31.2
212,全玫,2019-06-25,32.3
212,全玫,2019-06-26,28.0
212,全玫,2019-06-27,29.7
212,全玫,2019-06-28,29.3
212,全玫,2019-06-29,26.4
212,全玫,2019-06-30,29.0
212,全玫,2019-07-01,29.1
212,全玫,2019-07-02,29.5
212,全玫,2019-07-03,30.5
212,全玫,2019-07-04,33.7
212,全玫,2019-07-05,35.1
212,全玫,2019-07-06,32.5
212,全玫,2019-07-07,32.2
212,全玫,2019-07-08,25.6
212,全玫,2019-07-09,28.3
212,全玫,2019-07-10,25.9
212,全玫,2019-07-11,24.1
212,全玫,2019-07-12,24.0
212,全玫,2019-07-13,29.7
212,全玫,2019-07-14,27.4
212,全玫,2019-07-15,25.0
212,全玫,2019-07-16,26.7
212,全玫,2019-07-17,26.4
212,全玫,2019-07-18,29.8
212,全玫,2019-07-19,29.6
212,全玫,2019-07-20,26.8
212,全玫,2019-07-21,25.7
212,全玫,2019-07-22,27.9
212,全玫,2019-07-23,29.3
212,全玫,2019-07-24,26.9
212,全玫,2019-07-25,27.3
212,全玫,2019-07-26,26.6
212,全玫,2019-07-27,30.2
212,全玫,2019-07-28,27.6
212,全玫,2019-07-29,27.2
212,全玫,2019-07-30,28.1
212,全玫,2019-07-31,27.2
212,全玫,2019-08-01,29.0
212,全玫,2019-08-02,30.8
212,全玫,2019-08-03,31.1
212,全玫,2019-08-04,30.6
212,全玫,2019-08-05,32.1
212,全玫,2019-08-06,31.4
212,全玫,2019-08-07,26.1
212,全玫,2019-08-08,28.9
212,全玫,2019-08-09,29.5
212,全玫,2019-08-10,30.5
212,全玫,2019-08-11,29.9
212,全玫,2019-08-12,28.1
212,全玫,2019-08-13,29.8
212,全玫,2019-08-14,29.5
212,全玫,2019-08-15,26.9
212,全玫,2019-08-16,27.5
212,全玫,2019-08-17,26.0
212,全玫,2019-08-18,26.3
212,全玫,2019-08-19,26.9
212,全玫,2019-08-20,27.0
212,全玫,2019-08-21,27.2
212,全玫,2019-08-22,27.9
212,全玫,2019-08-23,27.0
212,全玫,2019-08-24,24.6
212,全玫,2019-08-25,27.0
212,全玫,2019-08-26,28.1
212,全玫,2019-08-27,27.0
212,全玫,2019-08-28,28.1
212,全玫,2019-08-29,24.6
212,全玫,2019-08-30,24.5
212,全玫,2019-08-31,25.3
212,全玫,2019-09-01,24.7
212,全玫,2019-09-02,25.5
212,全玫,2019-09-03,23.6
212,全玫,2019-09-04,24.4
212,全玫,2019-09-05,25.1
212,全玫,2019-09-06,26.1
212,全玫,2019-09-07,25.8
212,全玫,2019-09-08,25.4
212,全玫,2019-09-09,25.6
212,全玫,2019-09-10,25.8
212,全玫,2019-09-11,24.5
212,全玫,2019-09-12,23.1
212,全玫,2019-09-13,23.6
212,全玫,2019-09-14,23.2
212,全玫,2019-09-15,24.6
212,全玫,2019-09-16,23.6
212,全玫,2019-09-17,22.1
212,全玫,2019-09-18,23.6
212,全玫,2019-09-19,21.5
212,全玫,2019-09-20,20.7
212,全玫,2019-09-21,19.1
212,全玫,2019-09-22,17.5
212,全玫,2019-09-23,19.6
212,全玫,2019-09-24,20.0
212,全玫,2019-09-25,20.5
212,全玫,2019-09-26,21.8
212,全玫,2019-09-27,21.3
212,全玫,2019-09-28,22.1
212,全玫,2019-09-29,22.8
212,全玫,2019-09-30,22.2
212,全玫,2019-10-01,22.2
212,全玫,2019-10-02,21.5
212,全玫,2019-10-03,21.3
212,全玫,2019-10-04,22.0
212,全玫,2019-10-05,19.2
212,全玫,2019-10-06,17.5
212,全玫,2019-10-07,16.8
212,全玫,2019-10-08,16.5
212,全玫,2019-10-09,13.9
212,全玫,2019-10-10,15.2
212,全玫,2019-10-11,17.1
212,全玫,2019-10-12,15.3
212,全玫,2019-10-13,15.7
212,全玫,2019-10-14,15.4
212,全玫,2019-10-15,15.5
212,全玫,2019-10-16,15.1
212,全玫,2019-10-17,15.2
212,全玫,2019-10-18,14.1
212,全玫,2019-10-19,15.9
212,全玫,2019-10-20,15.8
212,全玫,2019-10-21,15.9
212,全玫,2019-10-22,15.8
212,全玫,2019-10-23,14.7
212,全玫,2019-10-24,16.9
212,全玫,2019-10-25,16.7
212,全玫,2019-10-26,13.7
212,全玫,2019-10-27,11.6
212,全玫,2019-10-28,11.4
212,全玫,2019-10-29,13.0
212,全玫,2019-10-30,10.3
212,全玫,2019-10-31,11.7
212,全玫,2019-11-01,12.8
212,全玫,2019-11-02,12.2
212,全玫,2019-11-03,13.3
212,全玫,2019-11-04,11.0
212,全玫,2019-11-05,10.3
212,全玫,2019-11-06,10.2
212,全玫,2019-11-07,8.5
212,全玫,2019-11-08,5.9
212,全玫,2019-11-09,5.8
212,全玫,2019-11-10,7.3
212,全玫,2019-11-11,9.6
212,全玫,2019-11-12,8.8
212,全玫,2019-11-13,7.5
212,全玫,2019-11-14,2.2
212,全玫,2019-11-15,3.7
212,全玫,2019-11-16,7.2
212,全玫,2019-11-17,6.7
212,全玫,2019-11-18,6.1
212,全玫,2019-11-19,2.1
212,全玫,2019-11-20,0.7
212,全玫,2019-11-21,2.1
212,全玫,2019-11-22,3.8
212,全玫,2019-11-23,4.8
212,全玫,2019-11-24,7.5
212,全玫,2019-11-25,7.2
212,全玫,2019-11-26,5.5
212,全玫,2019-11-27,4.9
212,全玫,2019-11-28,3.9
212,全玫,2019-11-29,3.6
212,全玫,2019-11-30,2.9
212,全玫,2019-12-01,5.1
212,全玫,2019-12-02,2.2
212,全玫,2019-12-03,-0.2
212,全玫,2019-12-04,1.4
212,全玫,2019-12-05,-1.0
212,全玫,2019-12-06,-1.7
212,全玫,2019-12-07,-0.9
212,全玫,2019-12-08,-0.9
212,全玫,2019-12-09,-0.4
212,全玫,2019-12-10,1.0
212,全玫,2019-12-11,2.9
212,全玫,2019-12-12,-0.4
212,全玫,2019-12-13,-0.9
212,全玫,2019-12-14,0.3
212,全玫,2019-12-15,-0.2
212,全玫,2019-12-16,0.6
212,全玫,2019-12-17,4.0
212,全玫,2019-12-18,3.6
212,全玫,2019-12-19,1.2
212,全玫,2019-12-20,-1.1
212,全玫,2019-12-21,-1.2
212,全玫,2019-12-22,0.5
212,全玫,2019-12-23,1.6
212,全玫,2019-12-24,1.3
212,全玫,2019-12-25,0.0
212,全玫,2019-12-26,1.2
212,全玫,2019-12-27,-1.1
212,全玫,2019-12-28,-0.8
212,全玫,2019-12-29,0.0
212,全玫,2019-12-30,0.7
212,全玫,2019-12-31,-2.4
212,全玫,2020-01-01,-0.8
212,全玫,2020-01-02,-0.2
212,全玫,2020-01-03,-0.7
212,全玫,2020-01-04,-1.2
212,全玫,2020-01-05,-1.4
212,全玫,2020-01-06,-0.5
212,全玫,2020-01-07,0.4
212,全玫,2020-01-08,2.0
212,全玫,2020-01-09,1.0
212,全玫,2020-01-10,-0.1
212,全玫,2020-01-11,-0.2
212,全玫,2020-01-12,-0.3
212,全玫,2020-01-13,-0.8
212,全玫,2020-01-14,-1.4
212,全玫,2020-01-15,-2.1
212,全玫,2020-01-16,-2.2
212,全玫,2020-01-17,-1.9
212,全玫,2020-01-18,-1.4
212,全玫,2020-01-19,-0.9
212,全玫,2020-01-20,-1.2
212,全玫,2020-01-21,-2.0
212,全玫,2020-01-22,-0.4
212,全玫,2020-01-23,-0.3
212,全玫,2020-01-24,-0.3
212,全玫,2020-01-25,0.6
212,全玫,2020-01-26,0.5
212,全玫,2020-01-27,0.9
212,全玫,2020-01-28,1.9
212,全玫,2020-01-29,1.3
212,全玫,2020-01-30,1.8
212,全玫,2020-01-31,1.9
212,全玫,2020-02-01,1.7
212,全玫,2020-02-02,1.3
212,全玫,2020-02-03,1.1
212,全玫,2020-02-04,-0.3
212,全玫,2020-02-05,0.1
212,全玫,2020-02-06,-1.0
212,全玫,2020-02-07,-0.4
212,全玫,2020-02-08,0.4
212,全玫,2020-02-09,-0.3
212,全玫,2020-02-10,0.2
212,全玫,2020-02-11,0.7
212,全玫,2020-02-12,2.0
212,全玫,2020-02-13,6.1
212,全玫,2020-02-14,5.6
212,全玫,2020-02-15,6.2
212,全玫,2020-02-16,4.2
212,全玫,2020-02-17,1.3
212,全玫,2020-02-18,0.3
212,全玫,2020-02-19,1.0
212,全玫,2020-02-20,2.9
212,全玫,2020-02-21,3.7
212,全玫,2020-02-22,4.4
212,全玫,2020-02-23,3.1
212,全玫,2020-02-24,4.4
212,全玫,2020-02-25,4.3
212,全玫,2020-02-26,4.3
212,全玫,2020-02-27,5.8
212,全玫,2020-02-28,3.5
212,全玫,2020-02-29,7.2
212,全玫,2020-03-01,5.8
212,全玫,2020-03-02,6.2
212,全玫,2020-03-03,4.4
212,全玫,2020-03-04,5.3
212,全玫,2020-03-05,3.9
212,全玫,2020-03-06,3.9
212,全玫,2020-03-07,4.7
212,全玫,2020-03-08,6.2
212,全玫,2020-03-09,7.6
212,全玫,2020-03-10,8.3
212,全玫,2020-03-11,5.4
212,全玫,2020-03-12,5.2
212,全玫,2020-03-13,8.0
212,全玫,2020-03-14,5.3
212,全玫,2020-03-15,6.8
212,全玫,2020-03-16,5.8
212,全玫,2020-03-17,4.0
212,全玫,2020-03-18,8.7
212,全玫,2020-03-19,6.5
212,全玫,2020-03-20,7.7
212,全玫,2020-03-21,10.3
212,全玫,2020-03-22,12.6
212,全玫,2020-03-23,10.2
212,全玫,2020-03-24,10.6
212,全玫,2020-03-25,11.4
212,全玫,2020-03-26,12.8
212,全玫,2020-03-27,12.3
212,全玫,2020-03-28,11.0
212,全玫,2020-03-29,10.5
212,全玫,2020-03-30,11.9
212,全玫,2020-03-31,12.5
212,全玫,2020-04-01,12.5
212,全玫,2020-04-02,12.2
212,全玫,2020-04-03,11.7
212,全玫,2020-04-04,10.3
212,全玫,2020-04-05,10.5
212,全玫,2020-04-06,12.1
212,全玫,2020-04-07,13.0
212,全玫,2020-04-08,13.0
212,全玫,2020-04-09,13.1
212,全玫,2020-04-10,12.5
212,全玫,2020-04-11,11.5
212,全玫,2020-04-12,11.6
212,全玫,2020-04-13,12.3
212,全玫,2020-04-14,14.6
212,全玫,2020-04-15,16.1
212,全玫,2020-04-16,18.2
212,全玫,2020-04-17,12.1
212,全玫,2020-04-18,17.3
212,全玫,2020-04-19,12.7
212,全玫,2020-04-20,11.6
212,全玫,2020-04-21,10.8
212,全玫,2020-04-22,9.6
212,全玫,2020-04-23,11.5
212,全玫,2020-04-24,13.1
212,全玫,2020-04-25,14.5
212,全玫,2020-04-26,16.4
212,全玫,2020-04-27,13.7
212,全玫,2020-04-28,16.7
212,全玫,2020-04-29,18.8
212,全玫,2020-04-30,20.3
212,全玫,2020-05-01,23.6
212,全玫,2020-05-02,19.4
212,全玫,2020-05-03,21.3
212,全玫,2020-05-04,24.3
212,全玫,2020-05-05,18.3
212,全玫,2020-05-06,23.5
212,全玫,2020-05-07,22.8
212,全玫,2020-05-08,26.5
212,全玫,2020-05-09,15.6
212,全玫,2020-05-10,15.9
212,全玫,2020-05-11,17.9
212,全玫,2020-05-12,15.9
212,全玫,2020-05-13,18.6
212,全玫,2020-05-14,20.4
212,全玫,2020-05-15,15.6
212,全玫,2020-05-16,18.4
212,全玫,2020-05-17,23.3
212,全玫,2020-05-18,23.1
212,全玫,2020-05-19,14.9
212,全玫,2020-05-20,14.6
212,全玫,2020-05-21,18.2
212,全玫,2020-05-22,18.3
212,全玫,2020-05-23,21.8
212,全玫,2020-05-24,20.6
212,全玫,2020-05-25,18.7
212,全玫,2020-05-26,20.6
212,全玫,2020-05-27,22.6
212,全玫,2020-05-28,22.2
212,全玫,2020-05-29,24.8
212,全玫,2020-05-30,26.0
212,全玫,2020-05-31,25.1
212,全玫,2020-06-01,25.8
212,全玫,2020-06-02,20.0
212,全玫,2020-06-03,27.2
212,全玫,2020-06-04,27.5
212,全玫,2020-06-05,28.5
212,全玫,2020-06-06,27.8
212,全玫,2020-06-07,29.2
212,全玫,2020-06-08,30.8
212,全玫,2020-06-09,31.6
212,全玫,2020-06-10,31.0
212,全玫,2020-06-11,28.8
212,全玫,2020-06-12,26.5
212,全玫,2020-06-13,30.7
212,全玫,2020-06-14,27.7
212,全玫,2020-06-15,27.2
212,全玫,2020-06-16,28.9
212,全玫,2020-06-17,29.5
212,全玫,2020-06-18,26.2
212,全玫,2020-06-19,27.0
212,全玫,2020-06-20,30.0
212,全玫,2020-06-21,32.5
212,全玫,2020-06-22,33.7
212,全玫,2020-06-23,32.0
212,全玫,2020-06-24,23.2
212,全玫,2020-06-25,22.6
212,全玫,2020-06-26,23.0
212,全玫,2020-06-27,24.7
212,全玫,2020-06-28,27.0
212,全玫,2020-06-29,24.6
212,全玫,2020-06-30,20.8
212,全玫,2020-07-01,21.9
212,全玫,2020-07-02,25.3
212,全玫,2020-07-03,27.8
212,全玫,2020-07-04,27.7
212,全玫,2020-07-05,29.0
212,全玫,2020-07-06,29.4
212,全玫,2020-07-07,27.0
212,全玫,2020-07-08,31.4
212,全玫,2020-07-09,32.8
212,全玫,2020-07-10,24.1
212,全玫,2020-07-11,28.3
212,全玫,2020-07-12,23.9
212,全玫,2020-07-13,19.8
212,全玫,2020-07-14,20.8
212,全玫,2020-07-15,23.8
212,全玫,2020-07-16,25.5
212,全玫,2020-07-17,27.4
212,全玫,2020-07-18,26.4
212,全玫,2020-07-19,23.6
212,全玫,2020-07-20,24.4
212,全玫,2020-07-21,26.4
212,全玫,2020-07-22,24.5
212,全玫,2020-07-23,21.8
212,全玫,2020-07-24,21.9
212,全玫,2020-07-25,23.2
212,全玫,2020-07-26,27.6
212,全玫,2020-07-27,25.1
212,全玫,2020-07-28,24.9
212,全玫,2020-07-29,24.0
212,全玫,2020-07-30,26.3
212,全玫,2020-07-31,27.8
212,全玫,2020-08-01,24.9
212,全玫,2020-08-02,25.7
212,全玫,2020-08-03,23.6
212,全玫,2020-08-04,26.4
212,全玫,2020-08-05,24.9
212,全玫,2020-08-06,25.7
212,全玫,2020-08-07,25.0
212,全玫,2020-08-08,25.4
212,全玫,2020-08-09,23.6
212,全玫,2020-08-10,26.2
212,全玫,2020-08-11,26.0
212,全玫,2020-08-12,28.2
212,全玫,2020-08-13,28.4
212,全玫,2020-08-14,28.6
212,全玫,2020-08-15,25.7
212,全玫,2020-08-16,28.4
212,全玫,2020-08-17,28.6
212,全玫,2020-08-18,29.7
212,全玫,2020-08-19,29.1
212,全玫,2020-08-20,29.7
212,全玫,2020-08-21,26.5
212,全玫,2020-08-22,25.2
212,全玫,2020-08-23,26.5
212,全玫,2020-08-24,27.6
212,全玫,2020-08-25,29.5
212,全玫,2020-08-26,29.7
212,全玫,2020-08-27,28.2
212,全玫,2020-08-28,28.3
212,全玫,2020-08-29,28.2
212,全玫,2020-08-30,28.4
212,全玫,2020-08-31,26.0
212,全玫,2020-09-01,27.0
212,全玫,2020-09-02,24.7
212,全玫,2020-09-03,23.3
212,全玫,2020-09-04,23.3
212,全玫,2020-09-05,22.0
212,全玫,2020-09-06,22.0
212,全玫,2020-09-07,20.1
212,全玫,2020-09-08,22.1
212,全玫,2020-09-09,21.7
212,全玫,2020-09-10,23.0
212,全玫,2020-09-11,21.7
212,全玫,2020-09-12,21.2
212,全玫,2020-09-13,21.7
212,全玫,2020-09-14,22.7
212,全玫,2020-09-15,23.0
212,全玫,2020-09-16,22.3
212,全玫,2020-09-17,21.2
212,全玫,2020-09-18,20.0
212,全玫,2020-09-19,21.0
212,全玫,2020-09-20,20.7
212,全玫,2020-09-21,20.3
212,全玫,2020-09-22,19.2
212,全玫,2020-09-23,18.9
212,全玫,2020-09-24,19.9
212,全玫,2020-09-25,19.4
212,全玫,2020-09-26,19.5
212,全玫,2020-09-27,21.9
212,全玫,2020-09-28,21.2
212,全玫,2020-09-29,20.7
212,全玫,2020-09-30,21.7
212,全玫,2020-10-01,21.6
212,全玫,2020-10-02,19.4
212,全玫,2020-10-03,19.6
212,全玫,2020-10-04,19.4
212,全玫,2020-10-05,16.9
212,全玫,2020-10-06,17.2
212,全玫,2020-10-07,18.5
212,全玫,2020-10-08,18.0
212,全玫,2020-10-09,17.3
212,全玫,2020-10-10,17.3
212,全玫,2020-10-11,16.0
212,全玫,2020-10-12,17.2
212,全玫,2020-10-13,17.3
212,全玫,2020-10-14,14.4
212,全玫,2020-10-15,14.3
212,全玫,2020-10-16,10.9
212,全玫,2020-10-17,15.3
212,全玫,2020-10-18,14.3
212,全玫,2020-10-19,15.3
212,全玫,2020-10-20,15.5
212,全玫,2020-10-21,12.2
212,全玫,2020-10-22,12.9
212,全玫,2020-10-23,10.7
212,全玫,2020-10-24,9.2
212,全玫,2020-10-25,10.0
212,全玫,2020-10-26,12.0
212,全玫,2020-10-27,12.5
212,全玫,2020-10-28,13.9
212,全玫,2020-10-29,10.3
212,全玫,2020-10-30,10.6
212,全玫,2020-10-31,11.9
212,全玫,2020-11-01,11.1
212,全玫,2020-11-02,11.9
212,全玫,2020-11-03,6.7
212,全玫,2020-11-04,4.3
212,全玫,2020-11-05,7.2
212,全玫,2020-11-06,12.7
212,全玫,2020-11-07,12.6
212,全玫,2020-11-08,8.1
212,全玫,2020-11-09,5.2
212,全玫,2020-11-10,5.2
212,全玫,2020-11-11,6.0
212,全玫,2020-11-12,6.9
212,全玫,2020-11-13,8.7
212,全玫,2020-11-14,9.1
212,全玫,2020-11-15,8.3
212,全玫,2020-11-16,7.8
212,全玫,2020-11-17,11.4
212,全玫,2020-11-18,13.6
212,全玫,2020-11-19,14.2
212,全玫,2020-11-20,6.4
212,全玫,2020-11-21,5.7
212,全玫,2020-11-22,7.0
212,全玫,2020-11-23,3.3
212,全玫,2020-11-24,2.6
212,全玫,2020-11-25,2.3
212,全玫,2020-11-26,2.7
212,全玫,2020-11-27,2.8
212,全玫,2020-11-28,-0.2
212,全玫,2020-11-29,0.1
212,全玫,2020-11-30,-1.0
212,全玫,2020-12-01,-1.2
212,全玫,2020-12-02,1.0
212,全玫,2020-12-03,-0.5
212,全玫,2020-12-04,-2.1
212,全玫,2020-12-05,-1.3
212,全玫,2020-12-06,0.8
212,全玫,2020-12-07,0.8
212,全玫,2020-12-08,-1.5
212,全玫,2020-12-09,-1.9
212,全玫,2020-12-10,1.7
212,全玫,2020-12-11,1.6
212,全玫,2020-12-12,0.8
212,全玫,2020-12-13,-0.8
212,全玫,2020-12-14,-0.3
212,全玫,2020-12-15,-0.8
212,全玫,2020-12-16,-1.5
212,全玫,2020-12-17,-1.7
212,全玫,2020-12-18,-0.8
212,全玫,2020-12-19,-1.7
212,全玫,2020-12-20,-2.1
212,全玫,2020-12-21,-2.1
212,全玫,2020-12-22,-1.5
212,全玫,2020-12-23,-0.8
212,全玫,2020-12-24,-0.7
212,全玫,2020-12-25,-2.8
212,全玫,2020-12-26,-1.3
212,全玫,2020-12-27,-0.3
212,全玫,2020-12-28,1.5
212,全玫,2020-12-29,-0.6
212,全玫,2020-12-30,-1.4
212,全玫,2020-12-31,-4.8
212,全玫,2021-01-01,-4.7
212,全玫,2021-01-02,-5.2
212,全玫,2021-01-03,-6.3
212,全玫,2021-01-04,-4.8
212,全玫,2021-01-05,-3.4
212,全玫,2021-01-06,-6.6
212,全玫,2021-01-07,-3.8
212,全玫,2021-01-08,-6.2
212,全玫,2021-01-09,-6.6
212,全玫,2021-01-10,-5.5
212,全玫,2021-01-11,-5.3
212,全玫,2021-01-12,-4.1
212,全玫,2021-01-13,-0.7
212,全玫,2021-01-14,-1.8
212,全玫,2021-01-15,-1.5
212,全玫,2021-01-16,-2.0
212,全玫,2021-01-17,-5.4
212,全玫,2021-01-18,-2.7
212,全玫,2021-01-19,-3.4
212,全玫,2021-01-20,-3.7
212,全玫,2021-01-21,-0.8
212,全玫,2021-01-22,1.5
212,全玫,2021-01-23,2.1
212,全玫,2021-01-24,2.5
212,全玫,2021-01-25,2.1
212,全玫,2021-01-26,0.5
212,全玫,2021-01-27,1.7
212,全玫,2021-01-28,-0.9
212,全玫,2021-01-29,-4.5
212,全玫,2021-01-30,-3.7
212,全玫,2021-01-31,-1.7
212,全玫,2021-02-01,1.3
212,全玫,2021-02-02,-1.4
212,全玫,2021-02-03,-2.4
212,全玫,2021-02-04,-0.5
212,全玫,2021-02-05,-0.1
212,全玫,2021-02-06,1.4
212,全玫,2021-02-07,1.9
212,全玫,2021-02-08,-0.8
212,全玫,2021-02-09,-1.0
212,全玫,2021-02-10,0.7
212,全玫,2021-02-11,2.9
212,全玫,2021-02-12,2.7
212,全玫,2021-02-13,3.0
212,全玫,2021-02-14,3.9
212,全玫,2021-02-15,2.4
212,全玫,2021-02-16,-2.2
212,全玫,2021-02-17,-4.4
212,全玫,2021-02-18,-3.5
212,全玫,2021-02-19,-1.3
212,全玫,2021-02-20,3.6
212,全玫,2021-02-21,4.8
212,全玫,2021-02-22,4.8
212,全玫,2021-02-23,2.9
212,全玫,2021-02-24,3.0
212,全玫,2021-02-25,0.9
212,全玫,2021-02-26,4.0
212,全玫,2021-02-27,4.8
212,全玫,2021-02-28,4.8
212,全玫,2021-03-01,3.4
212,全玫,2021-03-02,0.1
212,全玫,2021-03-03,2.7
212,全玫,2021-03-04,3.5
212,全玫,2021-03-05,6.6
212,全玫,2021-03-06,4.1
212,全玫,2021-03-07,5.7
212,全玫,2021-03-08,5.6
212,全玫,2021-03-09,5.2
212,全玫,2021-03-10,6.4
212,全玫,2021-03-11,7.5
212,全玫,2021-03-12,7.9
212,全玫,2021-03-13,8.8
212,全玫,2021-03-14,7.8
212,全玫,2021-03-15,8.5
212,全玫,2021-03-16,11.9
212,全玫,2021-03-17,9.5
212,全玫,2021-03-18,10.3
212,全玫,2021-03-19,14.1
212,全玫,2021-03-20,9.5
212,全玫,2021-03-21,7.9
212,全玫,2021-03-22,7.2
212,全玫,2021-03-23,8.1
212,全玫,2021-03-24,10.3
212,全玫,2021-03-25,13.0
212,全玫,2021-03-26,12.2
212,全玫,2021-03-27,9.4
212,全玫,2021-03-28,10.2
212,全玫,2021-03-29,10.1
212,全玫,2021-03-30,10.2
212,全玫,2021-03-31,12.1
212,全玫,2021-04-01,13.1
212,全玫,2021-04-02,16.0
212,全玫,2021-04-03,11.4
212,全玫,2021-04-04,11.4
212,全玫,2021-04-05,11.2
212,全玫,2021-04-06,12.3
212,全玫,2021-04-07,13.0
212,全玫,2021-04-08,13.6
212,全玫,2021-04-09,14.3
212,全玫,2021-04-10,15.0
212,全玫,2021-04-11,15.4
212,全玫,2021-04-12,12.6
212,全玫,2021-04-13,13.0
212,全玫,2021-04-14,11.6
212,全玫,2021-04-15,13.1
212,全玫,2021-04-16,9.9
212,全玫,2021-04-17,11.0
212,全玫,2021-04-18,14.4
212,全玫,2021-04-19,15.8
212,全玫,2021-04-20,18.7
212,全玫,2021-04-21,20.4
212,全玫,2021-04-22,19.6
212,全玫,2021-04-23,16.2
212,全玫,2021-04-24,17.7
212,全玫,2021-04-25,20.5
212,全玫,2021-04-26,19.4
212,全玫,2021-04-27,18.2
212,全玫,2021-04-28,17.8
212,全玫,2021-04-29,17.0
212,全玫,2021-04-30,12.7
212,全玫,2021-05-01,12.7
212,全玫,2021-05-02,15.5
212,全玫,2021-05-03,15.5
212,全玫,2021-05-04,14.3
212,全玫,2021-05-05,16.4
212,全玫,2021-05-06,15.6
212,全玫,2021-05-07,14.6
212,全玫,2021-05-08,16.0
212,全玫,2021-05-09,18.3
212,全玫,2021-05-10,12.2
212,全玫,2021-05-11,20.7
212,全玫,2021-05-12,22.5
212,全玫,2021-05-13,25.9
212,全玫,2021-05-14,26.6
212,全玫,2021-05-15,20.7
212,全玫,2021-05-16,17.0
212,全玫,2021-05-17,15.2
212,全玫,2021-05-18,19.1
212,全玫,2021-05-19,22.5
212,全玫,2021-05-20,16.6
212,全玫,2021-05-21,16.5
212,全玫,2021-05-22,20.1
212,全玫,2021-05-23,21.7
212,全玫,2021-05-24,21.8
212,全玫,2021-05-25,12.7
212,全玫,2021-05-26,18.8
212,全玫,2021-05-27,15.0
212,全玫,2021-05-28,16.9
212,全玫,2021-05-29,16.7
212,全玫,2021-05-30,20.1
212,全玫,2021-05-31,19.8
212,全玫,2021-06-01,19.2
212,全玫,2021-06-02,23.7
212,全玫,2021-06-03,19.9
212,全玫,2021-06-04,19.8
212,全玫,2021-06-05,19.0
212,全玫,2021-06-06,24.5
212,全玫,2021-06-07,20.9
212,全玫,2021-06-08,23.2
212,全玫,2021-06-09,27.7
212,全玫,2021-06-10,27.2
212,全玫,2021-06-11,20.9
212,全玫,2021-06-12,25.2
212,全玫,2021-06-13,29.9
212,全玫,2021-06-14,28.4
212,全玫,2021-06-15,23.6
212,全玫,2021-06-16,29.0
212,全玫,2021-06-17,23.1
212,全玫,2021-06-18,21.4
212,全玫,2021-06-19,28.7
212,全玫,2021-06-20,29.3
212,全玫,2021-06-21,28.7
212,全玫,2021-06-22,26.8
212,全玫,2021-06-23,25.0
212,全玫,2021-06-24,25.3
212,全玫,2021-06-25,27.9
212,全玫,2021-06-26,21.7
212,全玫,2021-06-27,25.7
212,全玫,2021-06-28,24.5
212,全玫,2021-06-29,25.9
212,全玫,2021-06-30,25.9
212,全玫,2021-07-01,26.8
212,全玫,2021-07-02,27.6
212,全玫,2021-07-03,22.2
212,全玫,2021-07-04,22.3
212,全玫,2021-07-05,23.7
212,全玫,2021-07-06,26.3
212,全玫,2021-07-07,27.3
212,全玫,2021-07-08,28.8
212,全玫,2021-07-09,30.3
212,全玫,2021-07-10,24.9
212,全玫,2021-07-11,26.8
212,全玫,2021-07-12,29.5
212,全玫,2021-07-13,30.5
212,全玫,2021-07-14,31.9
212,全玫,2021-07-15,29.9
212,全玫,2021-07-16,29.5
212,全玫,2021-07-17,27.7
212,全玫,2021-07-18,31.6
212,全玫,2021-07-19,31.2
212,全玫,2021-07-20,29.4
212,全玫,2021-07-21,31.3
212,全玫,2021-07-22,31.8
212,全玫,2021-07-23,34.5
212,全玫,2021-07-24,33.6
212,全玫,2021-07-25,36.1
212,全玫,2021-07-26,37.0
212,全玫,2021-07-27,36.8
212,全玫,2021-07-28,36.1
212,全玫,2021-07-29,35.0
212,全玫,2021-07-30,35.0
212,全玫,2021-07-31,35.5
212,全玫,2021-08-01,29.8
212,全玫,2021-08-02,27.3
212,全玫,2021-08-03,28.7
212,全玫,2021-08-04,29.0
212,全玫,2021-08-05,28.8
212,全玫,2021-08-06,30.5
212,全玫,2021-08-07,28.2
212,全玫,2021-08-08,26.4
212,全玫,2021-08-09,27.8
212,全玫,2021-08-10,25.8
212,全玫,2021-08-11,30.8
212,全玫,2021-08-12,29.9
212,全玫,2021-08-13,29.3
212,全玫,2021-08-14,28.5
212,全玫,2021-08-15,29.8
212,全玫,2021-08-16,30.2
212,全玫,2021-08-17,30.8
212,全玫,2021-08-18,26.3
212,全玫,2021-08-19,30.3
212,全玫,2021-08-20,29.6
212,全玫,2021-08-21,24.5
212,全玫,2021-08-22,25.4
212,全玫,2021-08-23,21.9
212,全玫,2021-08-24,23.0
212,全玫,2021-08-25,23.7
212,全玫,2021-08-26,25.4
212,全玫,2021-08-27,22.3
212,全玫,2021-08-28,24.9
212,全玫,2021-08-29,23.7
212,全玫,2021-08-30,24.1
212,全玫,2021-08-31,20.3
212,全玫,2021-09-01,21.6
212,全玫,2021-09-02,23.9
212,全玫,2021-09-03,24.5
212,全玫,2021-09-04,23.6
212,全玫,2021-09-05,22.9
212,全玫,2021-09-06,22.8
212,全玫,2021-09-07,19.6
212,全玫,2021-09-08,24.4
212,全玫,2021-09-09,24.8
212,全玫,2021-09-10,23.9
212,全玫,2021-09-11,25.0
212,全玫,2021-09-12,26.3
212,全玫,2021-09-13,23.9
212,全玫,2021-09-14,26.3
212,全玫,2021-09-15,23.5
212,全玫,2021-09-16,24.6
212,全玫,2021-09-17,24.8
212,全玫,2021-09-18,27.4
212,全玫,2021-09-19,24.5
212,全玫,2021-09-20,24.3
212,全玫,2021-09-21,21.9
212,全玫,2021-09-22,21.4
212,全玫,2021-09-23,21.5
212,全玫,2021-09-24,21.8
212,全玫,2021-09-25,18.9
212,全玫,2021-09-26,21.3
212,全玫,2021-09-27,20.5
212,全玫,2021-09-28,22.3
212,全玫,2021-09-29,20.3
212,全玫,2021-09-30,21.4
212,全玫,2021-10-01,21.5
212,全玫,2021-10-02,20.3
212,全玫,2021-10-03,21.2
212,全玫,2021-10-04,19.6
212,全玫,2021-10-05,23.4
212,全玫,2021-10-06,18.3
212,全玫,2021-10-07,18.8
212,全玫,2021-10-08,18.6
212,全玫,2021-10-09,19.6
212,全玫,2021-10-10,20.6
212,全玫,2021-10-11,16.6
212,全玫,2021-10-12,16.3
212,全玫,2021-10-13,18.5
212,全玫,2021-10-14,19.7
212,全玫,2021-10-15,17.6
212,全玫,2021-10-16,12.7
212,全玫,2021-10-17,7.8
212,全玫,2021-10-18,9.0
212,全玫,2021-10-19,12.4
212,全玫,2021-10-20,11.0
212,全玫,2021-10-21,9.4
212,全玫,2021-10-22,11.7
212,全玫,2021-10-23,11.0
212,全玫,2021-10-24,10.6
212,全玫,2021-10-25,10.5
212,全玫,2021-10-26,11.2
212,全玫,2021-10-27,12.2
212,全玫,2021-10-28,10.6
212,全玫,2021-10-29,9.8
212,全玫,2021-10-30,10.6
212,全玫,2021-10-31,11.5
212,全玫,2021-11-01,11.7
212,全玫,2021-11-02,11.1
212,全玫,2021-11-03,11.4
212,全玫,2021-11-04,9.4
212,全玫,2021-11-05,9.8
212,全玫,2021-11-06,9.4
212,全玫,2021-11-07,9.7
212,全玫,2021-11-08,8.0
212,全玫,2021-11-09,5.0
212,全玫,2021-11-10,3.8
212,全玫,2021-11-11,2.9
212,全玫,2021-11-12,1.4
212,全玫,2021-11-13,3.2
212,全玫,2021-11-14,7.3
212,全玫,2021-11-15,5.6
212,全玫,2021-11-16,4.2
212,全玫,2021-11-17,3.3
212,全玫,2021-11-18,7.8
212,全玫,2021-11-19,9.5
212,全玫,2021-11-20,8.8
212,全玫,2021-11-21,7.7
212,全玫,2021-11-22,2.5
212,全玫,2021-11-23,-0.3
212,全玫,2021-11-24,1.1
212,全玫,2021-11-25,1.2
212,全玫,2021-11-26,-0.1
212,全玫,2021-11-27,-1.0
212,全玫,2021-11-28,-0.4
212,全玫,2021-11-29,1.0
212,全玫,2021-11-30,2.1
212,全玫,2021-12-01,-2.0
212,全玫,2021-12-02,-3.1
212,全玫,2021-12-03,-1.0
212,全玫,2021-12-04,-3.5
212,全玫,2021-12-05,-2.7
212,全玫,2021-12-06,-0.8
212,全玫,2021-12-07,0.7
212,全玫,2021-12-08,1.2
212,全玫,2021-12-09,-0.3
212,全玫,2021-12-10,2.1
212,全玫,2021-12-11,4.8
212,全玫,2021-12-12,0.6
212,全玫,2021-12-13,-4.9
212,全玫,2021-12-14,0.5
212,全玫,2021-12-15,3.4
212,全玫,2021-12-16,3.2
212,全玫,2021-12-17,-3.0
212,全玫,2021-12-18,-5.7
212,全玫,2021-12-19,-1.5
212,全玫,2021-12-20,0.7
212,全玫,2021-12-21,0.6
212,全玫,2021-12-22,-2.7
212,全玫,2021-12-23,-2.7
212,全玫,2021-12-24,-1.2
212,全玫,2021-12-25,-6.7
212,全玫,2021-12-26,-10.1
212,全玫,2021-12-27,-8.7
212,全玫,2021-12-28,-4.8
212,全玫,2021-12-29,-2.6
212,全玫,2021-12-30,-5.3
212,全玫,2021-12-31,-7.6
212,全玫,2022-01-01,-8.7
212,全玫,2022-01-02,-4.1
212,全玫,2022-01-03,-5.5
212,全玫,2022-01-04,-5.2
212,全玫,2022-01-05,-5.3
212,全玫,2022-01-06,-6.1
212,全玫,2022-01-07,-6.6
212,全玫,2022-01-08,-4.1
212,全玫,2022-01-09,-0.9
212,全玫,2022-01-10,-1.8
212,全玫,2022-01-11,-4.3
212,全玫,2022-01-12,-8.7
212,全玫,2022-01-13,-8.6
212,全玫,2022-01-14,-9.3
212,全玫,2022-01-15,-3.4
212,全玫,2022-01-16,-2.5
212,全玫,2022-01-17,-6.9
212,全玫,2022-01-18,-7.4
212,全玫,2022-01-19,-6.0
212,全玫,2022-01-20,-5.4
212,全玫,2022-01-21,-7.2
212,全玫,2022-01-22,-3.9
212,全玫,2022-01-23,-0.7
212,全玫,2022-01-24,0.3
212,全玫,2022-01-25,-0.3
212,全玫,2022-01-26,-0.4
212,全玫,2022-01-27,-2.8
212,全玫,2022-01-28,-4.2
212,全玫,2022-01-29,-5.1
212,全玫,2022-01-30,-5.2
212,全玫,2022-01-31,-4.5
212,全玫,2022-02-01,-2.5
212,全玫,2022-02-02,-2.4
212,全玫,2022-02-03,-3.6
212,全玫,2022-02-04,-5.5
212,全玫,2022-02-05,-6.7
212,全玫,2022-02-06,-5.3
212,全玫,2022-02-07,-4.1
212,全玫,2022-02-08,-1.3
212,全玫,2022-02-09,-2.2
212,全玫,2022-02-10,-0.5
212,全玫,2022-02-11,-0.5
212,全玫,2022-02-12,2.4
212,全玫,2022-02-13,0.8
212,全玫,2022-02-14,0.5
212,全玫,2022-02-15,-0.8
212,全玫,2022-02-16,-4.6
212,全玫,2022-02-17,-4.5
212,全玫,2022-02-18,-2.6
212,全玫,2022-02-19,1.5
212,全玫,2022-02-20,-2.2
212,全玫,2022-02-21,-3.2
212,全玫,2022-02-22,-2.0
212,全玫,2022-02-23,-3.5
212,全玫,2022-02-24,-1.8
212,全玫,2022-02-25,-0.9
212,全玫,2022-02-26,4.3
212,全玫,2022-02-27,2.6
212,全玫,2022-02-28,1.9
212,全玫,2022-03-01,1.2
212,全玫,2022-03-02,2.6
212,全玫,2022-03-03,3.3
212,全玫,2022-03-04,4.7
212,全玫,2022-03-05,3.9
212,全玫,2022-03-06,2.9
212,全玫,2022-03-07,2.7
212,全玫,2022-03-08,3.8
212,全玫,2022-03-09,6.1
212,全玫,2022-03-10,6.7
212,全玫,2022-03-11,8.0
212,全玫,2022-03-12,10.8
212,全玫,2022-03-13,10.5
212,全玫,2022-03-14,8.1
212,全玫,2022-03-15,7.7
212,全玫,2022-03-16,9.2
212,全玫,2022-03-17,9.2
212,全玫,2022-03-18,6.4
212,全玫,2022-03-19,1.0
212,全玫,2022-03-20,5.3
212,全玫,2022-03-21,4.5
212,全玫,2022-03-22,7.8
212,全玫,2022-03-23,4.3
212,全玫,2022-03-24,5.8
212,全玫,2022-03-25,10.1
212,全玫,2022-03-26,9.9
212,全玫,2022-03-27,8.2
212,全玫,2022-03-28,7.8
212,全玫,2022-03-29,10.3
212,全玫,2022-03-30,8.2
212,全玫,2022-03-31,11.2
212,全玫,2022-04-01,11.7
212,全玫,2022-04-02,12.1
212,全玫,2022-04-03,12.9
212,全玫,2022-04-04,13.3
212,全玫,2022-04-05,12.9
212,全玫,2022-04-06,13.3
212,全玫,2022-04-07,16.6
212,全玫,2022-04-08,15.9
212,全玫,2022-04-09,17.9
212,全玫,2022-04-10,20.0
212,全玫,2022-04-11,21.3
212,全玫,2022-04-12,23.6
212,全玫,2022-04-13,10.2
212,全玫,2022-04-14,9.5
212,全玫,2022-04-15,13.3
212,全玫,2022-04-16,15.7
212,全玫,2022-04-17,16.8
212,全玫,2022-04-18,16.5
212,全玫,2022-04-19,17.4
212,全玫,2022-04-20,18.5
212,全玫,2022-04-21,17.8
212,全玫,2022-04-22,15.8
212,全玫,2022-04-23,20.3
212,全玫,2022-04-24,19.5
212,全玫,2022-04-25,21.7
212,全玫,2022-04-26,22.5
212,全玫,2022-04-27,21.4
212,全玫,2022-04-28,21.1
212,全玫,2022-04-29,14.6
212,全玫,2022-04-30,13.6
212,全玫,2022-05-01,17.6
212,全玫,2022-05-02,16.2
212,全玫,2022-05-03,18.3
212,全玫,2022-05-04,20.7
212,全玫,2022-05-05,23.2
212,全玫,2022-05-06,24.6
212,全玫,2022-05-07,21.2
212,全玫,2022-05-08,15.3
212,全玫,2022-05-09,20.6
212,全玫,2022-05-10,21.9
212,全玫,2022-05-11,25.7
212,全玫,2022-05-12,26.4
212,全玫,2022-05-13,18.4
212,全玫,2022-05-14,19.2
212,全玫,2022-05-15,22.5
212,全玫,2022-05-16,23.3
212,全玫,2022-05-17,25.2
212,全玫,2022-05-18,22.0
212,全玫,2022-05-19,23.6
212,全玫,2022-05-20,25.5
212,全玫,2022-05-21,24.6
212,全玫,2022-05-22,23.7
212,全玫,2022-05-23,26.7
212,全玫,2022-05-24,28.6
212,全玫,2022-05-25,26.7
212,全玫,2022-05-26,21.1
212,全玫,2022-05-27,21.1
212,全玫,2022-05-28,25.6
212,全玫,2022-05-29,27.0
212,全玫,2022-05-30,21.3
212,全玫,2022-05-31,24.7
212,全玫,2022-06-01,27.0
212,全玫,2022-06-02,27.5
212,全玫,2022-06-03,30.5
212,全玫,2022-06-04,28.1
212,全玫,2022-06-05,20.4
212,全玫,2022-06-06,18.4
212,全玫,2022-06-07,19.3
212,全玫,2022-06-08,23.4
212,全玫,2022-06-09,21.0
212,全玫,2022-06-10,22.7
212,全玫,2022-06-11,25.2
212,全玫,2022-06-12,28.9
212,全玫,2022-06-13,23.1
212,全玫,2022-06-14,20.9
212,全玫,2022-06-15,18.2
212,全玫,2022-06-16,20.6
212,全玫,2022-06-17,25.5
212,全玫,2022-06-18,26.7
212,全玫,2022-06-19,25.1
212,全玫,2022-06-20,31.7
212,全玫,2022-06-21,32.7
212,全玫,2022-06-22,32.1
212,全玫,2022-06-23,24.9
212,全玫,2022-06-24,26.2
212,全玫,2022-06-25,26.4
212,全玫,2022-06-26,25.4
212,全玫,2022-06-27,25.5
212,全玫,2022-06-28,24.6
212,全玫,2022-06-29,25.9
212,全玫,2022-06-30,22.8
212,全玫,2022-07-01,27.5
212,全玫,2022-07-02,28.7
212,全玫,2022-07-03,32.0
212,全玫,2022-07-04,32.2
212,全玫,2022-07-05,28.8
212,全玫,2022-07-06,29.4
212,全玫,2022-07-07,28.2
212,全玫,2022-07-08,26.6
212,全玫,2022-07-09,29.5
212,全玫,2022-07-10,33.6
212,全玫,2022-07-11,26.5
212,全玫,2022-07-12,27.1
212,全玫,2022-07-13,23.1
212,全玫,2022-07-14,26.5
212,全玫,2022-07-15,26.8
212,全玫,2022-07-16,24.7
212,全玫,2022-07-17,24.7
212,全玫,2022-07-18,26.6
212,全玫,2022-07-19,26.2
212,全玫,2022-07-20,27.2
212,全玫,2022-07-21,23.2
212,全玫,2022-07-22,24.6
212,全玫,2022-07-23,25.8
212,全玫,2022-07-24,24.9
212,全玫,2022-07-25,29.8
212,全玫,2022-07-26,31.1
212,全玫,2022-07-27,29.0
212,全玫,2022-07-28,32.0
212,全玫,2022-07-29,32.5
212,全玫,2022-07-30,35.7
212,全玫,2022-07-31,27.4
212,全玫,2022-08-01,27.5
212,全玫,2022-08-02,27.1
212,全玫,2022-08-03,26.9
212,全玫,2022-08-04,29.6
212,全玫,2022-08-05,30.7
212,全玫,2022-08-06,30.5
212,全玫,2022-08-07,30.1
212,全玫,2022-08-08,25.7
212,全玫,2022-08-09,25.1
212,全玫,2022-08-10,26.6
212,全玫,2022-08-11,25.2
212,全玫,2022-08-12,29.4
212,全玫,2022-08-13,25.0
212,全玫,2022-08-14,27.1
212,全玫,2022-08-15,26.1
212,全玫,2022-08-16,29.0
212,全玫,2022-08-17,27.2
212,全玫,2022-08-18,27.1
212,全玫,2022-08-19,25.6
212,全玫,2022-08-20,28.5
212,全玫,2022-08-21,30.0
212,全玫,2022-08-22,27.4
212,全玫,2022-08-23,28.5
212,全玫,2022-08-24,25.1
212,全玫,2022-08-25,23.4
212,全玫,2022-08-26,27.9
212,全玫,2022-08-27,27.9
212,全玫,2022-08-28,28.0
212,全玫,2022-08-29,21.1
212,全玫,2022-08-30,19.5
212,全玫,2022-08-31,21.2
212,全玫,2022-09-01,23.2
212,全玫,2022-09-02,25.1
212,全玫,2022-09-03,24.7
212,全玫,2022-09-04,21.9
212,全玫,2022-09-05,21.0
212,全玫,2022-09-06,21.0
212,全玫,2022-09-07,22.0
212,全玫,2022-09-08,23.8
212,全玫,2022-09-09,25.4
212,全玫,2022-09-10,22.8
212,全玫,2022-09-11,23.1
212,全玫,2022-09-12,24.9
212,全玫,2022-09-13,23.9
212,全玫,2022-09-14,23.7
212,全玫,2022-09-15,26.5
212,全玫,2022-09-16,27.1
212,全玫,2022-09-17,27.5
212,全玫,2022-09-18,25.6
212,全玫,2022-09-19,24.4
212,全玫,2022-09-20,21.7
212,全玫,2022-09-21,22.6
212,全玫,2022-09-22,21.6
212,全玫,2022-09-23,18.0
212,全玫,2022-09-24,19.4
212,全玫,2022-09-25,20.5
212,全玫,2022-09-26,21.8
212,全玫,2022-09-27,22.3
212,全玫,2022-09-28,20.2
212,全玫,2022-09-29,22.5
212,全玫,2022-09-30,21.9
212,全玫,2022-10-01,22.1
212,全玫,2022-10-02,16.5
212,全玫,2022-10-03,18.9
212,全玫,2022-10-04,19.6
212,全玫,2022-10-05,17.2
212,全玫,2022-10-06,15.6
212,全玫,2022-10-07,15.7
212,全玫,2022-10-08,15.6
212,全玫,2022-10-09,13.5
212,全玫,2022-10-10,10.6
212,全玫,2022-10-11,12.9
212,全玫,2022-10-12,14.5
212,全玫,2022-10-13,16.3
212,全玫,2022-10-14,16.9
212,全玫,2022-10-15,19.1
212,全玫,2022-10-16,15.4
212,全玫,2022-10-17,14.7
212,全玫,2022-10-18,11.1
212,全玫,2022-10-19,11.3
212,全玫,2022-10-20,11.7
212,全玫,2022-10-21,14.2
212,全玫,2022-10-22,14.0
212,全玫,2022-10-23,12.3
212,全玫,2022-10-24,11.2
212,全玫,2022-10-25,9.4
212,全玫,2022-10-26,11.3
212,全玫,2022-10-27,11.9
212,全玫,2022-10-28,13.1
212,全玫,2022-10-29,13.2
212,全玫,2022-10-30,13.2
212,全玫,2022-10-31,12.1
212,全玫,2022-11-01,11.7
212,全玫,2022-11-02,10.2
212,全玫,2022-11-03,7.6
212,全玫,2022-11-04,4.6
212,全玫,2022-11-05,3.3
212,全玫,2022-11-06,5.8
212,全玫,2022-11-07,7.6
212,全玫,2022-11-08,9.0
212,全玫,2022-11-09,7.7
212,全玫,2022-11-10,9.4
212,全玫,2022-11-11,10.4
212,全玫,2022-11-12,12.5
212,全玫,2022-11-13,11.9
212,全玫,2022-11-14,8.5
212,全玫,2022-11-15,6.2
212,全玫,2022-11-16,7.2
212,全玫,2022-11-17,6.1
212,全玫,2022-11-18,6.0
212,全玫,2022-11-19,6.5
212,全玫,2022-11-20,7.2
212,全玫,2022-11-21,6.6
212,全玫,2022-11-22,8.0
212,全玫,2022-11-23,8.6
212,全玫,2022-11-24,5.1
212,全玫,2022-11-25,5.1
212,全玫,2022-11-26,5.1
212,全玫,2022-11-27,1.9
212,全玫,2022-11-28,4.9
212,全玫,2022-11-29,7.5
212,全玫,2022-11-30,-2.3
212,全玫,2022-12-01,-4.2
212,全玫,2022-12-02,-4.6
212,全玫,2022-12-03,-0.4
212,全玫,2022-12-04,-1.9
212,全玫,2022-12-05,-3.6
212,全玫,2022-12-06,-2.1
212,全玫,2022-12-07,-0.7
212,全玫,2022-12-08,-1.8
212,全玫,2022-12-09,-0.6
212,全玫,2022-12-10,-1.1
212,全玫,2022-12-11,-2.6
212,全玫,2022-12-12,-1.5
212,全玫,2022-12-13,0.5
212,全玫,2022-12-14,-4.2
212,全玫,2022-12-15,-3.5
212,全玫,2022-12-16,-1.8
212,全玫,2022-12-17,-2.3
212,全玫,2022-12-18,-4.4
212,全玫,2022-12-19,-4.5
212,全玫,2022-12-20,-3.8
212,全玫,2022-12-21,-1.5
212,全玫,2022-12-22,-1.3
212,全玫,2022-12-23,-2.3
212,全玫,2022-12-24,-3.0
212,全玫,2022-12-25,-3.0
212,全玫,2022-12-26,-2.9
212,全玫,2022-12-27,-2.8
212,全玫,2022-12-28,-2.2
212,全玫,2022-12-29,-2.8
212,全玫,2022-12-30,-1.9
212,全玫,2022-12-31,-2.3
212,全玫,2023-01-01,-1.8
212,全玫,2023-01-02,-3.4
212,全玫,2023-01-03,-4.2
212,全玫,2023-01-04,-4.2
212,全玫,2023-01-05,-3.8
212,全玫,2023-01-06,-3.0
212,全玫,2023-01-07,-0.7
212,全玫,2023-01-08,-0.8
212,全玫,2023-01-09,-0.3
212,全玫,2023-01-10,-0.8
212,全玫,2023-01-11,-1.2
212,全玫,2023-01-12,-1.1
212,全玫,2023-01-13,0.1
212,全玫,2023-01-14,0.8
212,全玫,2023-01-15,-0.2
212,全玫,2023-01-16,-0.2
212,全玫,2023-01-17,-0.3
212,全玫,2023-01-18,-0.5
212,全玫,2023-01-19,-0.8
212,全玫,2023-01-20,-0.6
212,全玫,2023-01-21,-1.6
212,全玫,2023-01-22,-1.1
212,全玫,2023-01-23,-0.9
212,全玫,2023-01-24,-3.7
212,全玫,2023-01-25,-5.7
212,全玫,2023-01-26,-3.2
212,全玫,2023-01-27,-2.7
212,全玫,2023-01-28,-4.4
212,全玫,2023-01-29,-3.3
212,全玫,2023-01-30,-2.2
212,全玫,2023-01-31,-2.3
212,全玫,2023-02-01,-0.7
212,全玫,2023-02-02,-1.3
212,全玫,2023-02-03,-1.5
212,全玫,2023-02-04,-2.5
212,全玫,2023-02-05,-2.4
212,全玫,2023-02-06,-1.4
212,全玫,2023-02-07,-0.4
212,全玫,2023-02-08,0.3
212,全玫,2023-02-09,0.1
212,全玫,2023-02-10,0.7
212,全玫,2023-02-11,1.6
212,全玫,2023-02-12,0.2
212,全玫,2023-02-13,1.3
212,全玫,2023-02-14,1.3
212,全玫,2023-02-15,0.8
212,全玫,2023-02-16,-0.1
212,全玫,2023-02-17,1.9
212,全玫,2023-02-18,1.3
212,全玫,2023-02-19,3.5
212,全玫,2023-02-20,1.5
212,全玫,2023-02-21,1.0
212,全玫,2023-02-22,1.1
212,全玫,2023-02-23,2.9
212,全玫,2023-02-24,3.1
212,全玫,2023-02-25,2.3
212,全玫,2023-02-26,2.4
212,全玫,2023-02-27,3.3
212,全玫,2023-02-28,3.5
212,全玫,2023-03-01,3.3
212,全玫,2023-03-02,3.5
212,全玫,2023-03-03,4.4
212,全玫,2023-03-04,5.9
212,全玫,2023-03-05,6.3
212,全玫,2023-03-06,6.8
212,全玫,2023-03-07,8.1
212,全玫,2023-03-08,6.2
212,全玫,2023-03-09,9.6
212,全玫,2023-03-10,9.7
212,全玫,2023-03-11,11.5
212,全玫,2023-03-12,5.5
212,全玫,2023-03-13,3.4
212,全玫,2023-03-14,6.0
212,全玫,2023-03-15,6.7
212,全玫,2023-03-16,6.2
212,全玫,2023-03-17,5.4
212,全玫,2023-03-18,8.9
212,全玫,2023-03-19,8.9
212,全玫,2023-03-20,9.0
212,全玫,2023-03-21,11.6
212,全玫,2023-03-22,14.6
212,全玫,2023-03-23,13.8
212,全玫,2023-03-24,12.4
212,全玫,2023-03-25,14.0
212,全玫,2023-03-26,14.4
212,全玫,2023-03-27,11.0
212,全玫,2023-03-28,10.2
212,全玫,2023-03-29,12.3
212,全玫,2023-03-30,14.1
212,全玫,2023-03-31,15.4
212,全玫,2023-04-01,16.6
212,全玫,2023-04-02,17.6
212,全玫,2023-04-03,17.4
212,全玫,2023-04-04,16.5
212,全玫,2023-04-05,12.7
212,全玫,2023-04-06,10.7
212,全玫,2023-04-07,10.0
212,全玫,2023-04-08,10.3
212,全玫,2023-04-09,13.1
212,全玫,2023-04-10,13.5
212,全玫,2023-04-11,10.6
212,全玫,2023-04-12,12.1
212,全玫,2023-04-13,11.9
212,全玫,2023-04-14,15.1
212,全玫,2023-04-15,11.9
212,全玫,2023-04-16,10.5
212,全玫,2023-04-17,10.9
212,全玫,2023-04-18,13.0
212,全玫,2023-04-19,19.5
212,全玫,2023-04-20,16.7
212,全玫,2023-04-21,19.6
212,全玫,2023-04-22,16.4
212,全玫,2023-04-23,16.0
212,全玫,2023-04-24,16.4
212,全玫,2023-04-25,10.8
212,全玫,2023-04-26,11.6
212,全玫,2023-04-27,16.1
212,全玫,2023-04-28,18.0
212,全玫,2023-04-29,14.5
212,全玫,2023-04-30,13.9
212,全玫,2023-05-01,16.8
212,全玫,2023-05-02,16.2
212,全玫,2023-05-03,19.9
212,全玫,2023-05-04,22.0
212,全玫,2023-05-05,18.5
212,全玫,2023-05-06,12.6
212,全玫,2023-05-07,12.1
212,全玫,2023-05-08,16.4
212,全玫,2023-05-09,18.5
212,全玫,2023-05-10,20.1
212,全玫,2023-05-11,22.6
212,全玫,2023-05-12,21.3
212,全玫,2023-05-13,23.0
212,全玫,2023-05-14,21.7
212,全玫,2023-05-15,24.3
212,全玫,2023-05-16,26.5
212,全玫,2023-05-17,26.0
212,全玫,2023-05-18,21.7
212,全玫,2023-05-19,24.6
212,全玫,2023-05-20,25.4
212,全玫,2023-05-21,24.7
212,全玫,2023-05-22,24.4
212,全玫,2023-05-23,25.9
212,全玫,2023-05-24,26.1
212,全玫,2023-05-25,28.5
212,全玫,2023-05-26,27.9
212,全玫,2023-05-27,19.5
212,全玫,2023-05-28,19.6
212,全玫,2023-05-29,23.7
212,全玫,2023-05-30,24.1
212,全玫,2023-05-31,24.8
212,全玫,2023-06-01,23.0
212,全玫,2023-06-02,25.0
212,全玫,2023-06-03,26.7
212,全玫,2023-06-04,25.0
212,全玫,2023-06-05,25.2
212,全玫,2023-06-06,26.5
212,全玫,2023-06-07,28.5
212,全玫,2023-06-08,24.5
212,全玫,2023-06-09,24.3
212,全玫,2023-06-10,24.4
212,全玫,2023-06-11,22.1
212,全玫,2023-06-12,24.4
212,全玫,2023-06-13,24.9
212,全玫,2023-06-14,25.3
212,全玫,2023-06-15,26.4
212,全玫,2023-06-16,29.7
212,全玫,2023-06-17,30.2
212,全玫,2023-06-18,30.9
212,全玫,2023-06-19,32.5
212,全玫,2023-06-20,25.8
212,全玫,2023-06-21,22.0
212,全玫,2023-06-22,23.9
212,全玫,2023-06-23,26.3
212,全玫,2023-06-24,29.0
212,全玫,2023-06-25,30.0
212,全玫,2023-06-26,23.3
212,全玫,2023-06-27,26.0
212,全玫,2023-06-28,27.2
212,全玫,2023-06-29,24.2
212,全玫,2023-06-30,26.0
212,全玫,2023-07-01,29.1
212,全玫,2023-07-02,28.2
212,全玫,2023-07-03,29.6
212,全玫,2023-07-04,29.3
212,全玫,2023-07-05,25.7
212,全玫,2023-07-06,27.6
212,全玫,2023-07-07,26.0
212,全玫,2023-07-08,27.9
212,全玫,2023-07-09,26.0
212,全玫,2023-07-10,27.1
212,全玫,2023-07-11,23.7
212,全玫,2023-07-12,26.1
212,全玫,2023-07-13,24.6
212,全玫,2023-07-14,24.4
212,全玫,2023-07-15,24.1
212,全玫,2023-07-16,24.3
212,全玫,2023-07-17,24.8
212,全玫,2023-07-18,23.9
212,全玫,2023-07-19,28.0
212,全玫,2023-07-20,28.7
212,全玫,2023-07-21,29.8
212,全玫,2023-07-22,28.2
212,全玫,2023-07-23,25.2
212,全玫,2023-07-24,27.6
212,全玫,2023-07-25,29.0
212,全玫,2023-07-26,26.4
212,全玫,2023-07-27,29.9
212,全玫,2023-07-28,30.6
212,全玫,2023-07-29,31.4
212,全玫,2023-07-30,31.9
212,全玫,2023-07-31,30.8
212,全玫,2023-08-01,31.2
212,全玫,2023-08-02,30.9
212,全玫,2023-08-03,32.4
212,全玫,2023-08-04,32.6
212,全玫,2023-08-05,34.9
212,全玫,2023-08-06,34.1
212,全玫,2023-08-07,33.3
212,全玫,2023-08-08,34.4
212,全玫,2023-08-09,29.4
212,全玫,2023-08-10,22.8
212,全玫,2023-08-11,22.8
212,全玫,2023-08-12,24.7
212,全玫,2023-08-13,27.2
212,全玫,2023-08-14,29.3
212,全玫,2023-08-15,30.1
212,全玫,2023-08-16,29.5
212,全玫,2023-08-17,28.4
212,全玫,2023-08-18,31.5
212,全玫,2023-08-19,32.2
212,全玫,2023-08-20,30.6
212,全玫,2023-08-21,30.9
212,全玫,2023-08-22,29.7
212,全玫,2023-08-23,26.1
212,全玫,2023-08-24,25.3
212,全玫,2023-08-25,27.7
212,全玫,2023-08-26,27.9
212,全玫,2023-08-27,26.1
212,全玫,2023-08-28,23.7
212,全玫,2023-08-29,24.2
212,全玫,2023-08-30,22.9
212,全玫,2023-08-31,24.6
212,全玫,2023-09-01,24.3
212,全玫,2023-09-02,25.2
212,全玫,2023-09-03,25.8
212,全玫,2023-09-04,26.9
212,全玫,2023-09-05,28.3
212,全玫,2023-09-06,28.1
212,全玫,2023-09-07,27.3
212,全玫,2023-09-08,27.3
212,全玫,2023-09-09,28.5
212,全玫,2023-09-10,28.9
212,全玫,2023-09-11,28.0
212,全玫,2023-09-12,27.9
212,全玫,2023-09-13,22.0
212,全玫,2023-09-14,22.0
212,全玫,2023-09-15,21.8
212,全玫,2023-09-16,23.8
212,全玫,2023-09-17,25.0
212,全玫,2023-09-18,26.0
212,全玫,2023-09-19,23.8
212,全玫,2023-09-20,21.3
212,全玫,2023-09-21,20.5
212,全玫,2023-09-22,20.8
212,全玫,2023-09-23,21.0
212,全玫,2023-09-24,21.6
212,全玫,2023-09-25,23.1
212,全玫,2023-09-26,21.0
212,全玫,2023-09-27,21.7
212,全玫,2023-09-28,22.7
212,全玫,2023-09-29,22.1
212,全玫,2023-09-30,19.7
212,全玫,2023-10-01,20.8
212,全玫,2023-10-02,19.2
212,全玫,2023-10-03,16.3
212,全玫,2023-10-04,17.7
212,全玫,2023-10-05,15.6
212,全玫,2023-10-06,16.2
212,全玫,2023-10-07,16.0
212,全玫,2023-10-08,16.1
212,全玫,2023-10-09,16.0
212,全玫,2023-10-10,17.7
212,全玫,2023-10-11,16.4
212,全玫,2023-10-12,17.4
212,全玫,2023-10-13,16.2
212,全玫,2023-10-14,14.9
212,全玫,2023-10-15,16.1
212,全玫,2023-10-16,16.4
212,全玫,2023-10-17,15.3
212,全玫,2023-10-18,14.4
212,全玫,2023-10-19,13.3
212,全玫,2023-10-20,12.5
212,全玫,2023-10-21,10.5
212,全玫,2023-10-22,11.1
212,全玫,2023-10-23,14.0
212,全玫,2023-10-24,14.0
212,全玫,2023-10-25,15.6
212,全玫,2023-10-26,14.6
212,全玫,2023-10-27,14.1
212,全玫,2023-10-28,13.1
212,全玫,2023-10-29,12.5
212,全玫,2023-10-30,12.1
212,全玫,2023-10-31,12.3
212,全玫,2023-11-01,13.6
212,全玫,2023-11-02,15.7
212,全玫,2023-11-03,14.4
212,全玫,2023-11-04,15.3
212,全玫,2023-11-05,15.6
212,全玫,2023-11-06,14.7
212,全玫,2023-11-07,7.5
212,全玫,2023-11-08,7.0
212,全玫,2023-11-09,10.2
212,全玫,2023-11-10,6.6
212,全玫,2023-11-11,3.3
212,全玫,2023-11-12,2.2
212,全玫,2023-11-13,2.0
212,全玫,2023-11-14,2.7
212,全玫,2023-11-15,3.7
212,全玫,2023-11-16,4.4
212,全玫,2023-11-17,3.5
212,全玫,2023-11-18,0.9
212,全玫,2023-11-19,2.7
212,全玫,2023-11-20,3.8
212,全玫,2023-11-21,3.3
212,全玫,2023-11-22,4.1
212,全玫,2023-11-23,7.0
212,全玫,2023-11-24,0.9
212,全玫,2023-11-25,-0.2
212,全玫,2023-11-26,2.2
212,全玫,2023-11-27,3.9
212,全玫,2023-11-28,1.7
212,全玫,2023-11-29,-0.2
212,全玫,2023-11-30,-2.1
212,全玫,2023-12-01,-2.6
212,全玫,2023-12-02,-0.9
212,全玫,2023-12-03,-0.7
212,全玫,2023-12-04,-1.2
212,全玫,2023-12-05,0.6
212,全玫,2023-12-06,1.2
212,全玫,2023-12-07,2.4
212,全玫,2023-12-08,3.5
212,全玫,2023-12-09,7.5
212,全玫,2023-12-10,7.7
212,全玫,2023-12-11,7.0
212,全玫,2023-12-12,4.5
212,全玫,2023-12-13,4.7
212,全玫,2023-12-14,5.8
212,全玫,2023-12-15,4.4
212,全玫,2023-12-16,0.6
212,全玫,2023-12-17,-4.5
212,全玫,2023-12-18,-4.3
212,全玫,2023-12-19,-2.2
212,全玫,2023-12-20,-2.5
212,全玫,2023-12-21,-5.6
212,全玫,2023-12-22,-6.3
212,全玫,2023-12-23,-6.0
212,全玫,2023-12-24,-3.6
212,全玫,2023-12-25,-2.2
212,全玫,2023-12-26,-1.7
212,全玫,2023-12-27,-2.4
212,全玫,2023-12-28,-2.0
212,全玫,2023-12-29,-2.5
212,全玫,2023-12-30,-2.0
212,全玫,2023-12-31,-0.3
212,全玫,2024-01-01,-0.2
