지점,지점명,일시,평균기온(°C),평균 전운량(1/10),평균 중하층운량(1/10)
106,동해,2017-01-01,7.1,,
106,동해,2017-01-02,10.0,,
106,동해,2017-01-03,8.2,,
106,동해,2017-01-04,7.7,,
106,동해,2017-01-05,4.0,,
106,동해,2017-01-06,5.6,,
106,동해,2017-01-07,6.6,,
106,동해,2017-01-08,7.7,,
106,동해,2017-01-09,7.3,,
106,동해,2017-01-10,3.0,,
106,동해,2017-01-11,0.9,,
106,동해,2017-01-12,3.4,,
106,동해,2017-01-13,-0.2,,
106,동해,2017-01-14,-3.7,,
106,동해,2017-01-15,0.2,,
106,동해,2017-01-16,1.8,,
106,동해,2017-01-17,3.2,,
106,동해,2017-01-18,4.5,,
106,동해,2017-01-19,3.8,,
106,동해,2017-01-20,1.5,,
106,동해,2017-01-21,-0.3,,
106,동해,2017-01-22,-2.0,,
106,동해,2017-01-23,-3.0,,
106,동해,2017-01-24,-1.1,,
106,동해,2017-01-25,0.5,,
106,동해,2017-01-26,4.5,,
106,동해,2017-01-27,5.8,,
106,동해,2017-01-28,4.1,,
106,동해,2017-01-29,6.0,,
106,동해,2017-01-30,2.0,,
106,동해,2017-01-31,1.0,,
106,동해,2017-02-01,2.4,,
106,동해,2017-02-02,5.1,,
106,동해,2017-02-03,6.6,,
106,동해,2017-02-04,8.3,,
106,동해,2017-02-05,8.1,,
106,동해,2017-02-06,3.8,,
106,동해,2017-02-07,3.8,,
106,동해,2017-02-08,4.4,,
106,동해,2017-02-09,1.1,,
106,동해,2017-02-10,-2.0,,
106,동해,2017-02-11,-0.4,,
106,동해,2017-02-12,2.0,,
106,동해,2017-02-13,4.0,,
106,동해,2017-02-14,3.6,,
106,동해,2017-02-15,7.7,,
106,동해,2017-02-16,13.4,,
106,동해,2017-02-17,8.8,,
106,동해,2017-02-18,3.7,,
106,동해,2017-02-19,6.2,,
106,동해,2017-02-20,6.8,,
106,동해,2017-02-21,3.6,,
106,동해,2017-02-22,6.0,,
106,동해,2017-02-23,5.5,,
106,동해,2017-02-24,3.5,,
106,동해,2017-02-25,6.6,,
106,동해,2017-02-26,5.5,,
106,동해,2017-02-27,5.2,,
106,동해,2017-02-28,7.9,,
106,동해,2017-03-01,9.9,,
106,동해,2017-03-02,4.9,,
106,동해,2017-03-03,7.6,,
106,동해,2017-03-04,8.3,,
106,동해,2017-03-05,8.1,,
106,동해,2017-03-06,5.2,,
106,동해,2017-03-07,2.7,,
106,동해,2017-03-08,3.9,,
106,동해,2017-03-09,7.4,,
106,동해,2017-03-10,6.8,,
106,동해,2017-03-11,8.7,,
106,동해,2017-03-12,11.9,,
106,동해,2017-03-13,8.5,,
106,동해,2017-03-14,4.7,,
106,동해,2017-03-15,6.2,,
106,동해,2017-03-16,7.3,,
106,동해,2017-03-17,8.5,,
106,동해,2017-03-18,11.9,,
106,동해,2017-03-19,11.0,,
106,동해,2017-03-20,11.6,,
106,동해,2017-03-21,7.4,,
106,동해,2017-03-22,8.3,,
106,동해,2017-03-23,9.2,,
106,동해,2017-03-24,8.2,,
106,동해,2017-03-25,7.9,,
106,동해,2017-03-26,7.4,,
106,동해,2017-03-27,8.2,,
106,동해,2017-03-28,9.6,,
106,동해,2017-03-29,11.2,,
106,동해,2017-03-30,12.6,,
106,동해,2017-03-31,8.8,,
106,동해,2017-04-01,7.4,,
106,동해,2017-04-02,9.7,,
106,동해,2017-04-03,16.1,,
106,동해,2017-04-04,15.5,,
106,동해,2017-04-05,15.4,,
106,동해,2017-04-06,15.8,,
106,동해,2017-04-07,14.7,,
106,동해,2017-04-08,14.5,,
106,동해,2017-04-09,12.0,,
106,동해,2017-04-10,10.9,,
106,동해,2017-04-11,11.5,,
106,동해,2017-04-12,12.8,,
106,동해,2017-04-13,14.8,,
106,동해,2017-04-14,18.3,,
106,동해,2017-04-15,21.5,,
106,동해,2017-04-16,22.3,,
106,동해,2017-04-17,14.7,,
106,동해,2017-04-18,14.2,,
106,동해,2017-04-19,14.2,,
106,동해,2017-04-20,14.1,,
106,동해,2017-04-21,13.6,,
106,동해,2017-04-22,12.8,,
106,동해,2017-04-23,16.5,,
106,동해,2017-04-24,18.0,,
106,동해,2017-04-25,19.0,,
106,동해,2017-04-26,14.2,,
106,동해,2017-04-27,13.4,,
106,동해,2017-04-28,19.9,,
106,동해,2017-04-29,18.0,,
106,동해,2017-04-30,22.2,,
106,동해,2017-05-01,15.9,,
106,동해,2017-05-02,14.7,,
106,동해,2017-05-03,15.9,,
106,동해,2017-05-04,17.7,,
106,동해,2017-05-05,21.5,,
106,동해,2017-05-06,18.6,,
106,동해,2017-05-07,20.4,,
106,동해,2017-05-08,23.5,,
106,동해,2017-05-09,15.4,,
106,동해,2017-05-10,14.5,,
106,동해,2017-05-11,21.6,,
106,동해,2017-05-12,21.9,,
106,동해,2017-05-13,16.7,,
106,동해,2017-05-14,19.6,,
106,동해,2017-05-15,18.0,,
106,동해,2017-05-16,16.3,,
106,동해,2017-05-17,16.3,,
106,동해,2017-05-18,23.0,,
106,동해,2017-05-19,27.0,,
106,동해,2017-05-20,24.6,,
106,동해,2017-05-21,21.5,,
106,동해,2017-05-22,17.4,,
106,동해,2017-05-23,17.4,,
106,동해,2017-05-24,17.6,,
106,동해,2017-05-25,20.0,,
106,동해,2017-05-26,14.9,,
106,동해,2017-05-27,16.6,,
106,동해,2017-05-28,21.2,,
106,동해,2017-05-29,23.3,,
106,동해,2017-05-30,23.9,,
106,동해,2017-05-31,22.9,,
106,동해,2017-06-01,18.5,,
106,동해,2017-06-02,16.6,,
106,동해,2017-06-03,17.5,,
106,동해,2017-06-04,17.8,,
106,동해,2017-06-05,17.6,,
106,동해,2017-06-06,17.1,,
106,동해,2017-06-07,17.4,,
106,동해,2017-06-08,24.3,,
106,동해,2017-06-09,26.3,,
106,동해,2017-06-10,19.5,,
106,동해,2017-06-11,17.6,,
106,동해,2017-06-12,17.5,,
106,동해,2017-06-13,16.7,,
106,동해,2017-06-14,21.4,,
106,동해,2017-06-15,23.0,,
106,동해,2017-06-16,19.1,,
106,동해,2017-06-17,18.3,,
106,동해,2017-06-18,18.7,,
106,동해,2017-06-19,20.3,,
106,동해,2017-06-20,20.6,,
106,동해,2017-06-21,21.9,,
106,동해,2017-06-22,22.2,,
106,동해,2017-06-23,21.8,,
106,동해,2017-06-24,21.2,,
106,동해,2017-06-25,21.3,,
106,동해,2017-06-26,21.7,,
106,동해,2017-06-27,21.9,,
106,동해,2017-06-28,22.2,,
106,동해,2017-06-29,22.4,,
106,동해,2017-06-30,24.9,,
106,동해,2017-07-01,27.7,,
106,동해,2017-07-02,23.4,,
106,동해,2017-07-03,24.1,,
106,동해,2017-07-04,23.5,,
106,동해,2017-07-05,23.3,,
106,동해,2017-07-06,22.4,,
106,동해,2017-07-07,22.6,,
106,동해,2017-07-08,25.4,,
106,동해,2017-07-09,27.0,,
106,동해,2017-07-10,24.9,,
106,동해,2017-07-11,27.9,,
106,동해,2017-07-12,28.3,,
106,동해,2017-07-13,28.6,,
106,동해,2017-07-14,28.4,,
106,동해,2017-07-15,26.2,,
106,동해,2017-07-16,26.8,,
106,동해,2017-07-17,29.5,,
106,동해,2017-07-18,27.6,,
106,동해,2017-07-19,26.4,,
106,동해,2017-07-20,27.6,,
106,동해,2017-07-21,30.0,,
106,동해,2017-07-22,23.7,,
106,동해,2017-07-23,23.4,,
106,동해,2017-07-24,23.9,,
106,동해,2017-07-25,24.4,,
106,동해,2017-07-26,24.2,,
106,동해,2017-07-27,22.9,,
106,동해,2017-07-28,23.1,,
106,동해,2017-07-29,22.7,,
106,동해,2017-07-30,24.0,,
106,동해,2017-07-31,23.2,,
106,동해,2017-08-01,23.9,,
106,동해,2017-08-02,24.3,,
106,동해,2017-08-03,24.8,,
106,동해,2017-08-04,26.0,,
106,동해,2017-08-05,27.4,,
106,동해,2017-08-06,27.1,,
106,동해,2017-08-07,26.8,,
106,동해,2017-08-08,27.3,,
106,동해,2017-08-09,24.8,,
106,동해,2017-08-10,24.4,,
106,동해,2017-08-11,23.8,,
106,동해,2017-08-12,24.1,,
106,동해,2017-08-13,23.2,,
106,동해,2017-08-14,23.0,,
106,동해,2017-08-15,22.7,,
106,동해,2017-08-16,21.7,,
106,동해,2017-08-17,22.2,,
106,동해,2017-08-18,23.5,,
106,동해,2017-08-19,23.3,,
106,동해,2017-08-20,23.2,,
106,동해,2017-08-21,25.7,,
106,동해,2017-08-22,26.9,,
106,동해,2017-08-23,26.8,,
106,동해,2017-08-24,29.4,,
106,동해,2017-08-25,26.2,,
106,동해,2017-08-26,23.1,,
106,동해,2017-08-27,22.6,,
106,동해,2017-08-28,23.4,,
106,동해,2017-08-29,21.3,,
106,동해,2017-08-30,21.2,,
106,동해,2017-08-31,21.8,,
106,동해,2017-09-01,20.3,,
106,동해,2017-09-02,19.8,,
106,동해,2017-09-03,20.5,,
106,동해,2017-09-04,21.7,,
106,동해,2017-09-05,20.7,,
106,동해,2017-09-06,22.0,,
106,동해,2017-09-07,22.8,,
106,동해,2017-09-08,23.6,,
106,동해,2017-09-09,23.7,,
106,동해,2017-09-10,22.8,,
106,동해,2017-09-11,20.2,,
106,동해,2017-09-12,22.1,,
106,동해,2017-09-13,21.0,,
106,동해,2017-09-14,20.6,,
106,동해,2017-09-15,22.0,,
106,동해,2017-09-16,21.1,,
106,동해,2017-09-17,20.1,,
106,동해,2017-09-18,21.6,,
106,동해,2017-09-19,22.8,,
106,동해,2017-09-20,20.3,,
106,동해,2017-09-21,19.9,,
106,동해,2017-09-22,20.1,,
106,동해,2017-09-23,21.1,,
106,동해,2017-09-24,21.2,,
106,동해,2017-09-25,22.0,,
106,동해,2017-09-26,22.0,,
106,동해,2017-09-27,19.9,,
106,동해,2017-09-28,19.9,,
106,동해,2017-09-29,17.7,,
106,동해,2017-09-30,19.9,,
106,동해,2017-10-01,19.2,,
106,동해,2017-10-02,18.6,,
106,동해,2017-10-03,15.9,,
106,동해,2017-10-04,15.7,,
106,동해,2017-10-05,16.2,,
106,동해,2017-10-06,16.1,,
106,동해,2017-10-07,19.0,,
106,동해,2017-10-08,20.1,,
106,동해,2017-10-09,20.3,,
106,동해,2017-10-10,19.4,,
106,동해,2017-10-11,16.4,,
106,동해,2017-10-12,13.5,,
106,동해,2017-10-13,13.5,,
106,동해,2017-10-14,13.4,,
106,동해,2017-10-15,14.0,,
106,동해,2017-10-16,15.0,,
106,동해,2017-10-17,15.7,,
106,동해,2017-10-18,14.5,,
106,동해,2017-10-19,14.3,,
106,동해,2017-10-20,14.5,,
106,동해,2017-10-21,14.5,,
106,동해,2017-10-22,15.4,,
106,동해,2017-10-23,12.1,,
106,동해,2017-10-24,10.9,,
106,동해,2017-10-25,13.4,,
106,동해,2017-10-26,14.6,,
106,동해,2017-10-27,15.5,,
106,동해,2017-10-28,15.8,,
106,동해,2017-10-29,13.6,,
106,동해,2017-10-30,9.9,,
106,동해,2017-10-31,12.3,,
106,동해,2017-11-01,14.3,,
106,동해,2017-11-02,15.5,,
106,동해,2017-11-03,14.1,,
106,동해,2017-11-04,8.6,,
106,동해,2017-11-05,10.7,,
106,동해,2017-11-06,14.8,,
106,동해,2017-11-07,15.6,,
106,동해,2017-11-08,17.6,,
106,동해,2017-11-09,11.5,,
106,동해,2017-11-10,14.4,,
106,동해,2017-11-11,7.7,,
106,동해,2017-11-12,8.7,,
106,동해,2017-11-13,12.0,,
106,동해,2017-11-14,11.4,,
106,동해,2017-11-15,6.4,,
106,동해,2017-11-16,4.2,,
106,동해,2017-11-17,8.2,,
106,동해,2017-11-18,4.0,,
106,동해,2017-11-19,2.4,,
106,동해,2017-11-20,4.5,,
106,동해,2017-11-21,4.9,,
106,동해,2017-11-22,7.9,,
106,동해,2017-11-23,3.8,,
106,동해,2017-11-24,3.1,,
106,동해,2017-11-25,6.3,,
106,동해,2017-11-26,6.8,,
106,동해,2017-11-27,6.6,,
106,동해,2017-11-28,10.3,,
106,동해,2017-11-29,10.9,,
106,동해,2017-11-30,5.3,,
106,동해,2017-12-01,1.8,,
106,동해,2017-12-02,4.3,,
106,동해,2017-12-03,7.0,,
106,동해,2017-12-04,4.7,,
106,동해,2017-12-05,-1.0,,
106,동해,2017-12-06,2.7,,
106,동해,2017-12-07,5.0,,
106,동해,2017-12-08,1.1,,
106,동해,2017-12-09,3.3,,
106,동해,2017-12-10,5.4,,
106,동해,2017-12-11,-2.5,,
106,동해,2017-12-12,-3.6,,
106,동해,2017-12-13,-1.3,,
106,동해,2017-12-14,0.9,,
106,동해,2017-12-15,3.4,,
106,동해,2017-12-16,-0.3,,
106,동해,2017-12-17,-2.5,,
106,동해,2017-12-18,2.4,,
106,동해,2017-12-19,0.6,,
106,동해,2017-12-20,1.9,,
106,동해,2017-12-21,3.5,,
106,동해,2017-12-22,5.6,,
106,동해,2017-12-23,7.8,,
106,동해,2017-12-24,6.5,,
106,동해,2017-12-25,2.1,,
106,동해,2017-12-26,0.8,,
106,동해,2017-12-27,-0.9,,
106,동해,2017-12-28,0.9,,
106,동해,2017-12-29,5.9,,
106,동해,2017-12-30,5.8,,
106,동해,2017-12-31,4.5,,
106,동해,2018-01-01,2.6,,
106,동해,2018-01-02,3.8,,
106,동해,2018-01-03,0.8,,
106,동해,2018-01-04,1.3,,
106,동해,2018-01-05,2.7,,
106,동해,2018-01-06,2.6,,
106,동해,2018-01-07,4.2,,
106,동해,2018-01-08,6.5,,
106,동해,2018-01-09,0.2,,
106,동해,2018-01-10,-2.7,,
106,동해,2018-01-11,-5.8,,
106,동해,2018-01-12,-4.6,,
106,동해,2018-01-13,0.2,,
106,동해,2018-01-14,3.0,,
106,동해,2018-01-15,8.7,,
106,동해,2018-01-16,8.4,,
106,동해,2018-01-17,6.1,,
106,동해,2018-01-18,6.6,,
106,동해,2018-01-19,4.3,,
106,동해,2018-01-20,5.2,,
106,동해,2018-01-21,3.6,,
106,동해,2018-01-22,3.7,,
106,동해,2018-01-23,-5.1,,
106,동해,2018-01-24,-8.7,,
106,동해,2018-01-25,-7.0,,
106,동해,2018-01-26,-7.6,,
106,동해,2018-01-27,-2.6,,
106,동해,2018-01-28,0.3,,
106,동해,2018-01-29,-4.2,,
106,동해,2018-01-30,-1.6,,
106,동해,2018-01-31,1.7,,
106,동해,2018-02-01,0.1,,
106,동해,2018-02-02,0.3,,
106,동해,2018-02-03,-1.6,,
106,동해,2018-02-04,-4.3,,
106,동해,2018-02-05,-5.4,,
106,동해,2018-02-06,-6.0,,
106,동해,2018-02-07,-3.3,,
106,동해,2018-02-08,0.1,,
106,동해,2018-02-09,3.8,,
106,동해,2018-02-10,4.6,,
106,동해,2018-02-11,-3.0,,
106,동해,2018-02-12,-2.6,,
106,동해,2018-02-13,1.3,,
106,동해,2018-02-14,7.7,,
106,동해,2018-02-15,2.1,,
106,동해,2018-02-16,3.4,,
106,동해,2018-02-17,1.0,,
106,동해,2018-02-18,1.6,,
106,동해,2018-02-19,4.2,,
106,동해,2018-02-20,4.3,,
106,동해,2018-02-21,1.5,,
106,동해,2018-02-22,4.0,,
106,동해,2018-02-23,6.6,,
106,동해,2018-02-24,2.9,,
106,동해,2018-02-25,3.6,,
106,동해,2018-02-26,3.4,,
106,동해,2018-02-27,4.9,,
106,동해,2018-02-28,5.9,,
106,동해,2018-03-01,4.5,,
106,동해,2018-03-02,3.6,,
106,동해,2018-03-03,10.3,,
106,동해,2018-03-04,12.1,,
106,동해,2018-03-05,2.3,,
106,동해,2018-03-06,3.7,,
106,동해,2018-03-07,4.6,,
106,동해,2018-03-08,3.1,,
106,동해,2018-03-09,2.1,,
106,동해,2018-03-10,5.7,,
106,동해,2018-03-11,6.6,,
106,동해,2018-03-12,8.7,,
106,동해,2018-03-13,17.1,,
106,동해,2018-03-14,16.2,,
106,동해,2018-03-15,12.8,,
106,동해,2018-03-16,2.8,,
106,동해,2018-03-17,5.1,,
106,동해,2018-03-18,9.1,,
106,동해,2018-03-19,7.1,,
106,동해,2018-03-20,3.7,,
106,동해,2018-03-21,2.4,,
106,동해,2018-03-22,4.4,,
106,동해,2018-03-23,7.9,,
106,동해,2018-03-24,12.8,,
106,동해,2018-03-25,16.6,,
106,동해,2018-03-26,16.8,,
106,동해,2018-03-27,19.1,,
106,동해,2018-03-28,19.8,,
106,동해,2018-03-29,12.3,,
106,동해,2018-03-30,9.9,,
106,동해,2018-03-31,14.1,,
106,동해,2018-04-01,15.1,,
106,동해,2018-04-02,19.7,,
106,동해,2018-04-03,15.8,,
106,동해,2018-04-04,6.8,,
106,동해,2018-04-05,6.9,,
106,동해,2018-04-06,7.6,,
106,동해,2018-04-07,6.0,,
106,동해,2018-04-08,6.5,,
106,동해,2018-04-09,8.4,,
106,동해,2018-04-10,15.6,,
106,동해,2018-04-11,18.1,,
106,동해,2018-04-12,14.1,,
106,동해,2018-04-13,11.3,,
106,동해,2018-04-14,8.8,,
106,동해,2018-04-15,11.5,,
106,동해,2018-04-16,11.0,,
106,동해,2018-04-17,11.8,,
106,동해,2018-04-18,16.1,,
106,동해,2018-04-19,19.5,,
106,동해,2018-04-20,18.3,,
106,동해,2018-04-21,22.0,,
106,동해,2018-04-22,14.3,,
106,동해,2018-04-23,9.2,,
106,동해,2018-04-24,9.5,,
106,동해,2018-04-25,10.4,,
106,동해,2018-04-26,16.2,,
106,동해,2018-04-27,13.6,,
106,동해,2018-04-28,18.5,,
106,동해,2018-04-29,21.8,,
106,동해,2018-04-30,19.6,,
106,동해,2018-05-01,14.3,,
106,동해,2018-05-02,11.5,,
106,동해,2018-05-03,11.4,,
106,동해,2018-05-04,17.5,,
106,동해,2018-05-05,20.8,,
106,동해,2018-05-06,15.2,,
106,동해,2018-05-07,14.0,,
106,동해,2018-05-08,11.7,,
106,동해,2018-05-09,10.7,,
106,동해,2018-05-10,14.4,,
106,동해,2018-05-11,19.1,,
106,동해,2018-05-12,15.6,,
106,동해,2018-05-13,15.8,,
106,동해,2018-05-14,20.4,,
106,동해,2018-05-15,22.2,,
106,동해,2018-05-16,21.9,,
106,동해,2018-05-17,19.6,,
106,동해,2018-05-18,11.4,,
106,동해,2018-05-19,12.8,,
106,동해,2018-05-20,12.1,,
106,동해,2018-05-21,12.9,,
106,동해,2018-05-22,14.6,,
106,동해,2018-05-23,15.6,,
106,동해,2018-05-24,22.6,,
106,동해,2018-05-25,21.0,,
106,동해,2018-05-26,16.2,,
106,동해,2018-05-27,15.8,,
106,동해,2018-05-28,16.7,,
106,동해,2018-05-29,17.2,,
106,동해,2018-05-30,18.1,,
106,동해,2018-05-31,17.6,,
106,동해,2018-06-01,21.3,,
106,동해,2018-06-02,23.4,,
106,동해,2018-06-03,24.0,,
106,동해,2018-06-04,22.4,,
106,동해,2018-06-05,22.0,,
106,동해,2018-06-06,21.7,,
106,동해,2018-06-07,22.1,,
106,동해,2018-06-08,21.1,,
106,동해,2018-06-09,17.5,,
106,동해,2018-06-10,16.5,,
106,동해,2018-06-11,16.1,,
106,동해,2018-06-12,16.2,,
106,동해,2018-06-13,17.2,,
106,동해,2018-06-14,17.8,,
106,동해,2018-06-15,17.3,,
106,동해,2018-06-16,16.7,,
106,동해,2018-06-17,16.7,,
106,동해,2018-06-18,18.2,,
106,동해,2018-06-19,20.9,,
106,동해,2018-06-20,21.4,,
106,동해,2018-06-21,22.5,,
106,동해,2018-06-22,24.3,,
106,동해,2018-06-23,25.5,,
106,동해,2018-06-24,27.3,,
106,동해,2018-06-25,24.4,,
106,동해,2018-06-26,20.3,,
106,동해,2018-06-27,21.0,,
106,동해,2018-06-28,21.8,,
106,동해,2018-06-29,23.6,,
106,동해,2018-06-30,22.1,,
106,동해,2018-07-01,20.4,,
106,동해,2018-07-02,21.3,,
106,동해,2018-07-03,22.3,,
106,동해,2018-07-04,22.0,,
106,동해,2018-07-05,19.8,,
106,동해,2018-07-06,18.0,,
106,동해,2018-07-07,17.4,,
106,동해,2018-07-08,17.7,,
106,동해,2018-07-09,17.7,,
106,동해,2018-07-10,19.4,,
106,동해,2018-07-11,19.9,,
106,동해,2018-07-12,26.1,,
106,동해,2018-07-13,27.9,,
106,동해,2018-07-14,27.0,,
106,동해,2018-07-15,27.2,,
106,동해,2018-07-16,27.3,,
106,동해,2018-07-17,28.0,,
106,동해,2018-07-18,25.6,,
106,동해,2018-07-19,25.9,,
106,동해,2018-07-20,27.5,,
106,동해,2018-07-21,27.9,,
106,동해,2018-07-22,29.4,,
106,동해,2018-07-23,28.9,,
106,동해,2018-07-24,27.7,,
106,동해,2018-07-25,28.5,,
106,동해,2018-07-26,28.0,,
106,동해,2018-07-27,27.7,,
106,동해,2018-07-28,27.0,,
106,동해,2018-07-29,26.1,,
106,동해,2018-07-30,25.8,,
106,동해,2018-07-31,25.9,,
106,동해,2018-08-01,26.4,0.8,0.0
106,동해,2018-08-02,26.7,2.8,0.3
106,동해,2018-08-03,27.4,2.1,0.6
106,동해,2018-08-04,30.6,2.8,0.4
106,동해,2018-08-05,31.1,3.8,0.8
106,동해,2018-08-06,24.6,8.5,5.4
106,동해,2018-08-07,25.2,5.5,5.1
106,동해,2018-08-08,25.2,6.5,4.1
106,동해,2018-08-09,25.3,8.3,5.3
106,동해,2018-08-10,23.6,6.5,3.9
106,동해,2018-08-11,24.9,4.9,2.5
106,동해,2018-08-12,25.2,7.1,4.5
106,동해,2018-08-13,27.0,7.1,0.3
106,동해,2018-08-14,27.6,5.9,0.8
106,동해,2018-08-15,26.5,4.8,1.6
106,동해,2018-08-16,24.4,6.3,5.6
106,동해,2018-08-17,22.3,5.6,3.1
106,동해,2018-08-18,22.4,5.9,2.5
106,동해,2018-08-19,22.4,6.6,0.8
106,동해,2018-08-20,23.6,4.7,0.0
106,동해,2018-08-21,25.8,8.0,2.4
106,동해,2018-08-22,24.6,5.8,1.9
106,동해,2018-08-23,25.0,9.0,5.8
106,동해,2018-08-24,25.6,8.0,4.9
106,동해,2018-08-25,23.6,9.1,6.3
106,동해,2018-08-26,21.2,9.6,
106,동해,2018-08-27,21.4,9.5,4.5
106,동해,2018-08-28,21.2,8.4,5.0
106,동해,2018-08-29,22.8,9.6,2.9
106,동해,2018-08-30,26.2,7.5,2.6
106,동해,2018-08-31,22.8,7.6,3.5
106,동해,2018-09-01,21.4,5.1,3.4
106,동해,2018-09-02,20.2,3.5,1.5
106,동해,2018-09-03,21.5,9.3,4.3
106,동해,2018-09-04,21.4,6.3,3.4
106,동해,2018-09-05,24.5,1.4,0.3
106,동해,2018-09-06,23.8,6.0,4.5
106,동해,2018-09-07,21.8,9.0,3.9
106,동해,2018-09-08,19.3,2.3,0.0
106,동해,2018-09-09,19.3,4.3,2.6
106,동해,2018-09-10,18.6,3.8,2.8
106,동해,2018-09-11,18.3,5.9,3.1
106,동해,2018-09-12,18.4,7.3,7.3
106,동해,2018-09-13,19.2,8.1,8.1
106,동해,2018-09-14,19.7,9.1,5.0
106,동해,2018-09-15,20.6,7.3,5.5
106,동해,2018-09-16,21.1,9.4,7.5
106,동해,2018-09-17,20.8,5.1,2.0
106,동해,2018-09-18,20.0,7.0,4.9
106,동해,2018-09-19,20.5,6.4,3.4
106,동해,2018-09-20,17.8,8.5,5.1
106,동해,2018-09-21,17.9,8.6,5.8
106,동해,2018-09-22,19.9,3.4,0.0
106,동해,2018-09-23,19.6,6.5,2.1
106,동해,2018-09-24,16.9,6.6,0.3
106,동해,2018-09-25,16.4,4.3,1.9
106,동해,2018-09-26,16.4,8.8,5.3
106,동해,2018-09-27,16.0,4.0,2.1
106,동해,2018-09-28,15.4,7.9,3.3
106,동해,2018-09-29,17.5,7.3,4.5
106,동해,2018-09-30,19.0,4.5,0.8
106,동해,2018-10-01,17.2,2.8,1.3
106,동해,2018-10-02,16.5,0.3,0.0
106,동해,2018-10-03,16.7,0.6,0.0
106,동해,2018-10-04,17.1,8.3,3.8
106,동해,2018-10-05,16.5,10.0,7.5
106,동해,2018-10-06,17.4,8.0,6.3
106,동해,2018-10-07,19.1,2.8,0.3
106,동해,2018-10-08,15.3,3.1,1.1
106,동해,2018-10-09,15.7,6.6,5.3
106,동해,2018-10-10,15.5,6.3,3.3
106,동해,2018-10-11,12.6,1.3,0.4
106,동해,2018-10-12,11.9,1.5,0.6
106,동해,2018-10-13,13.1,2.5,1.1
106,동해,2018-10-14,14.5,3.5,1.1
106,동해,2018-10-15,15.4,1.3,0.3
106,동해,2018-10-16,14.4,7.0,2.3
106,동해,2018-10-17,12.5,8.6,6.9
106,동해,2018-10-18,13.3,7.6,5.1
106,동해,2018-10-19,12.8,3.5,2.0
106,동해,2018-10-20,12.6,0.0,0.0
106,동해,2018-10-21,13.2,0.8,0.0
106,동해,2018-10-22,13.9,7.0,5.4
106,동해,2018-10-23,14.4,4.5,2.8
106,동해,2018-10-24,13.1,0.0,0.0
106,동해,2018-10-25,13.7,2.5,1.0
106,동해,2018-10-26,15.1,7.4,4.9
106,동해,2018-10-27,11.1,0.1,0.0
106,동해,2018-10-28,9.9,4.6,2.1
106,동해,2018-10-29,10.0,4.1,1.5
106,동해,2018-10-30,8.5,0.9,0.0
106,동해,2018-10-31,8.2,0.1,0.0
106,동해,2018-11-01,10.1,0.0,0.0
106,동해,2018-11-02,11.7,0.1,0.0
106,동해,2018-11-03,13.2,0.0,0.0
106,동해,2018-11-04,13.3,1.3,0.0
106,동해,2018-11-05,13.3,7.0,4.6
106,동해,2018-11-06,14.6,6.6,4.8
106,동해,2018-11-07,13.0,9.1,5.1
106,동해,2018-11-08,12.3,9.0,7.4
106,동해,2018-11-09,14.7,3.4,2.5
106,동해,2018-11-10,12.7,2.0,0.8
106,동해,2018-11-11,11.0,6.8,3.1
106,동해,2018-11-12,10.3,5.4,3.8
106,동해,2018-11-13,10.1,8.0,5.3
106,동해,2018-11-14,9.3,7.9,6.5
106,동해,2018-11-15,9.8,2.9,0.4
106,동해,2018-11-16,11.4,7.9,3.0
106,동해,2018-11-17,10.0,7.9,4.4
106,동해,2018-11-18,10.5,7.6,6.0
106,동해,2018-11-19,8.6,2.1,2.0
106,동해,2018-11-20,9.1,0.4,0.0
106,동해,2018-11-21,9.1,9.8,5.4
106,동해,2018-11-22,5.7,0.0,0.0
106,동해,2018-11-23,3.7,0.4,0.3
106,동해,2018-11-24,5.4,5.8,3.8
106,동해,2018-11-25,8.7,3.0,0.5
106,동해,2018-11-26,9.6,0.0,0.0
106,동해,2018-11-27,11.8,5.0,1.3
106,동해,2018-11-28,7.9,4.9,2.9
106,동해,2018-11-29,7.1,1.8,0.9
106,동해,2018-11-30,6.2,0.8,0.0
106,동해,2018-12-01,7.2,4.5,0.1
106,동해,2018-12-02,9.9,6.8,4.5
106,동해,2018-12-03,12.6,8.6,5.0
106,동해,2018-12-04,11.5,7.6,4.3
106,동해,2018-12-05,6.3,6.8,4.5
106,동해,2018-12-06,5.8,8.4,6.1
106,동해,2018-12-07,-1.2,4.4,0.1
106,동해,2018-12-08,-3.2,0.9,0.0
106,동해,2018-12-09,-2.1,1.9,1.0
106,동해,2018-12-10,0.4,1.9,0.1
106,동해,2018-12-11,2.0,8.6,3.6
106,동해,2018-12-12,1.6,0.1,0.0
106,동해,2018-12-13,1.1,2.1,1.1
106,동해,2018-12-14,-0.3,0.8,0.0
106,동해,2018-12-15,2.0,2.8,1.8
106,동해,2018-12-16,4.7,6.5,5.3
106,동해,2018-12-17,5.1,2.4,2.1
106,동해,2018-12-18,4.7,2.4,1.8
106,동해,2018-12-19,7.9,4.0,0.4
106,동해,2018-12-20,4.4,3.8,0.9
106,동해,2018-12-21,6.1,5.0,3.4
106,동해,2018-12-22,8.9,4.1,2.4
106,동해,2018-12-23,7.0,4.0,2.9
106,동해,2018-12-24,2.1,0.0,0.0
106,동해,2018-12-25,2.4,5.0,1.0
106,동해,2018-12-26,4.4,6.0,2.0
106,동해,2018-12-27,-3.0,1.6,0.9
106,동해,2018-12-28,-3.9,1.9,0.0
106,동해,2018-12-29,-3.3,1.1,0.0
106,동해,2018-12-30,-2.4,2.8,0.0
106,동해,2018-12-31,0.5,1.9,1.9
106,동해,2019-01-01,0.0,2.4,1.0
106,동해,2019-01-02,0.2,0.0,0.0
106,동해,2019-01-03,0.6,0.3,0.0
106,동해,2019-01-04,3.3,4.1,1.8
106,동해,2019-01-05,2.1,4.3,2.3
106,동해,2019-01-06,1.5,3.1,0.5
106,동해,2019-01-07,2.6,3.0,1.1
106,동해,2019-01-08,1.5,1.6,0.5
106,동해,2019-01-09,0.2,4.9,0.4
106,동해,2019-01-10,4.4,4.0,3.9
106,동해,2019-01-11,3.2,4.3,1.6
106,동해,2019-01-12,3.5,8.3,5.9
106,동해,2019-01-13,2.8,0.1,0.0
106,동해,2019-01-14,4.1,4.1,3.1
106,동해,2019-01-15,2.9,4.5,3.5
106,동해,2019-01-16,-0.5,2.8,1.3
106,동해,2019-01-17,3.5,0.0,0.0
106,동해,2019-01-18,3.8,1.6,1.0
106,동해,2019-01-19,4.8,7.4,5.5
106,동해,2019-01-20,4.0,2.6,2.4
106,동해,2019-01-21,2.6,0.1,0.0
106,동해,2019-01-22,5.3,0.3,0.0
106,동해,2019-01-23,5.5,2.4,0.5
106,동해,2019-01-24,3.1,1.6,0.9
106,동해,2019-01-25,1.6,4.1,0.9
106,동해,2019-01-26,0.5,3.9,1.1
106,동해,2019-01-27,3.4,4.1,1.5
106,동해,2019-01-28,4.3,2.5,2.3
106,동해,2019-01-29,2.8,3.0,1.4
106,동해,2019-01-30,8.0,6.9,5.9
106,동해,2019-01-31,2.4,8.9,7.5
106,동해,2019-02-01,0.5,0.1,0.0
106,동해,2019-02-02,4.1,3.6,1.5
106,동해,2019-02-03,5.3,9.0,6.4
106,동해,2019-02-04,4.7,2.1,1.8
106,동해,2019-02-05,6.1,3.9,0.1
106,동해,2019-02-06,7.1,6.5,2.5
106,동해,2019-02-07,3.0,6.3,4.4
106,동해,2019-02-08,-0.9,7.0,2.4
106,동해,2019-02-09,0.1,5.8,2.5
106,동해,2019-02-10,-0.2,7.5,4.8
106,동해,2019-02-11,1.7,1.9,1.3
106,동해,2019-02-12,1.0,2.9,0.9
106,동해,2019-02-13,1.2,3.3,1.0
106,동해,2019-02-14,-0.2,8.5,6.4
106,동해,2019-02-15,4.1,7.4,4.9
106,동해,2019-02-16,1.1,1.0,0.1
106,동해,2019-02-17,2.0,0.0,0.0
106,동해,2019-02-18,5.4,6.6,3.6
106,동해,2019-02-19,4.4,8.0,4.1
106,동해,2019-02-20,3.9,2.5,0.4
106,동해,2019-02-21,4.2,1.2,
106,동해,2019-02-22,5.3,5.1,1.5
106,동해,2019-02-23,5.8,3.3,2.0
106,동해,2019-02-24,7.9,1.9,0.3
106,동해,2019-02-25,7.8,5.4,2.5
106,동해,2019-02-26,5.7,2.6,1.9
106,동해,2019-02-27,8.1,8.3,4.4
106,동해,2019-02-28,7.1,4.8,1.5
106,동해,2019-03-01,6.2,0.0,0.0
106,동해,2019-03-02,7.5,4.6,0.1
106,동해,2019-03-03,8.7,5.5,2.6
106,동해,2019-03-04,8.3,2.9,1.4
106,동해,2019-03-05,10.7,5.1,0.0
106,동해,2019-03-06,9.6,7.6,4.5
106,동해,2019-03-07,5.6,6.1,5.3
106,동해,2019-03-08,7.9,0.1,0.0
106,동해,2019-03-09,11.0,5.4,3.6
106,동해,2019-03-10,8.7,9.9,5.6
106,동해,2019-03-11,8.0,5.9,2.8
106,동해,2019-03-12,7.6,2.1,1.0
106,동해,2019-03-13,4.7,0.0,0.0
106,동해,2019-03-14,6.1,3.9,1.8
106,동해,2019-03-15,5.7,5.8,3.4
106,동해,2019-03-16,5.8,5.0,3.0
106,동해,2019-03-17,6.4,0.8,0.8
106,동해,2019-03-18,10.8,5.9,2.9
106,동해,2019-03-19,15.0,2.0,
106,동해,2019-03-20,13.7,8.8,3.1
106,동해,2019-03-21,11.1,8.0,3.3
106,동해,2019-03-22,5.6,6.4,3.0
106,동해,2019-03-23,5.5,2.0,0.9
106,동해,2019-03-24,6.5,0.1,0.0
106,동해,2019-03-25,11.2,3.4,1.9
106,동해,2019-03-26,11.4,1.3,0.5
106,동해,2019-03-27,13.0,6.5,3.3
106,동해,2019-03-28,5.4,8.9,7.4
106,동해,2019-03-29,7.7,6.5,5.3
106,동해,2019-03-30,7.4,5.4,3.3
106,동해,2019-03-31,6.2,2.8,0.4
106,동해,2019-04-01,5.6,2.0,1.0
106,동해,2019-04-02,7.0,2.5,0.5
106,동해,2019-04-03,9.2,0.5,0.0
106,동해,2019-04-04,14.9,1.1,0.0
106,동해,2019-04-05,12.2,2.6,0.9
106,동해,2019-04-06,10.8,6.8,2.9
106,동해,2019-04-07,10.7,4.6,1.4
106,동해,2019-04-08,9.1,2.8,0.3
106,동해,2019-04-09,7.0,7.1,4.9
106,동해,2019-04-10,4.6,7.4,5.5
106,동해,2019-04-11,7.6,6.6,4.1
106,동해,2019-04-12,10.4,1.4,0.6
106,동해,2019-04-13,12.8,4.6,1.3
106,동해,2019-04-14,11.4,7.0,4.5
106,동해,2019-04-15,11.9,0.0,0.0
106,동해,2019-04-16,17.6,3.5,0.0
106,동해,2019-04-17,16.4,2.3,1.3
106,동해,2019-04-18,17.2,5.1,2.6
106,동해,2019-04-19,9.6,5.9,5.9
106,동해,2019-04-20,11.2,3.5,2.3
106,동해,2019-04-21,14.1,7.5,2.3
106,동해,2019-04-22,12.5,2.5,0.6
106,동해,2019-04-23,15.8,7.8,1.4
106,동해,2019-04-24,15.3,9.0,5.3
106,동해,2019-04-25,10.2,9.3,8.8
106,동해,2019-04-26,7.7,8.1,6.8
106,동해,2019-04-27,10.3,3.8,2.0
106,동해,2019-04-28,12.0,8.8,6.4
106,동해,2019-04-29,11.0,9.1,3.1
106,동해,2019-04-30,12.2,4.6,2.1
106,동해,2019-05-01,13.6,4.4,2.0
106,동해,2019-05-02,16.4,0.3,0.0
106,동해,2019-05-03,14.3,0.1,0.0
106,동해,2019-05-04,13.8,3.8,0.0
106,동해,2019-05-05,18.9,7.1,1.6
106,동해,2019-05-06,11.0,4.9,3.9
106,동해,2019-05-07,16.1,0.1,0.1
106,동해,2019-05-08,20.3,4.6,1.6
106,동해,2019-05-09,21.1,3.9,1.6
106,동해,2019-05-10,18.8,2.6,0.4
106,동해,2019-05-11,15.8,3.4,1.9
106,동해,2019-05-12,13.7,7.0,6.3
106,동해,2019-05-13,14.6,8.4,4.1
106,동해,2019-05-14,15.2,3.8,0.5
106,동해,2019-05-15,15.4,4.9,1.3
106,동해,2019-05-16,16.0,3.9,1.1
106,동해,2019-05-17,20.8,6.8,3.1
106,동해,2019-05-18,18.3,7.1,3.4
106,동해,2019-05-19,17.6,7.1,
106,동해,2019-05-20,18.2,,
106,동해,2019-05-21,19.5,1.0,
106,동해,2019-05-22,22.8,2.6,1.9
106,동해,2019-05-23,22.6,1.1,0.0
106,동해,2019-05-24,22.7,2.3,0.0
106,동해,2019-05-25,27.3,6.0,0.1
106,동해,2019-05-26,24.7,5.1,0.1
106,동해,2019-05-27,20.9,9.6,
106,동해,2019-05-28,19.8,3.0,
106,동해,2019-05-29,18.9,0.3,0.0
106,동해,2019-05-30,22.9,7.8,3.0
106,동해,2019-05-31,18.9,3.6,1.9
106,동해,2019-06-01,20.2,4.0,0.9
106,동해,2019-06-02,17.9,3.6,0.0
106,동해,2019-06-03,20.7,0.4,0.0
106,동해,2019-06-04,23.2,3.4,1.5
106,동해,2019-06-05,17.3,3.6,0.1
106,동해,2019-06-06,16.0,9.3,6.1
106,동해,2019-06-07,15.9,8.8,8.1
106,동해,2019-06-08,16.0,5.4,1.3
106,동해,2019-06-09,16.0,8.9,8.9
106,동해,2019-06-10,15.7,8.8,5.6
106,동해,2019-06-11,15.4,8.1,6.9
106,동해,2019-06-12,15.3,0.8,0.0
106,동해,2019-06-13,17.1,2.8,0.0
106,동해,2019-06-14,18.9,8.9,1.6
106,동해,2019-06-15,17.4,8.0,2.8
106,동해,2019-06-16,16.2,6.5,4.4
106,동해,2019-06-17,17.4,4.6,3.3
106,동해,2019-06-18,20.6,9.4,3.0
106,동해,2019-06-19,21.8,4.0,1.6
106,동해,2019-06-20,22.2,4.8,0.8
106,동해,2019-06-21,19.7,6.9,4.5
106,동해,2019-06-22,18.4,2.1,1.0
106,동해,2019-06-23,17.9,2.8,1.5
106,동해,2019-06-24,18.9,2.3,1.4
106,동해,2019-06-25,19.7,2.8,0.0
106,동해,2019-06-26,19.6,8.8,1.6
106,동해,2019-06-27,20.1,8.0,3.0
106,동해,2019-06-28,19.5,7.5,6.8
106,동해,2019-06-29,20.1,8.8,3.4
106,동해,2019-06-30,22.4,6.9,0.3
106,동해,2019-07-01,21.9,7.1,3.1
106,동해,2019-07-02,22.3,0.3,0.0
106,동해,2019-07-03,22.3,5.4,2.9
106,동해,2019-07-04,23.0,1.8,0.0
106,동해,2019-07-05,23.2,3.4,0.9
106,동해,2019-07-06,22.0,3.4,2.0
106,동해,2019-07-07,20.7,8.0,5.5
106,동해,2019-07-08,20.0,7.1,5.6
106,동해,2019-07-09,19.8,7.4,4.0
106,동해,2019-07-10,18.2,8.4,7.9
106,동해,2019-07-11,19.7,8.0,7.9
106,동해,2019-07-12,20.5,4.9,2.0
106,동해,2019-07-13,22.6,6.8,2.0
106,동해,2019-07-14,20.8,6.4,4.3
106,동해,2019-07-15,21.2,9.5,5.8
106,동해,2019-07-16,21.4,7.6,5.0
106,동해,2019-07-17,21.8,8.3,2.4
106,동해,2019-07-18,23.4,7.5,2.0
106,동해,2019-07-19,22.4,7.6,2.4
106,동해,2019-07-20,22.2,10.0,7.9
106,동해,2019-07-21,24.2,8.4,2.0
106,동해,2019-07-22,28.8,2.5,0.4
106,동해,2019-07-23,29.0,7.8,1.6
106,동해,2019-07-24,26.3,8.1,4.4
106,동해,2019-07-25,27.7,7.4,3.1
106,동해,2019-07-26,24.3,9.3,4.0
106,동해,2019-07-27,25.2,5.6,2.0
106,동해,2019-07-28,25.8,9.8,2.3
106,동해,2019-07-29,27.2,6.6,4.0
106,동해,2019-07-30,27.9,5.0,2.5
106,동해,2019-07-31,29.6,4.0,1.0
106,동해,2019-08-01,28.1,4.5,0.6
106,동해,2019-08-02,27.1,2.4,0.8
106,동해,2019-08-03,24.6,6.8,2.0
106,동해,2019-08-04,24.1,5.6,2.6
106,동해,2019-08-05,25.0,3.4,0.4
106,동해,2019-08-06,24.2,7.3,2.4
106,동해,2019-08-07,25.4,7.6,4.5
106,동해,2019-08-08,26.5,5.8,1.6
106,동해,2019-08-09,26.7,5.0,2.4
106,동해,2019-08-10,25.4,5.6,1.8
106,동해,2019-08-11,24.9,7.5,5.1
106,동해,2019-08-12,25.0,7.6,2.4
106,동해,2019-08-13,23.7,5.4,4.9
106,동해,2019-08-14,24.6,7.6,4.9
106,동해,2019-08-15,23.7,8.9,8.3
106,동해,2019-08-16,24.6,2.8,1.0
106,동해,2019-08-17,25.7,5.9,1.4
106,동해,2019-08-18,23.4,3.8,0.1
106,동해,2019-08-19,22.3,6.1,0.6
106,동해,2019-08-20,22.8,4.8,3.5
106,동해,2019-08-21,23.5,7.0,1.4
106,동해,2019-08-22,24.0,8.6,3.9
106,동해,2019-08-23,24.0,5.3,2.3
106,동해,2019-08-24,22.0,6.8,2.9
106,동해,2019-08-25,21.9,3.3,0.5
106,동해,2019-08-26,22.8,5.1,0.5
106,동해,2019-08-27,20.8,8.1,5.3
106,동해,2019-08-28,22.4,6.9,2.3
106,동해,2019-08-29,23.0,7.8,1.9
106,동해,2019-08-30,23.4,1.6,0.8
106,동해,2019-08-31,22.6,2.5,0.9
106,동해,2019-09-01,22.1,6.8,2.3
106,동해,2019-09-02,22.2,7.6,1.1
106,동해,2019-09-03,19.6,10.0,4.6
106,동해,2019-09-04,21.2,9.3,7.1
106,동해,2019-09-05,22.6,8.5,5.5
106,동해,2019-09-06,23.0,9.6,6.0
106,동해,2019-09-07,25.4,7.9,5.9
106,동해,2019-09-08,24.9,8.5,5.1
106,동해,2019-09-09,22.8,9.9,5.6
106,동해,2019-09-10,21.7,8.3,5.8
106,동해,2019-09-11,19.5,9.8,9.0
106,동해,2019-09-12,18.8,9.4,3.4
106,동해,2019-09-13,18.4,5.1,3.4
106,동해,2019-09-14,20.5,8.1,4.5
106,동해,2019-09-15,19.8,7.3,5.8
106,동해,2019-09-16,18.1,4.8,2.4
106,동해,2019-09-17,19.0,5.9,2.5
106,동해,2019-09-18,20.1,6.3,6.0
106,동해,2019-09-19,18.6,4.9,1.5
106,동해,2019-09-20,18.2,9.3,3.4
106,동해,2019-09-21,16.2,9.5,3.3
106,동해,2019-09-22,16.6,10.0,
106,동해,2019-09-23,16.2,,
106,동해,2019-09-24,17.1,0.6,0.0
106,동해,2019-09-25,18.0,5.5,2.5
106,동해,2019-09-26,18.8,8.3,4.1
106,동해,2019-09-27,18.6,7.8,4.1
106,동해,2019-09-28,20.0,4.9,3.4
106,동해,2019-09-29,20.9,0.5,0.3
106,동해,2019-09-30,20.3,1.0,0.0
106,동해,2019-10-01,19.9,7.4,6.3
106,동해,2019-10-02,19.8,10.0,6.4
106,동해,2019-10-03,20.2,8.6,7.6
106,동해,2019-10-04,19.0,6.0,4.6
106,동해,2019-10-05,15.5,9.8,7.5
106,동해,2019-10-06,14.1,9.0,7.4
106,동해,2019-10-07,15.1,6.7,3.4
106,동해,2019-10-08,16.4,3.0,0.6
106,동해,2019-10-09,14.7,2.1,0.1
106,동해,2019-10-10,15.3,7.3,5.1
106,동해,2019-10-11,16.9,6.1,3.1
106,동해,2019-10-12,17.5,6.3,6.0
106,동해,2019-10-13,14.7,5.3,3.9
106,동해,2019-10-14,14.5,5.8,3.1
106,동해,2019-10-15,10.8,6.8,4.3
106,동해,2019-10-16,13.6,3.8,2.0
106,동해,2019-10-17,13.9,7.1,3.0
106,동해,2019-10-18,15.1,9.3,4.9
106,동해,2019-10-19,15.7,4.0,2.8
106,동해,2019-10-20,15.4,0.4,0.0
106,동해,2019-10-21,15.1,1.0,0.6
106,동해,2019-10-22,14.6,3.8,2.4
106,동해,2019-10-23,15.2,8.1,1.6
106,동해,2019-10-24,16.2,9.1,4.0
106,동해,2019-10-25,15.6,8.0,5.0
106,동해,2019-10-26,13.5,6.8,2.3
106,동해,2019-10-27,11.6,0.1,0.0
106,동해,2019-10-28,13.1,3.6,1.4
106,동해,2019-10-29,15.0,,
106,동해,2019-10-30,13.0,0.0,0.0
106,동해,2019-10-31,16.0,0.0,0.0
106,동해,2019-11-01,15.9,2.3,0.9
106,동해,2019-11-02,14.4,5.5,1.3
106,동해,2019-11-03,12.6,8.8,7.8
106,동해,2019-11-04,11.2,3.4,3.0
106,동해,2019-11-05,13.4,0.0,0.0
106,동해,2019-11-06,13.0,4.8,2.4
106,동해,2019-11-07,11.5,6.6,4.0
106,동해,2019-11-08,9.1,0.1,0.0
106,동해,2019-11-09,9.6,5.6,3.8
106,동해,2019-11-10,11.2,8.3,4.9
106,동해,2019-11-11,13.3,4.0,3.0
106,동해,2019-11-12,11.0,3.0,0.4
106,동해,2019-11-13,11.5,5.6,3.0
106,동해,2019-11-14,4.2,0.1,0.0
106,동해,2019-11-15,8.2,6.6,3.6
106,동해,2019-11-16,9.5,1.8,0.4
106,동해,2019-11-17,10.0,8.6,3.5
106,동해,2019-11-18,10.0,7.1,3.3
106,동해,2019-11-19,4.1,0.8,0.5
106,동해,2019-11-20,3.6,0.0,0.0
106,동해,2019-11-21,6.4,4.8,0.9
106,동해,2019-11-22,10.3,2.3,0.3
106,동해,2019-11-23,11.4,4.9,1.1
106,동해,2019-11-24,14.3,6.9,3.4
106,동해,2019-11-25,6.5,9.1,8.5
106,동해,2019-11-26,7.2,2.8,1.4
106,동해,2019-11-27,7.5,7.1,4.1
106,동해,2019-11-28,3.9,6.8,4.6
106,동해,2019-11-29,4.8,3.9,1.9
106,동해,2019-11-30,7.7,7.4,5.5
106,동해,2019-12-01,7.7,9.9,9.5
106,동해,2019-12-02,4.6,2.8,1.4
106,동해,2019-12-03,2.8,3.5,2.1
106,동해,2019-12-04,5.2,1.8,0.6
106,동해,2019-12-05,1.4,0.0,0.0
106,동해,2019-12-06,0.3,0.0,0.0
106,동해,2019-12-07,2.9,0.1,0.0
106,동해,2019-12-08,4.4,0.8,0.0
106,동해,2019-12-09,6.7,2.5,0.6
106,동해,2019-12-10,9.4,5.3,2.4
106,동해,2019-12-11,9.3,4.1,2.5
106,동해,2019-12-12,3.1,0.0,0.0
106,동해,2019-12-13,4.3,5.4,2.3
106,동해,2019-12-14,5.4,3.9,1.3
106,동해,2019-12-15,5.9,5.5,2.3
106,동해,2019-12-16,7.5,2.5,0.3
106,동해,2019-12-17,11.1,7.5,5.4
106,동해,2019-12-18,6.5,6.9,5.3
106,동해,2019-12-19,5.2,3.9,2.0
106,동해,2019-12-20,2.6,1.1,0.1
106,동해,2019-12-21,3.8,4.7,1.0
106,동해,2019-12-22,5.1,5.6,2.5
106,동해,2019-12-23,6.2,6.6,5.3
106,동해,2019-12-24,3.9,2.0,0.9
106,동해,2019-12-25,5.5,4.9,2.4
106,동해,2019-12-26,5.3,7.1,3.6
106,동해,2019-12-27,2.5,0.9,0.0
106,동해,2019-12-28,2.6,1.0,0.5
106,동해,2019-12-29,5.4,7.8,2.0
106,동해,2019-12-30,8.1,4.1,3.0
106,동해,2019-12-31,-1.8,0.4,0.3
106,동해,2020-01-01,1.7,0.0,0.0
106,동해,2020-01-02,3.5,0.9,0.8
106,동해,2020-01-03,5.8,1.0,
106,동해,2020-01-04,5.2,0.9,0.0
106,동해,2020-01-05,3.9,1.9,0.0
106,동해,2020-01-06,5.5,8.9,7.1
106,동해,2020-01-07,6.4,10.0,
106,동해,2020-01-08,6.6,5.6,2.9
106,동해,2020-01-09,4.2,1.4,0.8
106,동해,2020-01-10,4.3,2.0,0.0
106,동해,2020-01-11,4.1,3.4,2.8
106,동해,2020-01-12,3.2,5.3,3.1
106,동해,2020-01-13,1.8,0.4,0.0
106,동해,2020-01-14,1.4,2.0,1.1
106,동해,2020-01-15,1.8,0.1,0.0
106,동해,2020-01-16,1.4,4.1,0.3
106,동해,2020-01-17,2.7,7.0,6.1
106,동해,2020-01-18,3.4,6.5,4.3
106,동해,2020-01-19,3.5,4.5,3.6
106,동해,2020-01-20,3.7,0.9,0.0
106,동해,2020-01-21,2.4,2.3,1.3
106,동해,2020-01-22,6.1,9.0,6.3
106,동해,2020-01-23,6.6,5.8,3.1
106,동해,2020-01-24,5.2,7.9,5.3
106,동해,2020-01-25,5.8,7.4,4.0
106,동해,2020-01-26,5.7,8.9,7.1
106,동해,2020-01-27,6.6,10.0,9.0
106,동해,2020-01-28,6.8,9.3,6.6
106,동해,2020-01-29,5.7,8.3,7.8
106,동해,2020-01-30,3.4,9.4,8.1
106,동해,2020-01-31,2.5,5.1,2.5
106,동해,2020-02-01,4.2,0.0,0.0
106,동해,2020-02-02,4.4,3.5,0.9
106,동해,2020-02-03,3.1,0.8,0.0
106,동해,2020-02-04,2.7,1.9,0.8
106,동해,2020-02-05,-1.7,0.9,0.0
106,동해,2020-02-06,-2.3,5.3,2.3
106,동해,2020-02-07,2.3,0.8,0.1
106,동해,2020-02-08,2.0,3.6,2.1
106,동해,2020-02-09,1.7,3.3,3.3
106,동해,2020-02-10,3.8,0.5,0.0
106,동해,2020-02-11,6.9,2.4,1.4
106,동해,2020-02-12,8.1,8.3,3.6
106,동해,2020-02-13,10.5,2.0,0.1
106,동해,2020-02-14,9.3,5.6,4.9
106,동해,2020-02-15,10.0,8.1,5.5
106,동해,2020-02-16,3.6,8.1,3.6
106,동해,2020-02-17,-1.3,5.3,2.0
106,동해,2020-02-18,0.4,0.0,0.0
106,동해,2020-02-19,3.8,5.0,1.8
106,동해,2020-02-20,5.2,1.8,0.9
106,동해,2020-02-21,8.9,7.3,4.6
106,동해,2020-02-22,6.9,2.8,0.9
106,동해,2020-02-23,5.7,0.1,0.0
106,동해,2020-02-24,9.5,5.8,3.5
106,동해,2020-02-25,6.2,9.6,8.1
106,동해,2020-02-26,4.0,9.5,9.4
106,동해,2020-02-27,3.4,6.0,5.4
106,동해,2020-02-28,5.0,7.9,4.0
106,동해,2020-02-29,7.2,5.5,4.8
106,동해,2020-03-01,7.7,7.3,4.1
106,동해,2020-03-02,6.0,5.8,3.5
106,동해,2020-03-03,6.2,7.0,4.6
106,동해,2020-03-04,5.7,4.5,1.8
106,동해,2020-03-05,3.2,0.1,0.0
106,동해,2020-03-06,4.6,2.1,0.0
106,동해,2020-03-07,6.2,6.6,2.5
106,동해,2020-03-08,7.2,0.0,0.0
106,동해,2020-03-09,9.3,6.5,2.8
106,동해,2020-03-10,7.9,9.1,7.6
106,동해,2020-03-11,6.9,0.0,0.0
106,동해,2020-03-12,10.2,0.6,0.0
106,동해,2020-03-13,7.5,5.5,4.0
106,동해,2020-03-14,5.6,1.8,1.0
106,동해,2020-03-15,4.6,6.0,3.1
106,동해,2020-03-16,4.3,3.3,2.8
106,동해,2020-03-17,7.9,1.5,0.1
106,동해,2020-03-18,11.0,0.3,0.0
106,동해,2020-03-19,12.1,2.1,0.6
106,동해,2020-03-20,10.8,1.1,0.0
106,동해,2020-03-21,12.6,4.4,2.0
106,동해,2020-03-22,8.9,4.0,1.8
106,동해,2020-03-23,7.8,0.8,0.3
106,동해,2020-03-24,7.9,0.0,0.0
106,동해,2020-03-25,10.4,4.1,1.0
106,동해,2020-03-26,13.9,5.1,0.5
106,동해,2020-03-27,9.3,9.6,8.0
106,동해,2020-03-28,6.3,7.1,1.4
106,동해,2020-03-29,5.9,7.1,5.8
106,동해,2020-03-30,8.4,1.0,0.0
106,동해,2020-03-31,9.9,5.1,0.5
106,동해,2020-04-01,8.9,9.1,6.5
106,동해,2020-04-02,10.3,0.5,0.5
106,동해,2020-04-03,13.6,0.0,0.0
106,동해,2020-04-04,9.0,3.9,3.5
106,동해,2020-04-05,6.7,0.0,0.0
106,동해,2020-04-06,9.7,2.9,0.5
106,동해,2020-04-07,12.6,4.6,2.4
106,동해,2020-04-08,8.0,4.4,3.1
106,동해,2020-04-09,7.9,4.4,3.6
106,동해,2020-04-10,8.1,4.0,0.9
106,동해,2020-04-11,10.3,4.6,0.9
106,동해,2020-04-12,7.9,7.0,5.8
106,동해,2020-04-13,9.0,4.5,1.1
106,동해,2020-04-14,14.9,1.0,0.0
106,동해,2020-04-15,13.2,3.9,0.0
106,동해,2020-04-16,10.3,5.3,1.1
106,동해,2020-04-17,11.2,7.4,4.1
106,동해,2020-04-18,10.3,5.6,4.0
106,동해,2020-04-19,9.9,9.5,5.9
106,동해,2020-04-20,11.7,7.0,4.8
106,동해,2020-04-21,8.9,5.8,1.8
106,동해,2020-04-22,7.9,1.9,0.5
106,동해,2020-04-23,8.5,3.0,2.4
106,동해,2020-04-24,12.1,2.3,0.6
106,동해,2020-04-25,16.2,1.4,0.0
106,동해,2020-04-26,9.6,6.3,2.9
106,동해,2020-04-27,9.6,4.9,2.3
106,동해,2020-04-28,15.8,1.9,0.0
106,동해,2020-04-29,16.4,0.9,0.0
106,동해,2020-04-30,19.5,4.3,1.4
106,동해,2020-05-01,23.7,1.5,0.0
106,동해,2020-05-02,22.4,6.6,1.0
106,동해,2020-05-03,18.7,8.1,3.3
106,동해,2020-05-04,14.6,6.3,3.1
106,동해,2020-05-05,13.4,6.6,2.3
106,동해,2020-05-06,14.1,2.6,0.6
106,동해,2020-05-07,12.9,6.4,2.3
106,동해,2020-05-08,13.7,6.9,1.5
106,동해,2020-05-09,13.7,8.9,6.3
106,동해,2020-05-10,18.9,4.9,2.4
106,동해,2020-05-11,20.5,4.4,1.0
106,동해,2020-05-12,18.3,4.5,1.8
106,동해,2020-05-13,19.7,0.0,0.0
106,동해,2020-05-14,20.8,7.9,1.6
106,동해,2020-05-15,15.9,9.5,5.9
106,동해,2020-05-16,14.3,9.0,6.8
106,동해,2020-05-17,15.4,5.3,4.4
106,동해,2020-05-18,14.2,7.9,7.9
106,동해,2020-05-19,12.6,7.4,4.1
106,동해,2020-05-20,10.7,7.4,5.5
106,동해,2020-05-21,12.2,7.0,5.4
106,동해,2020-05-22,12.7,8.3,8.1
106,동해,2020-05-23,14.0,6.8,1.8
106,동해,2020-05-24,16.7,5.8,3.6
106,동해,2020-05-25,18.9,7.1,0.5
106,동해,2020-05-26,17.7,8.4,2.0
106,동해,2020-05-27,17.0,1.9,0.0
106,동해,2020-05-28,17.3,6.1,2.6
106,동해,2020-05-29,16.4,0.9,0.0
106,동해,2020-05-30,16.7,1.4,0.0
106,동해,2020-05-31,17.1,4.3,1.9
106,동해,2020-06-01,22.7,4.9,2.4
106,동해,2020-06-02,20.3,7.6,3.1
106,동해,2020-06-03,20.1,3.0,0.3
106,동해,2020-06-04,25.2,0.0,0.0
106,동해,2020-06-05,18.0,4.1,1.3
106,동해,2020-06-06,17.6,4.8,0.6
106,동해,2020-06-07,18.4,2.9,1.8
106,동해,2020-06-08,21.1,2.6,0.0
106,동해,2020-06-09,22.8,3.0,0.0
106,동해,2020-06-10,22.6,6.9,1.3
106,동해,2020-06-11,20.8,4.1,1.8
106,동해,2020-06-12,18.5,9.3,5.4
106,동해,2020-06-13,21.8,5.9,1.0
106,동해,2020-06-14,25.1,4.9,2.4
106,동해,2020-06-15,25.8,5.5,0.0
106,동해,2020-06-16,21.6,3.5,0.6
106,동해,2020-06-17,21.4,5.6,0.0
106,동해,2020-06-18,20.6,9.6,3.4
106,동해,2020-06-19,18.5,8.5,8.0
106,동해,2020-06-20,19.1,5.9,1.8
106,동해,2020-06-21,19.4,2.5,1.1
106,동해,2020-06-22,20.2,1.0,0.0
106,동해,2020-06-23,19.6,7.8,1.0
106,동해,2020-06-24,19.2,9.9,5.3
106,동해,2020-06-25,19.3,9.0,6.1
106,동해,2020-06-26,23.5,6.2,
106,동해,2020-06-27,22.4,7.5,3.0
106,동해,2020-06-28,20.9,3.5,1.4
106,동해,2020-06-29,20.2,8.9,4.6
106,동해,2020-06-30,18.4,9.0,8.9
106,동해,2020-07-01,18.3,7.3,4.4
106,동해,2020-07-02,21.1,2.6,0.0
106,동해,2020-07-03,19.3,7.8,1.6
106,동해,2020-07-04,19.0,6.5,0.3
106,동해,2020-07-05,21.7,4.8,0.9
106,동해,2020-07-06,20.9,5.9,1.8
106,동해,2020-07-07,21.2,5.5,2.6
106,동해,2020-07-08,20.9,4.9,4.3
106,동해,2020-07-09,20.7,5.8,4.4
106,동해,2020-07-10,20.4,9.6,
106,동해,2020-07-11,19.6,,
106,동해,2020-07-12,18.5,,
106,동해,2020-07-13,17.4,7.0,
106,동해,2020-07-14,17.3,8.9,5.8
106,동해,2020-07-15,17.6,6.4,4.1
106,동해,2020-07-16,18.1,1.9,0.0
106,동해,2020-07-17,19.0,0.9,0.0
106,동해,2020-07-18,19.0,3.3,0.0
106,동해,2020-07-19,20.1,8.3,2.1
106,동해,2020-07-20,24.3,9.0,3.4
106,동해,2020-07-21,24.4,6.5,2.8
106,동해,2020-07-22,21.5,9.8,5.5
106,동해,2020-07-23,19.7,9.9,6.6
106,동해,2020-07-24,19.6,8.6,8.5
106,동해,2020-07-25,19.9,8.5,7.1
106,동해,2020-07-26,20.1,7.4,6.1
106,동해,2020-07-27,19.7,10.0,6.5
106,동해,2020-07-28,19.8,9.9,8.1
106,동해,2020-07-29,20.1,9.3,7.5
106,동해,2020-07-30,20.6,8.4,4.8
106,동해,2020-07-31,25.1,4.6,0.3
106,동해,2020-08-01,25.0,9.0,5.3
106,동해,2020-08-02,25.8,8.9,5.0
106,동해,2020-08-03,25.8,9.8,2.3
106,동해,2020-08-04,24.4,9.5,4.8
106,동해,2020-08-05,22.1,10.0,4.1
106,동해,2020-08-06,22.2,9.1,4.1
106,동해,2020-08-07,22.7,9.9,6.0
106,동해,2020-08-08,20.2,9.4,6.5
106,동해,2020-08-09,21.1,9.0,5.3
106,동해,2020-08-10,22.2,8.6,2.9
106,동해,2020-08-11,22.4,8.1,5.0
106,동해,2020-08-12,25.4,7.5,1.5
106,동해,2020-08-13,27.0,6.4,0.8
106,동해,2020-08-14,29.7,8.7,2.8
106,동해,2020-08-15,25.5,9.6,4.1
106,동해,2020-08-16,27.5,7.9,2.0
106,동해,2020-08-17,26.7,5.0,1.6
106,동해,2020-08-18,26.9,2.0,0.0
106,동해,2020-08-19,26.3,0.6,0.0
106,동해,2020-08-20,24.1,4.4,2.6
106,동해,2020-08-21,22.2,7.8,7.5
106,동해,2020-08-22,21.9,9.0,8.6
106,동해,2020-08-23,22.2,5.1,1.8
106,동해,2020-08-24,23.8,4.9,0.5
106,동해,2020-08-25,26.2,3.9,0.4
106,동해,2020-08-26,24.1,6.1,2.6
106,동해,2020-08-27,26.3,8.3,2.5
106,동해,2020-08-28,26.3,7.6,2.0
106,동해,2020-08-29,25.6,6.1,2.3
106,동해,2020-08-30,22.9,6.5,5.5
106,동해,2020-08-31,21.9,6.5,6.4
106,동해,2020-09-01,22.9,5.0,3.4
106,동해,2020-09-02,22.9,10.0,7.1
106,동해,2020-09-03,24.8,6.1,4.3
106,동해,2020-09-04,23.1,2.6,0.5
106,동해,2020-09-05,19.6,9.5,1.6
106,동해,2020-09-06,17.2,10.0,5.8
106,동해,2020-09-07,21.6,8.8,6.3
106,동해,2020-09-08,24.2,3.9,1.9
106,동해,2020-09-09,21.9,8.4,5.5
106,동해,2020-09-10,21.0,4.0,1.5
106,동해,2020-09-11,19.6,9.8,5.4
106,동해,2020-09-12,18.0,8.4,5.5
106,동해,2020-09-13,16.4,5.9,4.4
106,동해,2020-09-14,19.3,4.1,0.5
106,동해,2020-09-15,19.5,6.1,2.5
106,동해,2020-09-16,20.0,7.5,3.8
106,동해,2020-09-17,19.7,9.8,5.8
106,동해,2020-09-18,20.4,7.0,2.9
106,동해,2020-09-19,19.1,1.0,0.3
106,동해,2020-09-20,17.6,0.3,0.1
106,동해,2020-09-21,16.3,4.1,0.1
106,동해,2020-09-22,16.1,4.5,2.5
106,동해,2020-09-23,17.6,8.0,6.0
106,동해,2020-09-24,17.9,7.3,5.8
106,동해,2020-09-25,17.9,6.9,5.4
106,동해,2020-09-26,17.4,6.8,5.4
106,동해,2020-09-27,16.6,2.3,1.8
106,동해,2020-09-28,15.6,0.5,0.0
106,동해,2020-09-29,17.1,5.1,0.4
106,동해,2020-09-30,16.6,6.4,1.8
106,동해,2020-10-01,16.2,8.0,6.8
106,동해,2020-10-02,19.1,7.8,2.9
106,동해,2020-10-03,17.3,9.5,5.5
106,동해,2020-10-04,18.1,9.3,4.3
106,동해,2020-10-05,14.9,2.1,0.0
106,동해,2020-10-06,12.3,2.1,0.5
106,동해,2020-10-07,13.3,7.6,6.6
106,동해,2020-10-08,14.5,2.3,1.0
106,동해,2020-10-09,16.6,6.4,4.4
106,동해,2020-10-10,15.0,8.3,5.0
106,동해,2020-10-11,14.3,7.4,3.9
106,동해,2020-10-12,15.3,6.3,3.9
106,동해,2020-10-13,13.5,4.3,0.8
106,동해,2020-10-14,13.5,6.6,2.0
106,동해,2020-10-15,11.8,5.4,3.1
106,동해,2020-10-16,12.4,7.0,3.1
106,동해,2020-10-17,12.2,0.9,0.0
106,동해,2020-10-18,13.1,0.0,0.0
106,동해,2020-10-19,13.4,0.9,0.5
106,동해,2020-10-20,13.7,0.1,0.0
106,동해,2020-10-21,13.4,8.0,3.8
106,동해,2020-10-22,15.0,5.3,0.5
106,동해,2020-10-23,10.7,1.0,0.0
106,동해,2020-10-24,10.7,0.0,0.0
106,동해,2020-10-25,14.4,2.8,0.5
106,동해,2020-10-26,13.0,2.0,0.1
106,동해,2020-10-27,13.7,1.3,0.0
106,동해,2020-10-28,13.9,3.8,0.5
106,동해,2020-10-29,10.1,1.9,0.5
106,동해,2020-10-30,11.0,5.4,3.6
106,동해,2020-10-31,11.8,6.0,2.5
106,동해,2020-11-01,14.8,9.5,5.1
106,동해,2020-11-02,11.6,3.6,2.4
106,동해,2020-11-03,8.0,0.9,0.5
106,동해,2020-11-04,7.0,0.0,0.0
106,동해,2020-11-05,11.4,3.9,3.3
106,동해,2020-11-06,14.5,6.5,4.9
106,동해,2020-11-07,16.1,2.3,1.3
106,동해,2020-11-08,10.3,0.3,0.0
106,동해,2020-11-09,8.1,0.0,0.0
106,동해,2020-11-10,7.4,0.0,0.0
106,동해,2020-11-11,9.2,0.1,0.0
106,동해,2020-11-12,12.7,1.5,1.0
106,동해,2020-11-13,13.2,1.5,0.1
106,동해,2020-11-14,10.9,3.9,2.8
106,동해,2020-11-15,12.7,3.0,0.0
106,동해,2020-11-16,14.2,5.3,1.8
106,동해,2020-11-17,14.9,7.4,3.6
106,동해,2020-11-18,18.1,8.6,3.5
106,동해,2020-11-19,18.2,8.8,4.4
106,동해,2020-11-20,9.4,1.8,0.4
106,동해,2020-11-21,8.0,9.3,8.8
106,동해,2020-11-22,9.5,7.8,5.3
106,동해,2020-11-23,6.2,1.4,0.0
106,동해,2020-11-24,5.6,6.8,5.0
106,동해,2020-11-25,7.2,2.0,0.8
106,동해,2020-11-26,6.8,5.8,1.1
106,동해,2020-11-27,7.4,7.1,3.6
106,동해,2020-11-28,3.7,2.6,1.1
106,동해,2020-11-29,3.1,1.4,0.3
106,동해,2020-11-30,3.5,0.1,0.0
106,동해,2020-12-01,2.9,2.9,2.1
106,동해,2020-12-02,4.0,6.3,3.0
106,동해,2020-12-03,4.9,3.0,1.1
106,동해,2020-12-04,3.6,0.5,0.0
106,동해,2020-12-05,4.9,1.9,0.9
106,동해,2020-12-06,5.9,0.4,0.0
106,동해,2020-12-07,5.4,5.3,2.0
106,동해,2020-12-08,1.8,1.6,0.3
106,동해,2020-12-09,4.3,3.8,3.3
106,동해,2020-12-10,7.6,3.8,2.9
106,동해,2020-12-11,7.1,6.5,1.6
106,동해,2020-12-12,6.1,1.8,0.0
106,동해,2020-12-13,2.0,3.6,1.4
106,동해,2020-12-14,-3.4,2.1,0.6
106,동해,2020-12-15,-4.5,0.5,0.0
106,동해,2020-12-16,-3.6,0.5,0.0
106,동해,2020-12-17,-0.6,0.4,0.3
106,동해,2020-12-18,2.0,4.1,2.3
106,동해,2020-12-19,-0.3,0.9,0.0
106,동해,2020-12-20,0.0,0.1,0.0
106,동해,2020-12-21,2.5,0.0,0.0
106,동해,2020-12-22,4.3,0.1,0.0
106,동해,2020-12-23,6.6,3.6,0.5
106,동해,2020-12-24,6.4,0.9,0.3
106,동해,2020-12-25,1.7,0.0,0.0
106,동해,2020-12-26,4.2,3.5,0.8
106,동해,2020-12-27,6.4,8.0,1.3
106,동해,2020-12-28,7.2,1.8,0.4
106,동해,2020-12-29,4.4,7.6,2.8
106,동해,2020-12-30,-4.6,2.4,1.3
106,동해,2020-12-31,-4.3,0.3,0.0
106,동해,2021-01-01,-1.1,0.3,0.0
106,동해,2021-01-02,-0.7,0.0,0.0
106,동해,2021-01-03,-1.0,2.6,0.8
106,동해,2021-01-04,0.8,3.3,1.1
106,동해,2021-01-05,-0.2,2.9,0.6
106,동해,2021-01-06,-4.2,0.5,0.5
106,동해,2021-01-07,-9.4,1.6,0.1
106,동해,2021-01-08,-9.6,0.9,0.0
106,동해,2021-01-09,-7.8,1.1,0.0
106,동해,2021-01-10,-4.1,1.0,0.0
106,동해,2021-01-11,-2.6,7.3,3.9
106,동해,2021-01-12,0.3,3.8,2.3
106,동해,2021-01-13,5.7,1.4,0.4
106,동해,2021-01-14,4.2,0.5,0.4
106,동해,2021-01-15,8.4,5.1,1.0
106,동해,2021-01-16,2.1,3.5,0.8
106,동해,2021-01-17,-2.3,0.9,0.3
106,동해,2021-01-18,-1.2,4.1,1.0
106,동해,2021-01-19,-3.7,2.0,0.8
106,동해,2021-01-20,2.5,1.8,0.4
106,동해,2021-01-21,7.3,6.6,0.9
106,동해,2021-01-22,7.7,9.6,1.9
106,동해,2021-01-23,4.5,9.6,7.9
106,동해,2021-01-24,4.8,7.6,6.0
106,동해,2021-01-25,5.1,3.8,0.5
106,동해,2021-01-26,6.6,7.4,2.9
106,동해,2021-01-27,4.3,4.8,1.3
106,동해,2021-01-28,0.6,3.5,1.6
106,동해,2021-01-29,-4.4,0.0,0.0
106,동해,2021-01-30,1.8,4.0,2.5
106,동해,2021-01-31,4.1,1.9,0.3
106,동해,2021-02-01,9.1,6.1,3.3
106,동해,2021-02-02,-0.2,0.0,0.0
106,동해,2021-02-03,-0.8,0.3,0.0
106,동해,2021-02-04,2.5,1.1,1.0
106,동해,2021-02-05,5.2,4.8,0.0
106,동해,2021-02-06,8.0,0.3,0.0
106,동해,2021-02-07,6.0,6.6,3.5
106,동해,2021-02-08,0.4,0.8,0.0
106,동해,2021-02-09,1.8,0.0,0.0
106,동해,2021-02-10,6.4,1.6,0.0
106,동해,2021-02-11,6.6,4.9,0.0
106,동해,2021-02-12,7.4,3.8,0.1
106,동해,2021-02-13,6.4,0.8,0.0
106,동해,2021-02-14,9.5,9.4,2.6
106,동해,2021-02-15,4.9,4.3,3.1
106,동해,2021-02-16,-1.5,1.3,0.1
106,동해,2021-02-17,-5.5,1.3,0.0
106,동해,2021-02-18,-3.2,0.6,0.0
106,동해,2021-02-19,6.5,3.6,0.9
106,동해,2021-02-20,12.4,2.1,0.0
106,동해,2021-02-21,10.6,4.4,1.0
106,동해,2021-02-22,6.2,8.5,7.8
106,동해,2021-02-23,3.1,4.1,2.0
106,동해,2021-02-24,2.3,4.8,0.8
106,동해,2021-02-25,4.7,8.8,0.4
106,동해,2021-02-26,6.8,6.5,0.9
106,동해,2021-02-27,5.3,7.8,4.0
106,동해,2021-02-28,7.4,4.5,1.6
106,동해,2021-03-01,3.6,10.0,5.1
106,동해,2021-03-02,-0.1,8.4,6.4
106,동해,2021-03-03,2.7,3.5,1.5
106,동해,2021-03-04,6.7,7.6,3.3
106,동해,2021-03-05,8.5,1.1,0.0
106,동해,2021-03-06,2.4,9.5,8.9
106,동해,2021-03-07,3.0,7.3,5.6
106,동해,2021-03-08,4.8,4.0,3.1
106,동해,2021-03-09,8.1,4.5,0.0
106,동해,2021-03-10,7.5,0.3,0.0
106,동해,2021-03-11,9.4,6.0,3.6
106,동해,2021-03-12,8.3,9.0,6.0
106,동해,2021-03-13,7.0,4.8,2.1
106,동해,2021-03-14,8.6,1.8,0.0
106,동해,2021-03-15,11.4,5.9,2.3
106,동해,2021-03-16,10.2,2.8,1.9
106,동해,2021-03-17,7.8,2.1,1.5
106,동해,2021-03-18,8.2,8.6,5.9
106,동해,2021-03-19,8.9,6.8,4.9
106,동해,2021-03-20,8.6,9.6,4.5
106,동해,2021-03-21,8.3,5.3,2.9
106,동해,2021-03-22,7.8,1.0,0.3
106,동해,2021-03-23,12.3,1.6,0.0
106,동해,2021-03-24,13.3,5.8,1.4
106,동해,2021-03-25,14.0,0.4,0.1
106,동해,2021-03-26,13.0,5.1,2.1
106,동해,2021-03-27,10.7,9.8,3.5
106,동해,2021-03-28,13.4,6.4,3.8
106,동해,2021-03-29,14.4,3.9,1.5
106,동해,2021-03-30,11.6,1.5,0.6
106,동해,2021-03-31,11.2,1.5,0.0
106,동해,2021-04-01,10.7,5.6,0.1
106,동해,2021-04-02,11.1,5.4,3.6
106,동해,2021-04-03,10.6,9.3,8.1
106,동해,2021-04-04,7.7,7.4,6.5
106,동해,2021-04-05,8.3,0.9,0.6
106,동해,2021-04-06,12.4,4.0,2.8
106,동해,2021-04-07,14.0,1.3,0.1
106,동해,2021-04-08,10.0,2.9,2.3
106,동해,2021-04-09,8.8,4.6,1.6
106,동해,2021-04-10,8.0,0.1,0.0
106,동해,2021-04-11,11.4,2.1,0.1
106,동해,2021-04-12,12.5,8.8,1.8
106,동해,2021-04-13,13.1,5.4,3.6
106,동해,2021-04-14,10.0,1.4,0.6
106,동해,2021-04-15,11.5,4.9,1.8
106,동해,2021-04-16,13.2,6.5,3.4
106,동해,2021-04-17,10.2,4.4,1.0
106,동해,2021-04-18,10.7,0.6,0.1
106,동해,2021-04-19,18.1,0.0,0.0
106,동해,2021-04-20,16.4,2.6,0.0
106,동해,2021-04-21,13.8,3.4,0.0
106,동해,2021-04-22,14.7,9.3,4.4
106,동해,2021-04-23,13.0,9.8,2.5
106,동해,2021-04-24,12.0,7.8,3.4
106,동해,2021-04-25,10.8,3.3,1.8
106,동해,2021-04-26,10.5,3.1,0.6
106,동해,2021-04-27,14.6,8.3,1.0
106,동해,2021-04-28,17.5,6.4,1.0
106,동해,2021-04-29,12.2,8.1,3.8
106,동해,2021-04-30,10.6,9.4,4.8
106,동해,2021-05-01,10.1,9.8,5.8
106,동해,2021-05-02,12.3,3.1,1.3
106,동해,2021-05-03,16.2,2.0,0.1
106,동해,2021-05-04,17.7,9.6,4.6
106,동해,2021-05-05,16.8,2.9,0.9
106,동해,2021-05-06,16.9,5.1,0.1
106,동해,2021-05-07,18.6,4.5,0.0
106,동해,2021-05-08,17.8,0.9,0.0
106,동해,2021-05-09,17.1,0.0,0.0
106,동해,2021-05-10,14.7,8.9,4.8
106,동해,2021-05-11,12.6,5.0,0.1
106,동해,2021-05-12,12.7,5.0,0.0
106,동해,2021-05-13,13.7,0.6,0.1
106,동해,2021-05-14,14.9,6.3,2.3
106,동해,2021-05-15,14.7,9.5,6.4
106,동해,2021-05-16,13.1,9.9,6.4
106,동해,2021-05-17,11.7,8.6,6.0
106,동해,2021-05-18,14.3,6.1,2.1
106,동해,2021-05-19,20.3,3.5,0.0
106,동해,2021-05-20,16.7,9.8,7.8
106,동해,2021-05-21,14.1,9.3,7.3
106,동해,2021-05-22,20.9,2.0,1.6
106,동해,2021-05-23,21.4,6.1,2.9
106,동해,2021-05-24,19.6,5.8,4.4
106,동해,2021-05-25,15.8,4.1,0.5
106,동해,2021-05-26,18.6,7.9,0.9
106,동해,2021-05-27,15.4,6.4,5.3
106,동해,2021-05-28,13.9,8.4,4.6
106,동해,2021-05-29,15.7,6.3,1.5
106,동해,2021-05-30,16.8,3.0,0.9
106,동해,2021-05-31,15.2,7.5,6.1
106,동해,2021-06-01,16.5,8.0,2.4
106,동해,2021-06-02,17.9,5.0,2.8
106,동해,2021-06-03,16.1,9.0,5.8
106,동해,2021-06-04,19.5,4.0,1.5
106,동해,2021-06-05,21.8,1.4,0.5
106,동해,2021-06-06,21.7,0.4,0.0
106,동해,2021-06-07,22.8,7.9,5.0
106,동해,2021-06-08,19.7,8.6,3.3
106,동해,2021-06-09,18.4,6.0,3.1
106,동해,2021-06-10,18.0,8.5,3.8
106,동해,2021-06-11,21.8,6.9,2.1
106,동해,2021-06-12,20.2,3.5,1.5
106,동해,2021-06-13,18.9,5.1,3.0
106,동해,2021-06-14,19.1,7.9,6.6
106,동해,2021-06-15,19.3,9.9,7.5
106,동해,2021-06-16,18.2,9.1,7.1
106,동해,2021-06-17,18.2,9.9,5.6
106,동해,2021-06-18,22.7,7.0,4.8
106,동해,2021-06-19,20.8,2.4,0.6
106,동해,2021-06-20,21.1,2.6,1.9
106,동해,2021-06-21,19.3,6.0,4.5
106,동해,2021-06-22,17.6,8.9,6.6
106,동해,2021-06-23,17.9,6.4,6.1
106,동해,2021-06-24,19.6,3.9,0.8
106,동해,2021-06-25,20.9,5.5,2.0
106,동해,2021-06-26,20.7,9.9,2.5
106,동해,2021-06-27,21.0,7.4,2.8
106,동해,2021-06-28,21.2,6.6,1.5
106,동해,2021-06-29,21.3,2.9,1.4
106,동해,2021-06-30,20.9,8.3,2.9
106,동해,2021-07-01,21.9,4.6,1.9
106,동해,2021-07-02,21.9,6.0,3.4
106,동해,2021-07-03,21.0,9.0,
106,동해,2021-07-04,21.0,9.4,8.1
106,동해,2021-07-05,23.1,8.8,1.6
106,동해,2021-07-06,22.7,8.3,0.9
106,동해,2021-07-07,22.2,9.6,3.6
106,동해,2021-07-08,23.1,7.1,3.4
106,동해,2021-07-09,23.0,7.3,3.5
106,동해,2021-07-10,22.5,7.4,3.3
106,동해,2021-07-11,26.6,5.8,2.5
106,동해,2021-07-12,26.3,4.0,1.0
106,동해,2021-07-13,24.4,5.4,2.3
106,동해,2021-07-14,25.4,3.3,2.8
106,동해,2021-07-15,25.9,5.4,4.5
106,동해,2021-07-16,25.3,2.3,0.3
106,동해,2021-07-17,24.8,6.9,3.5
106,동해,2021-07-18,25.3,5.6,2.5
106,동해,2021-07-19,25.3,6.9,4.3
106,동해,2021-07-20,26.2,6.4,1.8
106,동해,2021-07-21,25.9,7.0,0.0
106,동해,2021-07-22,26.0,4.3,0.5
106,동해,2021-07-23,25.8,3.0,0.3
106,동해,2021-07-24,25.0,5.4,0.9
106,동해,2021-07-25,25.5,2.6,0.6
106,동해,2021-07-26,25.6,2.4,0.0
106,동해,2021-07-27,26.0,2.8,0.9
106,동해,2021-07-28,25.7,2.6,0.6
106,동해,2021-07-29,26.2,5.5,0.6
106,동해,2021-07-30,27.3,3.4,0.3
106,동해,2021-07-31,26.9,6.4,2.9
106,동해,2021-08-01,26.5,6.9,0.9
106,동해,2021-08-02,26.1,7.8,3.0
106,동해,2021-08-03,26.7,6.2,
106,동해,2021-08-04,27.6,4.9,1.8
106,동해,2021-08-05,27.8,5.3,1.6
106,동해,2021-08-06,26.9,6.4,2.6
106,동해,2021-08-07,25.7,7.3,4.1
106,동해,2021-08-08,24.0,8.6,3.8
106,동해,2021-08-09,23.3,7.0,3.8
106,동해,2021-08-10,23.4,5.9,3.0
106,동해,2021-08-11,24.3,4.5,1.6
106,동해,2021-08-12,24.4,8.0,5.3
106,동해,2021-08-13,24.0,9.0,4.3
106,동해,2021-08-14,22.4,9.0,4.1
106,동해,2021-08-15,22.4,6.3,3.6
106,동해,2021-08-16,22.0,6.5,
106,동해,2021-08-17,21.8,8.6,
106,동해,2021-08-18,22.2,9.1,5.3
106,동해,2021-08-19,21.2,8.4,6.1
106,동해,2021-08-20,22.7,4.6,3.3
106,동해,2021-08-21,23.9,8.0,3.5
106,동해,2021-08-22,25.5,7.4,2.9
106,동해,2021-08-23,23.2,9.3,2.0
106,동해,2021-08-24,22.1,9.4,7.3
106,동해,2021-08-25,22.4,8.9,2.6
106,동해,2021-08-26,23.3,9.0,4.4
106,동해,2021-08-27,23.0,9.3,5.3
106,동해,2021-08-28,23.7,6.6,2.5
106,동해,2021-08-29,22.4,8.3,3.1
106,동해,2021-08-30,23.3,7.4,5.9
106,동해,2021-08-31,20.3,8.1,5.1
106,동해,2021-09-01,20.0,7.5,6.3
106,동해,2021-09-02,20.9,6.0,4.4
106,동해,2021-09-03,21.4,3.0,2.8
106,동해,2021-09-04,20.6,6.1,2.4
106,동해,2021-09-05,20.9,6.4,4.9
106,동해,2021-09-06,21.9,8.5,4.0
106,동해,2021-09-07,20.6,10.0,7.4
106,동해,2021-09-08,21.3,6.4,3.3
106,동해,2021-09-09,22.0,5.9,0.4
106,동해,2021-09-10,22.0,5.9,0.0
106,동해,2021-09-11,22.9,0.0,0.0
106,동해,2021-09-12,22.2,2.8,2.3
106,동해,2021-09-13,21.5,8.0,3.1
106,동해,2021-09-14,20.1,7.5,2.4
106,동해,2021-09-15,21.3,5.1,2.6
106,동해,2021-09-16,20.1,7.3,4.0
106,동해,2021-09-17,19.2,8.3,4.9
106,동해,2021-09-18,20.6,4.9,2.0
106,동해,2021-09-19,20.4,5.6,4.1
106,동해,2021-09-20,21.3,5.8,2.0
106,동해,2021-09-21,22.6,5.3,1.0
106,동해,2021-09-22,22.3,4.4,1.4
106,동해,2021-09-23,21.0,4.1,1.0
106,동해,2021-09-24,18.7,5.5,2.4
106,동해,2021-09-25,19.1,4.6,
106,동해,2021-09-26,20.1,6.6,2.8
106,동해,2021-09-27,19.3,8.5,6.0
106,동해,2021-09-28,19.6,8.8,7.6
106,동해,2021-09-29,20.5,9.1,6.5
106,동해,2021-09-30,19.6,1.8,0.6
106,동해,2021-10-01,19.0,0.6,0.0
106,동해,2021-10-02,19.8,2.5,
106,동해,2021-10-03,22.7,5.7,2.0
106,동해,2021-10-04,23.7,9.8,7.4
106,동해,2021-10-05,21.0,7.0,4.0
106,동해,2021-10-06,17.5,9.3,7.8
106,동해,2021-10-07,18.5,8.1,6.3
106,동해,2021-10-08,18.5,9.9,8.3
106,동해,2021-10-09,20.0,8.1,7.8
106,동해,2021-10-10,23.3,7.0,4.4
106,동해,2021-10-11,15.8,9.5,5.6
106,동해,2021-10-12,16.8,9.5,5.4
106,동해,2021-10-13,16.9,9.0,7.4
106,동해,2021-10-14,18.9,4.1,0.4
106,동해,2021-10-15,17.2,9.8,8.4
106,동해,2021-10-16,14.3,9.8,7.3
106,동해,2021-10-17,7.7,2.8,0.0
106,동해,2021-10-18,11.1,2.0,1.3
106,동해,2021-10-19,12.1,8.4,4.3
106,동해,2021-10-20,10.3,7.0,5.5
106,동해,2021-10-21,11.3,6.6,2.9
106,동해,2021-10-22,11.4,7.3,4.5
106,동해,2021-10-23,12.3,1.6,0.8
106,동해,2021-10-24,12.2,0.8,0.3
106,동해,2021-10-25,12.6,0.8,0.4
106,동해,2021-10-26,14.2,2.6,1.3
106,동해,2021-10-27,15.1,2.0,1.4
106,동해,2021-10-28,13.7,2.3,1.1
106,동해,2021-10-29,12.4,5.1,2.4
106,동해,2021-10-30,14.0,5.3,0.9
106,동해,2021-10-31,14.6,0.4,0.1
106,동해,2021-11-01,14.4,4.1,1.1
106,동해,2021-11-02,13.0,4.9,1.9
106,동해,2021-11-03,13.5,5.5,3.9
106,동해,2021-11-04,14.0,1.6,1.1
106,동해,2021-11-05,14.0,0.1,0.0
106,동해,2021-11-06,13.6,3.4,0.6
106,동해,2021-11-07,14.4,5.5,3.9
106,동해,2021-11-08,13.5,7.6,4.4
106,동해,2021-11-09,9.1,7.6,5.5
106,동해,2021-11-10,8.4,5.1,1.3
106,동해,2021-11-11,8.3,1.9,1.3
106,동해,2021-11-12,7.3,0.0,0.0
106,동해,2021-11-13,9.5,0.1,0.0
106,동해,2021-11-14,13.2,2.5,0.5
106,동해,2021-11-15,11.7,2.8,0.1
106,동해,2021-11-16,10.4,1.3,0.8
106,동해,2021-11-17,9.9,2.6,0.3
106,동해,2021-11-18,14.1,1.5,1.4
106,동해,2021-11-19,15.1,5.3,0.1
106,동해,2021-11-20,12.4,3.9,1.3
106,동해,2021-11-21,13.1,9.4,4.4
106,동해,2021-11-22,7.9,4.5,2.5
106,동해,2021-11-23,3.8,0.4,0.4
106,동해,2021-11-24,8.0,2.1,1.5
106,동해,2021-11-25,10.4,1.9,1.8
106,동해,2021-11-26,7.9,0.6,0.0
106,동해,2021-11-27,5.7,0.0,0.0
106,동해,2021-11-28,8.8,2.6,0.0
106,동해,2021-11-29,12.4,3.9,1.9
106,동해,2021-11-30,9.9,6.6,3.0
106,동해,2021-12-01,2.3,0.1,0.0
106,동해,2021-12-02,5.1,1.6,1.0
106,동해,2021-12-03,6.5,2.4,1.8
106,동해,2021-12-04,4.9,0.5,0.0
106,동해,2021-12-05,5.8,1.0,0.1
106,동해,2021-12-06,8.9,3.6,2.1
106,동해,2021-12-07,8.9,7.5,3.5
106,동해,2021-12-08,8.2,3.4,1.8
106,동해,2021-12-09,8.5,5.9,3.0
106,동해,2021-12-10,10.4,5.1,3.1
106,동해,2021-12-11,10.4,7.1,3.9
106,동해,2021-12-12,7.4,4.5,3.9
106,동해,2021-12-13,2.4,0.0,0.0
106,동해,2021-12-14,6.1,0.1,0.1
106,동해,2021-12-15,9.4,5.6,2.9
106,동해,2021-12-16,9.2,9.0,5.1
106,동해,2021-12-17,0.8,2.1,0.3
106,동해,2021-12-18,-0.2,1.8,0.3
106,동해,2021-12-19,3.4,1.8,1.0
106,동해,2021-12-20,9.0,3.3,2.4
106,동해,2021-12-21,11.1,0.4,0.0
106,동해,2021-12-22,6.2,3.1,0.9
106,동해,2021-12-23,4.8,2.3,0.8
106,동해,2021-12-24,5.6,7.4,4.3
106,동해,2021-12-25,-3.2,5.0,5.0
106,동해,2021-12-26,-6.4,1.4,1.4
106,동해,2021-12-27,-1.3,0.3,0.3
106,동해,2021-12-28,1.9,2.4,2.1
106,동해,2021-12-29,5.7,5.9,4.9
106,동해,2021-12-30,0.4,0.9,0.1
106,동해,2021-12-31,-2.0,0.4,0.0
106,동해,2022-01-01,-0.1,0.3,0.3
106,동해,2022-01-02,4.3,3.0,2.3
106,동해,2022-01-03,2.8,2.8,1.9
106,동해,2022-01-04,2.5,0.8,
106,동해,2022-01-05,1.6,6.9,3.4
106,동해,2022-01-06,2.6,1.0,0.1
106,동해,2022-01-07,2.4,0.0,0.0
106,동해,2022-01-08,5.2,2.4,0.5
106,동해,2022-01-09,4.8,4.4,0.4
106,동해,2022-01-10,4.1,5.9,0.3
106,동해,2022-01-11,0.5,1.6,1.3
106,동해,2022-01-12,-1.4,3.3,2.6
106,동해,2022-01-13,-1.9,2.0,0.1
106,동해,2022-01-14,-1.1,1.3,0.0
106,동해,2022-01-15,3.6,7.0,3.8
106,동해,2022-01-16,4.5,2.8,2.8
106,동해,2022-01-17,-0.3,2.5,0.9
106,동해,2022-01-18,-2.0,1.3,0.0
106,동해,2022-01-19,0.5,5.6,3.4
106,동해,2022-01-20,-0.9,6.1,3.3
106,동해,2022-01-21,0.2,3.8,1.0
106,동해,2022-01-22,3.1,4.5,0.3
106,동해,2022-01-23,4.2,8.3,5.9
106,동해,2022-01-24,4.3,9.4,8.4
106,동해,2022-01-25,5.1,7.9,6.5
106,동해,2022-01-26,5.4,1.7,0.0
106,동해,2022-01-27,3.2,3.5,1.0
106,동해,2022-01-28,2.3,2.3,1.1
106,동해,2022-01-29,1.9,1.4,0.9
106,동해,2022-01-30,0.7,0.6,0.0
106,동해,2022-01-31,2.5,1.1,0.8
106,동해,2022-02-01,2.7,1.1,0.0
106,동해,2022-02-02,1.4,2.0,0.8
106,동해,2022-02-03,1.5,1.3,0.0
106,동해,2022-02-04,0.0,0.9,0.1
106,동해,2022-02-05,-2.3,0.0,0.0
106,동해,2022-02-06,0.2,0.8,0.4
106,동해,2022-02-07,0.4,5.0,2.0
106,동해,2022-02-08,1.4,3.3,1.5
106,동해,2022-02-09,3.2,4.4,1.9
106,동해,2022-02-10,3.6,3.6,2.3
106,동해,2022-02-11,4.2,2.4,1.0
106,동해,2022-02-12,6.6,6.4,3.0
106,동해,2022-02-13,5.6,8.3,3.4
106,동해,2022-02-14,6.1,3.4,1.5
106,동해,2022-02-15,0.8,0.1,0.0
106,동해,2022-02-16,-3.2,0.4,0.0
106,동해,2022-02-17,-3.5,2.4,0.0
106,동해,2022-02-18,1.7,3.7,2.8
106,동해,2022-02-19,3.8,6.1,4.5
106,동해,2022-02-20,-1.0,0.1,0.0
106,동해,2022-02-21,1.3,2.5,0.4
106,동해,2022-02-22,-0.1,0.4,0.0
106,동해,2022-02-23,-1.8,1.0,0.0
106,동해,2022-02-24,2.1,0.0,0.0
106,동해,2022-02-25,7.4,0.0,0.0
106,동해,2022-02-26,9.8,4.4,1.0
106,동해,2022-02-27,7.5,0.0,0.0
106,동해,2022-02-28,9.0,5.4,1.5
106,동해,2022-03-01,10.0,6.8,2.0
106,동해,2022-03-02,7.3,0.0,0.0
106,동해,2022-03-03,6.4,0.1,0.0
106,동해,2022-03-04,11.9,4.0,0.6
106,동해,2022-03-05,6.8,1.1,0.5
106,동해,2022-03-06,3.3,0.6,0.1
106,동해,2022-03-07,5.3,5.0,1.8
106,동해,2022-03-08,7.0,2.8,1.1
106,동해,2022-03-09,7.7,0.0,0.0
106,동해,2022-03-10,11.5,4.6,0.0
106,동해,2022-03-11,14.2,3.3,0.3
106,동해,2022-03-12,11.1,5.3,2.3
106,동해,2022-03-13,7.9,9.4,6.9
106,동해,2022-03-14,9.6,6.3,5.5
106,동해,2022-03-15,10.1,1.4,1.1
106,동해,2022-03-16,10.9,4.0,1.3
106,동해,2022-03-17,6.9,9.9,7.0
106,동해,2022-03-18,5.5,9.9,9.3
106,동해,2022-03-19,3.2,9.9,8.5
106,동해,2022-03-20,6.3,7.3,3.8
106,동해,2022-03-21,6.5,7.0,1.5
106,동해,2022-03-22,6.5,1.9,0.0
106,동해,2022-03-23,7.9,8.0,3.4
106,동해,2022-03-24,10.9,4.0,0.9
106,동해,2022-03-25,12.4,8.4,3.4
106,동해,2022-03-26,11.3,8.1,5.4
106,동해,2022-03-27,11.8,2.6,0.6
106,동해,2022-03-28,7.8,1.0,0.0
106,동해,2022-03-29,10.5,0.6,0.0
106,동해,2022-03-30,11.5,8.3,3.4
106,동해,2022-03-31,6.9,8.4,7.4
106,동해,2022-04-01,6.6,4.3,1.6
106,동해,2022-04-02,8.6,0.1,0.0
106,동해,2022-04-03,9.8,0.0,0.0
106,동해,2022-04-04,11.7,0.0,0.0
106,동해,2022-04-05,14.9,5.0,0.0
106,동해,2022-04-06,11.8,4.4,2.3
106,동해,2022-04-07,13.9,3.0,1.5
106,동해,2022-04-08,14.1,0.8,0.0
106,동해,2022-04-09,23.6,0.1,0.0
106,동해,2022-04-10,22.6,2.1,0.0
106,동해,2022-04-11,19.7,4.1,1.3
106,동해,2022-04-12,17.8,4.5,2.1
106,동해,2022-04-13,8.7,9.6,5.6
106,동해,2022-04-14,9.3,9.5,8.0
106,동해,2022-04-15,9.3,4.0,2.0
106,동해,2022-04-16,11.1,0.1,0.0
106,동해,2022-04-17,16.4,3.4,1.1
106,동해,2022-04-18,16.4,6.0,2.0
106,동해,2022-04-19,13.9,1.0,0.5
106,동해,2022-04-20,18.9,0.4,0.0
106,동해,2022-04-21,18.0,5.1,1.4
106,동해,2022-04-22,21.2,7.4,2.6
106,동해,2022-04-23,15.4,8.0,1.3
106,동해,2022-04-24,18.8,3.1,0.0
106,동해,2022-04-25,18.8,8.0,1.5
106,동해,2022-04-26,17.0,9.0,3.4
106,동해,2022-04-27,14.4,2.0,0.0
106,동해,2022-04-28,13.0,7.0,3.9
106,동해,2022-04-29,9.4,8.4,4.6
106,동해,2022-04-30,12.3,6.1,1.6
106,동해,2022-05-01,14.3,3.9,0.6
106,동해,2022-05-02,10.5,2.4,1.4
106,동해,2022-05-03,17.0,1.0,0.6
106,동해,2022-05-04,23.0,1.0,0.0
106,동해,2022-05-05,19.5,0.1,0.0
106,동해,2022-05-06,18.9,4.3,1.3
106,동해,2022-05-07,14.6,8.6,5.3
106,동해,2022-05-08,12.7,9.1,5.0
106,동해,2022-05-09,14.8,3.0,1.6
106,동해,2022-05-10,13.6,5.0,1.4
106,동해,2022-05-11,15.2,6.6,2.0
106,동해,2022-05-12,16.1,8.0,5.1
106,동해,2022-05-13,13.1,8.8,4.6
106,동해,2022-05-14,16.0,5.1,0.5
106,동해,2022-05-15,14.5,1.4,0.0
106,동해,2022-05-16,18.3,0.7,0.4
106,동해,2022-05-17,19.3,2.0,0.3
106,동해,2022-05-18,22.8,3.6,0.8
106,동해,2022-05-19,21.3,6.4,1.1
106,동해,2022-05-20,22.2,4.4,1.3
106,동해,2022-05-21,22.6,1.5,0.1
106,동해,2022-05-22,19.8,4.0,0.8
106,동해,2022-05-23,18.0,3.1,0.0
106,동해,2022-05-24,22.5,4.3,1.0
106,동해,2022-05-25,22.8,6.3,1.8
106,동해,2022-05-26,20.4,2.1,0.5
106,동해,2022-05-27,17.4,6.1,3.9
106,동해,2022-05-28,25.6,0.9,0.0
106,동해,2022-05-29,22.4,1.9,0.0
106,동해,2022-05-30,17.7,8.8,7.3
106,동해,2022-05-31,19.7,2.4,1.0
106,동해,2022-06-01,20.8,3.9,1.5
106,동해,2022-06-02,20.3,1.9,0.1
106,동해,2022-06-03,19.1,4.4,4.3
106,동해,2022-06-04,18.5,7.4,4.5
106,동해,2022-06-05,17.8,9.4,4.6
106,동해,2022-06-06,14.8,9.3,7.8
106,동해,2022-06-07,14.9,8.5,8.3
106,동해,2022-06-08,15.6,6.8,5.6
106,동해,2022-06-09,16.4,7.1,2.8
106,동해,2022-06-10,18.4,5.6,2.3
106,동해,2022-06-11,18.3,7.1,4.1
106,동해,2022-06-12,18.2,6.5,4.0
106,동해,2022-06-13,18.9,8.0,5.3
106,동해,2022-06-14,17.0,7.1,3.9
106,동해,2022-06-15,16.0,8.4,7.5
106,동해,2022-06-16,19.3,5.0,3.5
106,동해,2022-06-17,22.9,1.8,0.0
106,동해,2022-06-18,24.1,4.6,2.0
106,동해,2022-06-19,23.8,3.4,0.0
106,동해,2022-06-20,24.0,1.1,0.0
106,동해,2022-06-21,21.8,3.4,1.8
106,동해,2022-06-22,22.4,5.0,1.3
106,동해,2022-06-23,22.2,9.3,3.0
106,동해,2022-06-24,26.3,6.6,1.6
106,동해,2022-06-25,28.1,3.0,0.0
106,동해,2022-06-26,26.1,8.0,0.9
106,동해,2022-06-27,24.7,10.0,3.0
106,동해,2022-06-28,30.2,9.1,2.1
106,동해,2022-06-29,26.1,10.0,3.5
106,동해,2022-06-30,24.8,9.3,3.3
106,동해,2022-07-01,25.8,1.5,0.0
106,동해,2022-07-02,24.5,2.9,1.0
106,동해,2022-07-03,24.7,5.5,1.6
106,동해,2022-07-04,25.4,6.8,1.5
106,동해,2022-07-05,23.9,6.9,1.8
106,동해,2022-07-06,24.2,7.9,6.6
106,동해,2022-07-07,25.5,8.8,3.3
106,동해,2022-07-08,27.4,5.9,2.0
106,동해,2022-07-09,24.8,6.1,4.4
106,동해,2022-07-10,23.2,7.0,5.8
106,동해,2022-07-11,23.2,7.5,4.6
106,동해,2022-07-12,22.0,7.9,5.5
106,동해,2022-07-13,22.0,8.4,4.8
106,동해,2022-07-14,22.2,5.9,3.5
106,동해,2022-07-15,22.1,7.9,7.0
106,동해,2022-07-16,23.0,7.1,1.5
106,동해,2022-07-17,22.9,5.8,2.4
106,동해,2022-07-18,23.7,6.9,2.3
106,동해,2022-07-19,24.1,7.5,5.3
106,동해,2022-07-20,26.3,9.5,4.8
106,동해,2022-07-21,21.5,7.1,5.5
106,동해,2022-07-22,22.3,6.0,4.9
106,동해,2022-07-23,22.7,8.0,4.3
106,동해,2022-07-24,23.3,7.3,3.5
106,동해,2022-07-25,23.1,3.8,3.1
106,동해,2022-07-26,23.1,6.0,5.8
106,동해,2022-07-27,24.0,6.8,4.1
106,동해,2022-07-28,24.5,5.8,3.8
106,동해,2022-07-29,25.2,4.9,4.1
106,동해,2022-07-30,25.2,7.8,5.9
106,동해,2022-07-31,25.0,9.4,3.4
106,동해,2022-08-01,25.7,8.8,4.4
106,동해,2022-08-02,25.9,7.6,3.4
106,동해,2022-08-03,27.9,7.8,4.8
106,동해,2022-08-04,27.7,3.8,1.5
106,동해,2022-08-05,28.4,4.1,1.8
106,동해,2022-08-06,29.3,4.3,1.1
106,동해,2022-08-07,28.9,6.3,0.4
106,동해,2022-08-08,27.8,9.9,1.5
106,동해,2022-08-09,24.6,10.0,
106,동해,2022-08-10,22.3,9.6,6.0
106,동해,2022-08-11,23.0,8.9,5.8
106,동해,2022-08-12,25.6,2.3,0.4
106,동해,2022-08-13,24.6,7.6,5.0
106,동해,2022-08-14,25.3,8.3,3.4
106,동해,2022-08-15,28.8,9.8,4.0
106,동해,2022-08-16,26.8,6.1,5.1
106,동해,2022-08-17,23.4,6.4,6.1
106,동해,2022-08-18,23.1,6.3,1.1
106,동해,2022-08-19,24.3,9.0,3.8
106,동해,2022-08-20,23.6,7.6,4.1
106,동해,2022-08-21,23.0,2.9,1.0
106,동해,2022-08-22,23.8,7.1,1.1
106,동해,2022-08-23,23.6,8.5,6.5
106,동해,2022-08-24,22.3,9.0,6.6
106,동해,2022-08-25,21.7,9.0,2.1
106,동해,2022-08-26,23.4,4.1,0.8
106,동해,2022-08-27,21.5,4.9,2.9
106,동해,2022-08-28,20.2,1.4,0.0
106,동해,2022-08-29,20.1,9.0,6.1
106,동해,2022-08-30,18.7,9.6,5.9
106,동해,2022-08-31,19.7,8.9,7.6
106,동해,2022-09-01,21.0,7.6,0.8
106,동해,2022-09-02,21.0,6.9,4.0
106,동해,2022-09-03,21.7,5.5,3.3
106,동해,2022-09-04,21.2,9.6,5.4
106,동해,2022-09-05,20.6,10.0,6.6
106,동해,2022-09-06,20.6,5.6,4.4
106,동해,2022-09-07,21.5,0.1,0.0
106,동해,2022-09-08,19.8,1.3,0.0
106,동해,2022-09-09,19.4,4.6,0.0
106,동해,2022-09-10,20.1,8.6,2.3
106,동해,2022-09-11,21.5,8.9,3.8
106,동해,2022-09-12,21.3,9.1,3.9
106,동해,2022-09-13,22.2,9.8,3.3
106,동해,2022-09-14,22.5,7.8,4.0
106,동해,2022-09-15,21.8,6.6,3.5
106,동해,2022-09-16,22.0,5.5,2.0
106,동해,2022-09-17,23.8,5.9,1.3
106,동해,2022-09-18,23.3,9.9,8.6
106,동해,2022-09-19,20.3,8.1,7.1
106,동해,2022-09-20,16.8,5.8,4.8
106,동해,2022-09-21,16.1,1.3,0.6
106,동해,2022-09-22,17.8,5.8,0.8
106,동해,2022-09-23,19.4,5.6,1.4
106,동해,2022-09-24,18.2,2.4,0.0
106,동해,2022-09-25,17.7,8.1,2.3
106,동해,2022-09-26,18.5,7.4,0.6
106,동해,2022-09-27,17.9,2.9,0.5
106,동해,2022-09-28,18.0,4.5,0.3
106,동해,2022-09-29,19.3,1.0,0.0
106,동해,2022-09-30,19.9,0.1,0.0
106,동해,2022-10-01,21.5,2.5,0.0
106,동해,2022-10-02,18.5,8.6,2.1
106,동해,2022-10-03,20.9,9.1,7.3
106,동해,2022-10-04,16.4,9.8,8.0
106,동해,2022-10-05,12.9,8.8,6.9
106,동해,2022-10-06,14.1,9.6,6.1
106,동해,2022-10-07,13.0,8.9,5.6
106,동해,2022-10-08,13.5,7.4,4.1
106,동해,2022-10-09,15.4,9.1,6.0
106,동해,2022-10-10,13.1,2.5,1.8
106,동해,2022-10-11,13.6,0.1,0.0
106,동해,2022-10-12,13.8,0.1,0.0
106,동해,2022-10-13,15.3,1.5,0.0
106,동해,2022-10-14,15.4,7.1,4.9
106,동해,2022-10-15,16.5,6.0,4.0
106,동해,2022-10-16,17.3,9.5,7.1
106,동해,2022-10-17,15.5,7.0,5.6
106,동해,2022-10-18,11.3,1.1,1.0
106,동해,2022-10-19,10.7,0.0,0.0
106,동해,2022-10-20,13.9,1.3,1.3
106,동해,2022-10-21,17.2,7.3,5.9
106,동해,2022-10-22,17.7,3.3,1.6
106,동해,2022-10-23,12.6,7.1,4.8
106,동해,2022-10-24,9.0,6.9,3.4
106,동해,2022-10-25,10.9,8.1,6.3
106,동해,2022-10-26,12.7,2.9,1.9
106,동해,2022-10-27,14.1,3.3,1.3
106,동해,2022-10-28,12.8,8.5,6.8
106,동해,2022-10-29,12.5,8.3,4.5
106,동해,2022-10-30,12.9,7.8,6.3
106,동해,2022-10-31,13.1,4.9,1.4
106,동해,2022-11-01,14.1,2.0,1.3
106,동해,2022-11-02,13.3,1.4,0.9
106,동해,2022-11-03,13.4,7.4,3.4
106,동해,2022-11-04,9.4,0.4,0.0
106,동해,2022-11-05,8.4,0.0,0.0
106,동해,2022-11-06,10.5,1.3,0.0
106,동해,2022-11-07,12.4,5.1,3.0
106,동해,2022-11-08,13.3,0.5,0.0
106,동해,2022-11-09,14.2,4.4,0.0
106,동해,2022-11-10,15.1,4.8,1.9
106,동해,2022-11-11,15.1,6.3,3.9
106,동해,2022-11-12,17.8,5.4,0.5
106,동해,2022-11-13,13.2,9.0,7.5
106,동해,2022-11-14,11.0,7.6,4.9
106,동해,2022-11-15,11.0,2.8,1.6
106,동해,2022-11-16,11.8,1.6,0.0
106,동해,2022-11-17,11.0,1.6,1.6
106,동해,2022-11-18,11.6,1.3,0.3
106,동해,2022-11-19,11.9,6.9,4.4
106,동해,2022-11-20,12.0,4.8,2.5
106,동해,2022-11-21,14.1,4.9,1.4
106,동해,2022-11-22,12.6,7.9,3.6
106,동해,2022-11-23,11.5,7.6,3.8
106,동해,2022-11-24,10.6,3.5,1.1
106,동해,2022-11-25,15.3,2.4,0.0
106,동해,2022-11-26,13.0,0.0,0.0
106,동해,2022-11-27,8.5,2.3,1.1
106,동해,2022-11-28,12.5,7.0,2.9
106,동해,2022-11-29,12.6,9.9,6.3
106,동해,2022-11-30,1.6,3.5,0.4
106,동해,2022-12-01,-0.1,2.0,1.6
106,동해,2022-12-02,1.0,1.3,0.4
106,동해,2022-12-03,5.7,6.0,3.6
106,동해,2022-12-04,3.8,6.3,2.9
106,동해,2022-12-05,2.0,4.0,3.1
106,동해,2022-12-06,3.6,1.3,0.3
106,동해,2022-12-07,7.0,1.0,0.6
106,동해,2022-12-08,7.4,3.1,1.6
106,동해,2022-12-09,6.8,5.0,3.3
106,동해,2022-12-10,6.7,4.6,1.9
106,동해,2022-12-11,6.8,5.1,0.6
106,동해,2022-12-12,6.8,7.1,2.5
106,동해,2022-12-13,4.3,4.1,3.3
106,동해,2022-12-14,-3.3,0.9,0.0
106,동해,2022-12-15,1.3,4.9,3.1
106,동해,2022-12-16,1.1,5.5,2.1
106,동해,2022-12-17,-1.6,4.1,1.1
106,동해,2022-12-18,-4.6,0.5,0.0
106,동해,2022-12-19,-1.9,0.1,0.0
106,동해,2022-12-20,1.3,,
106,동해,2022-12-21,4.7,7.8,2.1
106,동해,2022-12-22,-2.5,1.5,0.3
106,동해,2022-12-23,-6.1,3.1,1.5
106,동해,2022-12-24,1.6,4.9,2.5
106,동해,2022-12-25,2.8,1.4,0.0
106,동해,2022-12-26,2.4,3.1,0.3
106,동해,2022-12-27,3.4,4.0,2.1
106,동해,2022-12-28,2.7,,
106,동해,2022-12-29,1.3,0.6,0.0
106,동해,2022-12-30,2.9,0.6,0.0
106,동해,2022-12-31,2.7,0.0,0.0
106,동해,2023-01-01,5.3,1.4,0.0
106,동해,2023-01-02,2.0,0.8,0.4
106,동해,2023-01-03,2.4,0.1,0.0
106,동해,2023-01-04,2.7,0.1,0.0
106,동해,2023-01-05,3.9,1.9,0.0
106,동해,2023-01-06,5.1,4.8,1.3
106,동해,2023-01-07,5.5,3.8,1.1
106,동해,2023-01-08,5.1,0.9,0.3
106,동해,2023-01-09,7.5,5.5,4.4
106,동해,2023-01-10,6.5,2.5,0.6
106,동해,2023-01-11,9.2,0.6,0.0
106,동해,2023-01-12,11.2,2.9,0.8
106,동해,2023-01-13,9.6,9.4,4.4
106,동해,2023-01-14,5.8,8.9,7.6
106,동해,2023-01-15,2.5,9.5,5.8
106,동해,2023-01-16,1.4,4.9,2.9
106,동해,2023-01-17,0.3,8.1,6.1
106,동해,2023-01-18,1.2,3.0,2.3
106,동해,2023-01-19,2.3,3.9,1.4
106,동해,2023-01-20,2.3,1.4,1.4
106,동해,2023-01-21,-0.6,1.3,0.5
106,동해,2023-01-22,2.0,7.6,3.6
106,동해,2023-01-23,4.4,3.6,1.3
106,동해,2023-01-24,-7.1,,0.4
106,동해,2023-01-25,-5.9,2.1,0.8
106,동해,2023-01-26,-1.3,7.8,3.9
106,동해,2023-01-27,-2.2,1.6,0.0
106,동해,2023-01-28,-2.7,2.1,0.0
106,동해,2023-01-29,1.3,2.5,1.0
106,동해,2023-01-30,1.4,0.6,0.0
106,동해,2023-01-31,5.5,0.6,0.0
106,동해,2023-02-01,6.3,3.0,0.5
106,동해,2023-02-02,1.2,5.9,1.5
106,동해,2023-02-03,1.9,7.3,3.5
106,동해,2023-02-04,2.9,0.1,0.0
106,동해,2023-02-05,4.6,0.8,0.0
106,동해,2023-02-06,5.9,3.4,1.1
106,동해,2023-02-07,5.2,5.6,1.9
106,동해,2023-02-08,3.4,0.9,0.5
106,동해,2023-02-09,3.8,7.1,5.5
106,동해,2023-02-10,4.1,6.4,3.5
106,동해,2023-02-11,5.0,3.8,1.5
106,동해,2023-02-12,6.6,7.0,3.6
106,동해,2023-02-13,4.2,8.4,6.4
106,동해,2023-02-14,1.2,9.4,8.0
106,동해,2023-02-15,0.6,9.1,5.8
106,동해,2023-02-16,3.1,3.3,2.3
106,동해,2023-02-17,6.3,5.9,2.0
106,동해,2023-02-18,7.4,9.6,7.8
106,동해,2023-02-19,8.3,3.4,1.6
106,동해,2023-02-20,3.3,2.8,0.0
106,동해,2023-02-21,0.7,3.0,0.0
106,동해,2023-02-22,4.5,4.8,1.4
106,동해,2023-02-23,7.0,3.3,0.3
106,동해,2023-02-24,5.6,6.8,4.3
106,동해,2023-02-25,1.6,6.4,3.6
106,동해,2023-02-26,3.5,0.0,0.0
106,동해,2023-02-27,8.9,0.0,0.0
106,동해,2023-02-28,12.0,5.5,1.0
106,동해,2023-03-01,8.9,6.4,4.3
106,동해,2023-03-02,3.8,2.6,0.3
106,동해,2023-03-03,9.6,0.1,0.0
106,동해,2023-03-04,7.6,3.8,0.3
106,동해,2023-03-05,8.2,0.3,0.0
106,동해,2023-03-06,13.3,1.0,0.1
106,동해,2023-03-07,15.7,1.4,0.4
106,동해,2023-03-08,17.5,5.6,3.0
106,동해,2023-03-09,9.7,5.8,4.1
106,동해,2023-03-10,11.2,3.5,2.6
106,동해,2023-03-11,10.1,8.1,7.6
106,동해,2023-03-12,9.2,8.6,6.1
106,동해,2023-03-13,5.1,4.0,1.4
106,동해,2023-03-14,10.6,8.3,6.3
106,동해,2023-03-15,16.1,4.4,3.3
106,동해,2023-03-16,7.7,6.0,0.1
106,동해,2023-03-17,7.2,6.8,1.1
106,동해,2023-03-18,9.1,3.6,1.3
106,동해,2023-03-19,10.6,0.4,0.0
106,동해,2023-03-20,12.4,4.0,1.4
106,동해,2023-03-21,13.8,1.9,0.8
106,동해,2023-03-22,13.2,3.8,1.1
106,동해,2023-03-23,11.3,7.4,2.8
106,동해,2023-03-24,9.0,8.9,8.5
106,동해,2023-03-25,8.6,8.1,8.1
106,동해,2023-03-26,8.0,7.0,6.3
106,동해,2023-03-27,7.7,1.4,0.1
106,동해,2023-03-28,9.9,0.4,0.0
106,동해,2023-03-29,12.1,0.8,0.0
106,동해,2023-03-30,17.5,3.0,0.0
106,동해,2023-03-31,15.3,0.3,0.0
106,동해,2023-04-01,12.7,1.0,0.1
106,동해,2023-04-02,11.4,0.4,0.0
106,동해,2023-04-03,11.7,1.8,0.0
106,동해,2023-04-04,12.3,8.3,2.9
106,동해,2023-04-05,12.9,9.5,6.3
106,동해,2023-04-06,14.0,7.5,4.5
106,동해,2023-04-07,12.9,2.1,0.6
106,동해,2023-04-08,12.0,0.0,0.0
106,동해,2023-04-09,14.1,0.4,0.0
106,동해,2023-04-10,17.5,2.6,0.0
106,동해,2023-04-11,19.7,6.8,1.5
106,동해,2023-04-12,14.2,1.1,0.0
106,동해,2023-04-13,17.0,4.4,0.8
106,동해,2023-04-14,15.8,7.3,4.8
106,동해,2023-04-15,10.5,9.0,4.9
106,동해,2023-04-16,9.8,8.0,5.1
106,동해,2023-04-17,12.1,5.3,2.5
106,동해,2023-04-18,12.9,4.9,4.8
106,동해,2023-04-19,14.8,1.8,0.0
106,동해,2023-04-20,22.3,2.1,0.0
106,동해,2023-04-21,13.9,5.1,0.5
106,동해,2023-04-22,11.7,4.8,1.0
106,동해,2023-04-23,12.1,7.3,1.0
106,동해,2023-04-24,12.7,6.8,1.0
106,동해,2023-04-25,11.4,8.5,1.0
106,동해,2023-04-26,12.2,3.4,0.6
106,동해,2023-04-27,13.4,1.1,0.4
106,동해,2023-04-28,17.2,3.8,0.6
106,동해,2023-04-29,17.0,8.8,1.0
106,동해,2023-04-30,16.3,3.5,0.8
106,동해,2023-05-01,14.3,2.6,0.6
106,동해,2023-05-02,16.4,5.8,0.8
106,동해,2023-05-03,18.7,4.9,0.5
106,동해,2023-05-04,19.5,6.6,0.0
106,동해,2023-05-05,15.0,9.5,6.3
106,동해,2023-05-06,10.8,9.1,6.4
106,동해,2023-05-07,11.5,7.4,3.4
106,동해,2023-05-08,12.7,0.1,0.0
106,동해,2023-05-09,20.8,0.6,0.0
106,동해,2023-05-10,17.2,3.4,0.4
106,동해,2023-05-11,15.7,3.1,0.6
106,동해,2023-05-12,16.2,8.1,1.8
106,동해,2023-05-13,15.8,6.8,3.5
106,동해,2023-05-14,15.8,3.4,1.4
106,동해,2023-05-15,17.3,3.1,0.9
106,동해,2023-05-16,25.9,3.4,0.0
106,동해,2023-05-17,26.0,4.4,0.1
106,동해,2023-05-18,20.4,8.5,4.3
106,동해,2023-05-19,15.8,5.4,4.8
106,동해,2023-05-20,17.2,3.6,0.0
106,동해,2023-05-21,20.8,9.4,3.4
106,동해,2023-05-22,17.9,6.6,1.6
106,동해,2023-05-23,15.9,1.6,0.9
106,동해,2023-05-24,17.9,5.4,2.5
106,동해,2023-05-25,18.2,5.6,2.1
106,동해,2023-05-26,18.5,6.8,1.9
106,동해,2023-05-27,19.7,8.6,3.1
106,동해,2023-05-28,16.9,9.8,7.4
106,동해,2023-05-29,17.4,7.8,7.1
106,동해,2023-05-30,17.1,7.6,4.8
106,동해,2023-05-31,17.3,4.8,2.1
106,동해,2023-06-01,19.7,7.6,3.5
106,동해,2023-06-02,19.6,6.0,2.5
106,동해,2023-06-03,22.1,2.4,0.1
106,동해,2023-06-04,24.4,4.9,0.1
106,동해,2023-06-05,25.0,4.4,0.1
106,동해,2023-06-06,22.2,5.3,1.6
106,동해,2023-06-07,22.6,4.4,0.0
106,동해,2023-06-08,22.9,7.8,4.1
106,동해,2023-06-09,19.3,3.1,0.3
106,동해,2023-06-10,18.6,8.8,6.6
106,동해,2023-06-11,18.1,6.1,3.4
106,동해,2023-06-12,19.0,6.8,4.5
106,동해,2023-06-13,19.7,7.0,5.1
106,동해,2023-06-14,18.6,6.4,1.3
106,동해,2023-06-15,19.5,5.8,2.0
106,동해,2023-06-16,22.8,1.8,0.0
106,동해,2023-06-17,26.1,3.3,0.0
106,동해,2023-06-18,24.2,5.6,0.6
106,동해,2023-06-19,21.8,4.6,0.6
106,동해,2023-06-20,20.4,8.0,3.0
106,동해,2023-06-21,18.9,8.3,5.5
106,동해,2023-06-22,19.3,4.4,3.0
106,동해,2023-06-23,20.6,3.8,0.5
106,동해,2023-06-24,20.6,2.1,1.8
106,동해,2023-06-25,21.0,4.8,0.8
106,동해,2023-06-26,20.5,9.8,5.9
106,동해,2023-06-27,26.0,5.9,1.0
106,동해,2023-06-28,27.5,4.8,1.1
106,동해,2023-06-29,24.0,8.6,4.1
106,동해,2023-06-30,21.0,8.0,7.0
106,동해,2023-07-01,22.2,3.5,3.5
106,동해,2023-07-02,25.4,6.4,0.4
106,동해,2023-07-03,22.6,5.1,4.3
106,동해,2023-07-04,23.2,7.9,4.0
106,동해,2023-07-05,27.1,5.0,1.0
106,동해,2023-07-06,29.8,8.6,1.6
106,동해,2023-07-07,23.4,8.5,5.5
106,동해,2023-07-08,21.3,5.9,2.9
106,동해,2023-07-09,21.4,7.4,4.5
106,동해,2023-07-10,27.5,6.1,2.9
106,동해,2023-07-11,24.6,7.5,1.5
106,동해,2023-07-12,24.6,6.6,3.9
106,동해,2023-07-13,23.4,9.9,6.1
106,동해,2023-07-14,24.4,9.9,4.3
106,동해,2023-07-15,22.4,10.0,5.8
106,동해,2023-07-16,23.9,9.0,6.3
106,동해,2023-07-17,25.0,9.5,3.0
106,동해,2023-07-18,23.1,9.8,4.1
106,동해,2023-07-19,22.8,3.3,3.0
106,동해,2023-07-20,22.6,3.5,0.5
106,동해,2023-07-21,23.4,2.8,1.1
106,동해,2023-07-22,24.0,3.6,1.8
106,동해,2023-07-23,24.3,10.0,5.3
106,동해,2023-07-24,24.8,8.9,3.1
106,동해,2023-07-25,27.4,7.4,2.6
106,동해,2023-07-26,27.0,8.8,5.4
106,동해,2023-07-27,26.6,4.8,2.8
106,동해,2023-07-28,27.4,1.3,0.8
106,동해,2023-07-29,26.5,2.1,0.0
106,동해,2023-07-30,27.2,3.8,0.0
106,동해,2023-07-31,27.8,5.3,1.5
106,동해,2023-08-01,26.2,5.3,0.3
106,동해,2023-08-02,29.1,6.0,0.1
106,동해,2023-08-03,30.2,5.8,3.9
106,동해,2023-08-04,30.1,4.3,0.0
106,동해,2023-08-05,28.5,2.1,0.8
106,동해,2023-08-06,26.7,7.8,3.6
106,동해,2023-08-07,25.7,7.5,7.1
106,동해,2023-08-08,23.7,6.1,5.5
106,동해,2023-08-09,22.2,10.0,9.3
106,동해,2023-08-10,22.7,8.9,5.3
106,동해,2023-08-11,25.8,4.1,1.4
106,동해,2023-08-12,23.7,8.5,5.6
106,동해,2023-08-13,23.5,7.1,5.0
106,동해,2023-08-14,23.7,7.4,5.5
106,동해,2023-08-15,22.7,6.6,6.1
106,동해,2023-08-16,23.5,6.5,4.6
106,동해,2023-08-17,23.4,4.8,2.5
106,동해,2023-08-18,23.8,7.5,4.1
106,동해,2023-08-19,24.5,5.4,3.6
106,동해,2023-08-20,24.5,7.3,5.0
106,동해,2023-08-21,25.8,4.1,1.6
106,동해,2023-08-22,28.0,2.6,0.0
106,동해,2023-08-23,25.1,6.0,1.9
106,동해,2023-08-24,22.2,9.8,8.8
106,동해,2023-08-25,23.7,4.6,2.4
106,동해,2023-08-26,24.6,3.6,2.1
106,동해,2023-08-27,23.1,6.3,2.1
106,동해,2023-08-28,22.4,9.4,6.0
106,동해,2023-08-29,25.6,9.0,2.9
106,동해,2023-08-30,22.8,8.5,5.8
106,동해,2023-08-31,22.3,7.4,4.5
106,동해,2023-09-01,22.5,4.1,0.0
106,동해,2023-09-02,22.4,4.6,0.5
106,동해,2023-09-03,23.4,7.5,4.9
106,동해,2023-09-04,23.6,7.5,4.4
106,동해,2023-09-05,23.4,7.5,2.5
106,동해,2023-09-06,23.0,4.5,3.0
106,동해,2023-09-07,22.3,0.3,0.1
106,동해,2023-09-08,21.8,0.6,0.1
106,동해,2023-09-09,21.1,1.1,0.4
106,동해,2023-09-10,22.2,3.3,2.6
106,동해,2023-09-11,22.8,5.8,2.1
106,동해,2023-09-12,25.0,6.1,3.1
106,동해,2023-09-13,20.9,10.0,9.3
106,동해,2023-09-14,20.6,9.6,9.1
106,동해,2023-09-15,21.2,10.0,7.3
106,동해,2023-09-16,22.0,8.8,8.3
106,동해,2023-09-17,22.8,9.0,7.8
106,동해,2023-09-18,24.3,4.9,1.6
106,동해,2023-09-19,24.7,6.1,1.6
106,동해,2023-09-20,20.6,8.9,7.0
106,동해,2023-09-21,17.8,7.9,5.3
106,동해,2023-09-22,18.4,2.1,0.1
106,동해,2023-09-23,20.7,4.5,2.3
106,동해,2023-09-24,20.3,4.9,2.9
106,동해,2023-09-25,20.2,8.5,4.3
106,동해,2023-09-26,19.8,7.0,5.4
106,동해,2023-09-27,21.1,8.9,6.4
106,동해,2023-09-28,22.4,1.6,0.6
106,동해,2023-09-29,19.9,6.4,4.0
106,동해,2023-09-30,20.0,5.6,3.6
106,동해,2023-10-01,18.6,1.5,0.0
106,동해,2023-10-02,17.3,1.1,0.0
106,동해,2023-10-03,17.0,6.0,3.9
106,동해,2023-10-04,19.2,5.5,1.3
106,동해,2023-10-05,15.9,2.5,0.0
106,동해,2023-10-06,15.1,4.9,1.0
106,동해,2023-10-07,16.3,8.3,2.8
106,동해,2023-10-08,16.4,8.3,6.4
106,동해,2023-10-09,16.3,6.5,4.8
106,동해,2023-10-10,17.1,4.8,2.5
106,동해,2023-10-11,16.0,3.3,1.1
106,동해,2023-10-12,16.3,3.9,0.3
106,동해,2023-10-13,17.0,6.9,2.9
106,동해,2023-10-14,16.0,6.1,3.0
106,동해,2023-10-15,18.2,0.4,0.0
106,동해,2023-10-16,16.2,3.9,1.6
106,동해,2023-10-17,14.6,0.0,0.0
106,동해,2023-10-18,17.5,4.6,1.5
106,동해,2023-10-19,17.2,9.4,7.5
106,동해,2023-10-20,14.6,2.5,2.0
106,동해,2023-10-21,10.9,1.3,1.1
106,동해,2023-10-22,14.6,3.5,1.1
106,동해,2023-10-23,16.0,1.4,0.9
106,동해,2023-10-24,16.3,3.4,0.6
106,동해,2023-10-25,17.6,0.3,0.0
106,동해,2023-10-26,18.5,3.9,1.5
106,동해,2023-10-27,13.5,7.0,5.5
106,동해,2023-10-28,12.7,5.1,2.1
106,동해,2023-10-29,13.2,2.5,1.9
106,동해,2023-10-30,15.0,2.0,0.0
106,동해,2023-10-31,18.1,0.3,0.0
106,동해,2023-11-01,19.9,3.9,1.4
106,동해,2023-11-02,21.4,0.8,0.0
106,동해,2023-11-03,21.2,6.8,2.5
106,동해,2023-11-04,15.6,8.5,7.3
106,동해,2023-11-05,16.5,8.3,6.0
106,동해,2023-11-06,18.2,6.0,1.4
106,동해,2023-11-07,11.9,0.6,0.6
106,동해,2023-11-08,10.9,3.6,2.0
106,동해,2023-11-09,14.9,4.4,1.0
106,동해,2023-11-10,12.6,6.0,2.6
106,동해,2023-11-11,7.7,5.4,2.4
106,동해,2023-11-12,6.0,2.3,1.3
106,동해,2023-11-13,6.6,0.3,0.0
106,동해,2023-11-14,7.5,1.8,0.8
106,동해,2023-11-15,8.1,0.1,0.0
106,동해,2023-11-16,9.1,7.6,3.4
106,동해,2023-11-17,6.6,3.5,0.9
106,동해,2023-11-18,5.0,0.0,0.0
106,동해,2023-11-19,10.8,1.3,0.4
106,동해,2023-11-20,9.1,0.3,0.0
106,동해,2023-11-21,11.7,0.3,0.0
106,동해,2023-11-22,13.3,2.8,1.5
106,동해,2023-11-23,16.0,2.1,1.3
106,동해,2023-11-24,3.9,0.1,0.0
106,동해,2023-11-25,1.6,1.4,0.0
106,동해,2023-11-26,6.8,7.4,5.0
106,동해,2023-11-27,10.3,7.9,5.8
106,동해,2023-11-28,5.9,1.4,0.5
106,동해,2023-11-29,4.5,2.6,0.3
106,동해,2023-11-30,0.4,1.1,0.0
106,동해,2023-12-01,1.7,0.5,0.0
106,동해,2023-12-02,5.4,2.9,1.0
106,동해,2023-12-03,4.8,0.6,0.0
106,동해,2023-12-04,7.2,1.6,0.6
106,동해,2023-12-05,7.0,1.4,0.0
106,동해,2023-12-06,9.4,5.3,2.5
106,동해,2023-12-07,9.1,3.6,2.5
106,동해,2023-12-08,13.7,0.6,0.0
106,동해,2023-12-09,16.0,2.4,1.4
106,동해,2023-12-10,12.3,9.4,9.4
106,동해,2023-12-11,10.1,8.8,7.9
106,동해,2023-12-12,5.5,5.9,5.6
106,동해,2023-12-13,7.6,3.5,1.9
106,동해,2023-12-14,8.0,9.8,7.5
106,동해,2023-12-15,4.2,9.8,8.4
106,동해,2023-12-16,1.1,4.8,3.0
106,동해,2023-12-17,-4.6,0.3,0.0
106,동해,2023-12-18,-2.2,6.4,4.6
106,동해,2023-12-19,0.5,5.6,4.3
106,동해,2023-12-20,-1.5,1.8,0.8
106,동해,2023-12-21,-5.3,0.4,0.0
106,동해,2023-12-22,-4.8,0.5,0.0
106,동해,2023-12-23,-1.3,1.9,1.6
106,동해,2023-12-24,1.0,2.6,1.5
106,동해,2023-12-25,2.1,3.4,2.0
106,동해,2023-12-26,4.5,3.1,0.0
106,동해,2023-12-27,3.0,2.8,0.1
106,동해,2023-12-28,4.9,2.0,0.8
106,동해,2023-12-29,4.8,0.5,0.0
106,동해,2023-12-30,5.5,7.4,4.8
106,동해,2023-12-31,4.5,8.6,7.8
106,동해,2024-01-01,4.6,5.6,5.5
