瘤痢,瘤痢疙,老矫,乞闭扁柯(∑C),乞闭 傈款樊(1/10),乞闭 吝窍摸款樊(1/10)
114,盔林,2017-01-01,1.6,,
114,盔林,2017-01-02,3.7,,
114,盔林,2017-01-03,1.4,,
114,盔林,2017-01-04,2.5,,
114,盔林,2017-01-05,3.0,,
114,盔林,2017-01-06,3.9,,
114,盔林,2017-01-07,2.5,,
114,盔林,2017-01-08,6.3,,
114,盔林,2017-01-09,3.7,,
114,盔林,2017-01-10,-1.5,,
114,盔林,2017-01-11,-3.4,,
114,盔林,2017-01-12,-0.7,,
114,盔林,2017-01-13,-4.8,,
114,盔林,2017-01-14,-7.4,,
114,盔林,2017-01-15,-8.0,,
114,盔林,2017-01-16,-5.7,,
114,盔林,2017-01-17,-3.8,,
114,盔林,2017-01-18,-2.0,,
114,盔林,2017-01-19,-1.7,,
114,盔林,2017-01-20,-3.7,,
114,盔林,2017-01-21,-5.8,,
114,盔林,2017-01-22,-6.4,,
114,盔林,2017-01-23,-9.2,,
114,盔林,2017-01-24,-8.9,,
114,盔林,2017-01-25,-7.5,,
114,盔林,2017-01-26,-4.9,,
114,盔林,2017-01-27,-0.7,,
114,盔林,2017-01-28,-2.7,,
114,盔林,2017-01-29,0.5,,
114,盔林,2017-01-30,-3.1,,
114,盔林,2017-01-31,-6.5,,
114,盔林,2017-02-01,-4.3,,
114,盔林,2017-02-02,-4.0,,
114,盔林,2017-02-03,-0.1,,
114,盔林,2017-02-04,-0.2,,
114,盔林,2017-02-05,1.9,,
114,盔林,2017-02-06,-0.7,,
114,盔林,2017-02-07,-2.2,,
114,盔林,2017-02-08,-1.3,,
114,盔林,2017-02-09,-3.7,,
114,盔林,2017-02-10,-5.4,,
114,盔林,2017-02-11,-5.1,,
114,盔林,2017-02-12,-2.7,,
114,盔林,2017-02-13,-1.4,,
114,盔林,2017-02-14,0.6,,
114,盔林,2017-02-15,0.4,,
114,盔林,2017-02-16,5.5,,
114,盔林,2017-02-17,4.5,,
114,盔林,2017-02-18,-1.5,,
114,盔林,2017-02-19,1.8,,
114,盔林,2017-02-20,1.5,,
114,盔林,2017-02-21,-0.3,,
114,盔林,2017-02-22,2.0,,
114,盔林,2017-02-23,0.5,,
114,盔林,2017-02-24,-0.1,,
114,盔林,2017-02-25,2.0,,
114,盔林,2017-02-26,2.6,,
114,盔林,2017-02-27,2.8,,
114,盔林,2017-02-28,4.0,,
114,盔林,2017-03-01,4.8,,
114,盔林,2017-03-02,2.4,,
114,盔林,2017-03-03,2.3,,
114,盔林,2017-03-04,4.2,,
114,盔林,2017-03-05,5.0,,
114,盔林,2017-03-06,1.8,,
114,盔林,2017-03-07,-0.4,,
114,盔林,2017-03-08,0.6,,
114,盔林,2017-03-09,3.6,,
114,盔林,2017-03-10,4.5,,
114,盔林,2017-03-11,6.2,,
114,盔林,2017-03-12,7.8,,
114,盔林,2017-03-13,7.6,,
114,盔林,2017-03-14,4.8,,
114,盔林,2017-03-15,4.5,,
114,盔林,2017-03-16,5.5,,
114,盔林,2017-03-17,7.0,,
114,盔林,2017-03-18,8.6,,
114,盔林,2017-03-19,8.7,,
114,盔林,2017-03-20,9.3,,
114,盔林,2017-03-21,7.0,,
114,盔林,2017-03-22,6.7,,
114,盔林,2017-03-23,8.2,,
114,盔林,2017-03-24,7.7,,
114,盔林,2017-03-25,5.7,,
114,盔林,2017-03-26,5.5,,
114,盔林,2017-03-27,4.7,,
114,盔林,2017-03-28,5.7,,
114,盔林,2017-03-29,7.6,,
114,盔林,2017-03-30,9.8,,
114,盔林,2017-03-31,7.7,,
114,盔林,2017-04-01,6.5,,
114,盔林,2017-04-02,7.3,,
114,盔林,2017-04-03,10.3,,
114,盔林,2017-04-04,12.9,,
114,盔林,2017-04-05,12.8,,
114,盔林,2017-04-06,13.4,,
114,盔林,2017-04-07,15.8,,
114,盔林,2017-04-08,16.1,,
114,盔林,2017-04-09,13.0,,
114,盔林,2017-04-10,14.9,,
114,盔林,2017-04-11,12.8,,
114,盔林,2017-04-12,11.4,,
114,盔林,2017-04-13,12.3,,
114,盔林,2017-04-14,14.2,,
114,盔林,2017-04-15,16.2,,
114,盔林,2017-04-16,18.0,,
114,盔林,2017-04-17,13.3,,
114,盔林,2017-04-18,11.3,,
114,盔林,2017-04-19,12.7,,
114,盔林,2017-04-20,12.5,,
114,盔林,2017-04-21,12.9,,
114,盔林,2017-04-22,13.8,,
114,盔林,2017-04-23,14.5,,
114,盔林,2017-04-24,14.8,,
114,盔林,2017-04-25,16.7,,
114,盔林,2017-04-26,15.3,,
114,盔林,2017-04-27,12.8,,
114,盔林,2017-04-28,14.4,,
114,盔林,2017-04-29,16.4,,
114,盔林,2017-04-30,19.5,,
114,盔林,2017-05-01,19.8,,
114,盔林,2017-05-02,19.2,,
114,盔林,2017-05-03,20.3,,
114,盔林,2017-05-04,20.4,,
114,盔林,2017-05-05,21.3,,
114,盔林,2017-05-06,15.5,,
114,盔林,2017-05-07,15.4,,
114,盔林,2017-05-08,17.0,,
114,盔林,2017-05-09,16.5,,
114,盔林,2017-05-10,15.4,,
114,盔林,2017-05-11,16.5,,
114,盔林,2017-05-12,18.1,,
114,盔林,2017-05-13,16.8,,
114,盔林,2017-05-14,15.6,,
114,盔林,2017-05-15,15.2,,
114,盔林,2017-05-16,16.3,,
114,盔林,2017-05-17,17.6,,
114,盔林,2017-05-18,19.3,,
114,盔林,2017-05-19,20.7,,
114,盔林,2017-05-20,20.3,,
114,盔林,2017-05-21,20.9,,
114,盔林,2017-05-22,20.9,,
114,盔林,2017-05-23,20.0,,
114,盔林,2017-05-24,20.0,,
114,盔林,2017-05-25,19.2,,
114,盔林,2017-05-26,16.2,,
114,盔林,2017-05-27,18.5,,
114,盔林,2017-05-28,20.6,,
114,盔林,2017-05-29,23.0,,
114,盔林,2017-05-30,23.2,,
114,盔林,2017-05-31,22.1,,
114,盔林,2017-06-01,19.9,,
114,盔林,2017-06-02,19.1,,
114,盔林,2017-06-03,19.5,,
114,盔林,2017-06-04,19.7,,
114,盔林,2017-06-05,21.6,,
114,盔林,2017-06-06,18.1,,
114,盔林,2017-06-07,17.7,,
114,盔林,2017-06-08,19.5,,
114,盔林,2017-06-09,20.6,,
114,盔林,2017-06-10,20.1,,
114,盔林,2017-06-11,20.7,,
114,盔林,2017-06-12,20.5,,
114,盔林,2017-06-13,18.3,,
114,盔林,2017-06-14,19.8,,
114,盔林,2017-06-15,22.0,,
114,盔林,2017-06-16,24.3,,
114,盔林,2017-06-17,24.6,,
114,盔林,2017-06-18,24.8,,
114,盔林,2017-06-19,24.8,,
114,盔林,2017-06-20,25.1,,
114,盔林,2017-06-21,24.6,,
114,盔林,2017-06-22,24.6,,
114,盔林,2017-06-23,26.7,,
114,盔林,2017-06-24,23.6,,
114,盔林,2017-06-25,21.8,,
114,盔林,2017-06-26,22.7,,
114,盔林,2017-06-27,23.0,,
114,盔林,2017-06-28,25.0,,
114,盔林,2017-06-29,24.5,,
114,盔林,2017-06-30,25.3,,
114,盔林,2017-07-01,23.6,,
114,盔林,2017-07-02,24.9,,
114,盔林,2017-07-03,24.2,,
114,盔林,2017-07-04,25.9,,
114,盔林,2017-07-05,26.5,,
114,盔林,2017-07-06,26.8,,
114,盔林,2017-07-07,26.3,,
114,盔林,2017-07-08,25.4,,
114,盔林,2017-07-09,26.6,,
114,盔林,2017-07-10,24.4,,
114,盔林,2017-07-11,25.6,,
114,盔林,2017-07-12,26.9,,
114,盔林,2017-07-13,25.9,,
114,盔林,2017-07-14,25.4,,
114,盔林,2017-07-15,23.6,,
114,盔林,2017-07-16,24.2,,
114,盔林,2017-07-17,25.5,,
114,盔林,2017-07-18,25.2,,
114,盔林,2017-07-19,26.7,,
114,盔林,2017-07-20,27.9,,
114,盔林,2017-07-21,28.3,,
114,盔林,2017-07-22,27.0,,
114,盔林,2017-07-23,25.6,,
114,盔林,2017-07-24,26.0,,
114,盔林,2017-07-25,27.4,,
114,盔林,2017-07-26,26.4,,
114,盔林,2017-07-27,25.1,,
114,盔林,2017-07-28,23.8,,
114,盔林,2017-07-29,25.3,,
114,盔林,2017-07-30,26.1,,
114,盔林,2017-07-31,23.7,,
114,盔林,2017-08-01,26.1,,
114,盔林,2017-08-02,27.7,,
114,盔林,2017-08-03,27.5,,
114,盔林,2017-08-04,28.2,,
114,盔林,2017-08-05,29.4,,
114,盔林,2017-08-06,28.4,,
114,盔林,2017-08-07,27.2,,
114,盔林,2017-08-08,26.0,,
114,盔林,2017-08-09,24.5,,
114,盔林,2017-08-10,23.6,,
114,盔林,2017-08-11,24.9,,
114,盔林,2017-08-12,25.0,,
114,盔林,2017-08-13,24.1,,
114,盔林,2017-08-14,23.1,,
114,盔林,2017-08-15,22.0,,
114,盔林,2017-08-16,23.5,,
114,盔林,2017-08-17,23.4,,
114,盔林,2017-08-18,23.6,,
114,盔林,2017-08-19,24.1,,
114,盔林,2017-08-20,23.7,,
114,盔林,2017-08-21,24.2,,
114,盔林,2017-08-22,25.9,,
114,盔林,2017-08-23,25.7,,
114,盔林,2017-08-24,26.1,,
114,盔林,2017-08-25,24.5,,
114,盔林,2017-08-26,21.2,,
114,盔林,2017-08-27,20.1,,
114,盔林,2017-08-28,21.1,,
114,盔林,2017-08-29,19.6,,
114,盔林,2017-08-30,17.3,,
114,盔林,2017-08-31,20.0,,
114,盔林,2017-09-01,20.5,,
114,盔林,2017-09-02,20.6,,
114,盔林,2017-09-03,21.0,,
114,盔林,2017-09-04,21.4,,
114,盔林,2017-09-05,19.1,,
114,盔林,2017-09-06,19.1,,
114,盔林,2017-09-07,20.6,,
114,盔林,2017-09-08,22.0,,
114,盔林,2017-09-09,21.4,,
114,盔林,2017-09-10,20.9,,
114,盔林,2017-09-11,19.7,,
114,盔林,2017-09-12,19.6,,
114,盔林,2017-09-13,18.7,,
114,盔林,2017-09-14,19.4,,
114,盔林,2017-09-15,20.0,,
114,盔林,2017-09-16,18.8,,
114,盔林,2017-09-17,19.8,,
114,盔林,2017-09-18,19.2,,
114,盔林,2017-09-19,19.5,,
114,盔林,2017-09-20,18.0,,
114,盔林,2017-09-21,17.1,,
114,盔林,2017-09-22,18.2,,
114,盔林,2017-09-23,18.6,,
114,盔林,2017-09-24,19.9,,
114,盔林,2017-09-25,21.8,,
114,盔林,2017-09-26,21.8,,
114,盔林,2017-09-27,19.7,,
114,盔林,2017-09-28,18.7,,
114,盔林,2017-09-29,13.9,,
114,盔林,2017-09-30,16.1,,
114,盔林,2017-10-01,15.2,,
114,盔林,2017-10-02,18.8,,
114,盔林,2017-10-03,17.6,,
114,盔林,2017-10-04,16.6,,
114,盔林,2017-10-05,16.5,,
114,盔林,2017-10-06,15.5,,
114,盔林,2017-10-07,19.4,,
114,盔林,2017-10-08,20.4,,
114,盔林,2017-10-09,20.2,,
114,盔林,2017-10-10,20.6,,
114,盔林,2017-10-11,17.3,,
114,盔林,2017-10-12,12.7,,
114,盔林,2017-10-13,12.2,,
114,盔林,2017-10-14,12.3,,
114,盔林,2017-10-15,14.0,,
114,盔林,2017-10-16,15.2,,
114,盔林,2017-10-17,15.0,,
114,盔林,2017-10-18,15.1,,
114,盔林,2017-10-19,15.3,,
114,盔林,2017-10-20,14.5,,
114,盔林,2017-10-21,14.0,,
114,盔林,2017-10-22,13.5,,
114,盔林,2017-10-23,12.1,,
114,盔林,2017-10-24,11.2,,
114,盔林,2017-10-25,11.2,,
114,盔林,2017-10-26,12.7,,
114,盔林,2017-10-27,14.6,,
114,盔林,2017-10-28,14.5,,
114,盔林,2017-10-29,11.6,,
114,盔林,2017-10-30,6.5,,
114,盔林,2017-10-31,7.2,,
114,盔林,2017-11-01,11.6,,
114,盔林,2017-11-02,14.0,,
114,盔林,2017-11-03,12.5,,
114,盔林,2017-11-04,7.7,,
114,盔林,2017-11-05,6.2,,
114,盔林,2017-11-06,8.2,,
114,盔林,2017-11-07,11.6,,
114,盔林,2017-11-08,13.4,,
114,盔林,2017-11-09,7.9,,
114,盔林,2017-11-10,9.2,,
114,盔林,2017-11-11,5.1,,
114,盔林,2017-11-12,3.4,,
114,盔林,2017-11-13,6.3,,
114,盔林,2017-11-14,7.7,,
114,盔林,2017-11-15,4.0,,
114,盔林,2017-11-16,1.0,,
114,盔林,2017-11-17,1.5,,
114,盔林,2017-11-18,-0.1,,
114,盔林,2017-11-19,-1.1,,
114,盔林,2017-11-20,0.2,,
114,盔林,2017-11-21,-0.3,,
114,盔林,2017-11-22,1.6,,
114,盔林,2017-11-23,0.2,,
114,盔林,2017-11-24,0.3,,
114,盔林,2017-11-25,3.1,,
114,盔林,2017-11-26,4.9,,
114,盔林,2017-11-27,2.2,,
114,盔林,2017-11-28,4.5,,
114,盔林,2017-11-29,5.6,,
114,盔林,2017-11-30,0.3,,
114,盔林,2017-12-01,-1.8,,
114,盔林,2017-12-02,0.2,,
114,盔林,2017-12-03,2.6,,
114,盔林,2017-12-04,0.8,,
114,盔林,2017-12-05,-3.8,,
114,盔林,2017-12-06,-0.1,,
114,盔林,2017-12-07,1.5,,
114,盔林,2017-12-08,-2.9,,
114,盔林,2017-12-09,-1.7,,
114,盔林,2017-12-10,0.7,,
114,盔林,2017-12-11,-5.0,,
114,盔林,2017-12-12,-8.3,,
114,盔林,2017-12-13,-8.5,,
114,盔林,2017-12-14,-7.0,,
114,盔林,2017-12-15,-3.3,,
114,盔林,2017-12-16,-3.7,,
114,盔林,2017-12-17,-6.4,,
114,盔林,2017-12-18,-3.9,,
114,盔林,2017-12-19,-4.6,,
114,盔林,2017-12-20,-4.7,,
114,盔林,2017-12-21,-0.7,,
114,盔林,2017-12-22,1.1,,
114,盔林,2017-12-23,3.9,,
114,盔林,2017-12-24,2.1,,
114,盔林,2017-12-25,-1.2,,
114,盔林,2017-12-26,-2.5,,
114,盔林,2017-12-27,-6.0,,
114,盔林,2017-12-28,-4.3,,
114,盔林,2017-12-29,1.0,,
114,盔林,2017-12-30,1.0,,
114,盔林,2017-12-31,0.7,,
114,盔林,2018-01-01,-2.7,,
114,盔林,2018-01-02,-2.1,,
114,盔林,2018-01-03,-3.9,,
114,盔林,2018-01-04,-4.5,,
114,盔林,2018-01-05,-3.0,,
114,盔林,2018-01-06,-4.1,,
114,盔林,2018-01-07,-2.4,,
114,盔林,2018-01-08,1.4,,
114,盔林,2018-01-09,-2.7,,
114,盔林,2018-01-10,-6.1,,
114,盔林,2018-01-11,-9.6,,
114,盔林,2018-01-12,-10.6,,
114,盔林,2018-01-13,-5.6,,
114,盔林,2018-01-14,-0.6,,
114,盔林,2018-01-15,5.0,,
114,盔林,2018-01-16,2.2,,
114,盔林,2018-01-17,3.9,,
114,盔林,2018-01-18,2.7,,
114,盔林,2018-01-19,0.9,,
114,盔林,2018-01-20,0.3,,
114,盔林,2018-01-21,-0.4,,
114,盔林,2018-01-22,0.7,,
114,盔林,2018-01-23,-9.0,,
114,盔林,2018-01-24,-12.5,,
114,盔林,2018-01-25,-12.5,,
114,盔林,2018-01-26,-13.0,,
114,盔林,2018-01-27,-10.1,,
114,盔林,2018-01-28,-4.7,,
114,盔林,2018-01-29,-7.6,,
114,盔林,2018-01-30,-5.8,,
114,盔林,2018-01-31,-1.6,,
114,盔林,2018-02-01,-4.0,,
114,盔林,2018-02-02,-3.4,,
114,盔林,2018-02-03,-5.3,,
114,盔林,2018-02-04,-8.8,,
114,盔林,2018-02-05,-8.5,,
114,盔林,2018-02-06,-9.1,,
114,盔林,2018-02-07,-8.9,,
114,盔林,2018-02-08,-5.8,,
114,盔林,2018-02-09,-2.0,,
114,盔林,2018-02-10,-0.2,,
114,盔林,2018-02-11,-5.5,,
114,盔林,2018-02-12,-5.8,,
114,盔林,2018-02-13,-1.6,,
114,盔林,2018-02-14,3.8,,
114,盔林,2018-02-15,1.1,,
114,盔林,2018-02-16,-0.5,,
114,盔林,2018-02-17,-1.6,,
114,盔林,2018-02-18,-0.8,,
114,盔林,2018-02-19,0.9,,
114,盔林,2018-02-20,1.2,,
114,盔林,2018-02-21,-1.0,,
114,盔林,2018-02-22,-0.3,,
114,盔林,2018-02-23,4.5,,
114,盔林,2018-02-24,4.9,,
114,盔林,2018-02-25,2.6,,
114,盔林,2018-02-26,2.5,,
114,盔林,2018-02-27,2.4,,
114,盔林,2018-02-28,4.5,,
114,盔林,2018-03-01,1.8,,
114,盔林,2018-03-02,-0.4,,
114,盔林,2018-03-03,7.4,,
114,盔林,2018-03-04,10.9,,
114,盔林,2018-03-05,4.6,,
114,盔林,2018-03-06,4.4,,
114,盔林,2018-03-07,5.5,,
114,盔林,2018-03-08,4.0,,
114,盔林,2018-03-09,4.2,,
114,盔林,2018-03-10,4.7,,
114,盔林,2018-03-11,6.9,,
114,盔林,2018-03-12,7.6,,
114,盔林,2018-03-13,11.5,,
114,盔林,2018-03-14,15.6,,
114,盔林,2018-03-15,12.6,,
114,盔林,2018-03-16,5.1,,
114,盔林,2018-03-17,5.6,,
114,盔林,2018-03-18,8.5,,
114,盔林,2018-03-19,7.8,,
114,盔林,2018-03-20,4.5,,
114,盔林,2018-03-21,2.9,,
114,盔林,2018-03-22,5.8,,
114,盔林,2018-03-23,6.3,,
114,盔林,2018-03-24,8.3,,
114,盔林,2018-03-25,10.6,,
114,盔林,2018-03-26,11.5,,
114,盔林,2018-03-27,13.4,,
114,盔林,2018-03-28,15.0,,
114,盔林,2018-03-29,15.6,,
114,盔林,2018-03-30,15.7,,
114,盔林,2018-03-31,15.2,,
114,盔林,2018-04-01,15.7,,
114,盔林,2018-04-02,18.5,,
114,盔林,2018-04-03,18.7,,
114,盔林,2018-04-04,11.8,,
114,盔林,2018-04-05,8.0,,
114,盔林,2018-04-06,7.2,,
114,盔林,2018-04-07,4.2,,
114,盔林,2018-04-08,4.8,,
114,盔林,2018-04-09,7.5,,
114,盔林,2018-04-10,14.7,,
114,盔林,2018-04-11,14.1,,
114,盔林,2018-04-12,13.0,,
114,盔林,2018-04-13,13.4,,
114,盔林,2018-04-14,8.9,,
114,盔林,2018-04-15,10.0,,
114,盔林,2018-04-16,11.6,,
114,盔林,2018-04-17,12.8,,
114,盔林,2018-04-18,13.6,,
114,盔林,2018-04-19,15.0,,
114,盔林,2018-04-20,19.2,,
114,盔林,2018-04-21,20.1,,
114,盔林,2018-04-22,17.4,,
114,盔林,2018-04-23,10.7,,
114,盔林,2018-04-24,11.6,,
114,盔林,2018-04-25,13.2,,
114,盔林,2018-04-26,15.4,,
114,盔林,2018-04-27,15.4,,
114,盔林,2018-04-28,16.2,,
114,盔林,2018-04-29,16.0,,
114,盔林,2018-04-30,18.0,,
114,盔林,2018-05-01,19.9,,
114,盔林,2018-05-02,15.9,,
114,盔林,2018-05-03,9.8,,
114,盔林,2018-05-04,13.7,,
114,盔林,2018-05-05,16.9,,
114,盔林,2018-05-06,15.7,,
114,盔林,2018-05-07,17.4,,
114,盔林,2018-05-08,15.6,,
114,盔林,2018-05-09,14.3,,
114,盔林,2018-05-10,15.6,,
114,盔林,2018-05-11,16.3,,
114,盔林,2018-05-12,14.6,,
114,盔林,2018-05-13,17.2,,
114,盔林,2018-05-14,18.5,,
114,盔林,2018-05-15,22.5,,
114,盔林,2018-05-16,22.4,,
114,盔林,2018-05-17,22.6,,
114,盔林,2018-05-18,16.1,,
114,盔林,2018-05-19,16.8,,
114,盔林,2018-05-20,16.6,,
114,盔林,2018-05-21,16.8,,
114,盔林,2018-05-22,17.9,,
114,盔林,2018-05-23,18.5,,
114,盔林,2018-05-24,18.8,,
114,盔林,2018-05-25,19.5,,
114,盔林,2018-05-26,21.3,,
114,盔林,2018-05-27,20.9,,
114,盔林,2018-05-28,22.4,,
114,盔林,2018-05-29,21.5,,
114,盔林,2018-05-30,19.8,,
114,盔林,2018-05-31,20.1,,
114,盔林,2018-06-01,23.1,,
114,盔林,2018-06-02,23.3,,
114,盔林,2018-06-03,22.4,,
114,盔林,2018-06-04,22.5,,
114,盔林,2018-06-05,23.3,,
114,盔林,2018-06-06,23.7,,
114,盔林,2018-06-07,23.6,,
114,盔林,2018-06-08,21.7,,
114,盔林,2018-06-09,22.9,,
114,盔林,2018-06-10,21.1,,
114,盔林,2018-06-11,19.6,,
114,盔林,2018-06-12,21.3,,
114,盔林,2018-06-13,22.3,,
114,盔林,2018-06-14,21.7,,
114,盔林,2018-06-15,20.6,,
114,盔林,2018-06-16,21.2,,
114,盔林,2018-06-17,21.9,,
114,盔林,2018-06-18,24.6,,
114,盔林,2018-06-19,22.5,,
114,盔林,2018-06-20,23.2,,
114,盔林,2018-06-21,23.8,,
114,盔林,2018-06-22,24.7,,
114,盔林,2018-06-23,24.4,,
114,盔林,2018-06-24,25.9,,
114,盔林,2018-06-25,25.6,,
114,盔林,2018-06-26,23.0,,
114,盔林,2018-06-27,24.3,,
114,盔林,2018-06-28,23.1,,
114,盔林,2018-06-29,24.4,,
114,盔林,2018-06-30,24.6,,
114,盔林,2018-07-01,22.2,,
114,盔林,2018-07-02,22.8,,
114,盔林,2018-07-03,25.2,,
114,盔林,2018-07-04,26.7,,
114,盔林,2018-07-05,24.4,,
114,盔林,2018-07-06,22.9,,
114,盔林,2018-07-07,22.4,,
114,盔林,2018-07-08,22.0,,
114,盔林,2018-07-09,20.6,,
114,盔林,2018-07-10,24.2,,
114,盔林,2018-07-11,26.0,,
114,盔林,2018-07-12,27.2,,
114,盔林,2018-07-13,27.1,,
114,盔林,2018-07-14,27.5,,
114,盔林,2018-07-15,28.0,,
114,盔林,2018-07-16,28.3,,
114,盔林,2018-07-17,27.5,,
114,盔林,2018-07-18,27.6,,
114,盔林,2018-07-19,27.8,,
114,盔林,2018-07-20,28.5,,
114,盔林,2018-07-21,29.5,,
114,盔林,2018-07-22,30.1,,
114,盔林,2018-07-23,30.3,,
114,盔林,2018-07-24,30.8,,
114,盔林,2018-07-25,30.0,,
114,盔林,2018-07-26,30.0,,
114,盔林,2018-07-27,30.9,,
114,盔林,2018-07-28,29.5,,
114,盔林,2018-07-29,29.3,,
114,盔林,2018-07-30,30.2,,
114,盔林,2018-07-31,30.3,,
114,盔林,2018-08-01,32.1,2.0,0.6
114,盔林,2018-08-02,32.5,3.6,1.0
114,盔林,2018-08-03,32.1,3.5,1.0
114,盔林,2018-08-04,30.9,5.0,2.1
114,盔林,2018-08-05,29.5,6.3,4.4
114,盔林,2018-08-06,28.7,5.9,3.8
114,盔林,2018-08-07,29.3,5.5,1.8
114,盔林,2018-08-08,29.0,6.3,2.4
114,盔林,2018-08-09,28.1,7.4,2.9
114,盔林,2018-08-10,28.1,5.9,2.9
114,盔林,2018-08-11,28.2,4.8,1.5
114,盔林,2018-08-12,28.8,6.6,3.5
114,盔林,2018-08-13,30.0,6.6,1.4
114,盔林,2018-08-14,30.7,6.1,1.1
114,盔林,2018-08-15,30.0,4.8,0.9
114,盔林,2018-08-16,26.8,4.8,1.3
114,盔林,2018-08-17,25.1,1.0,0.1
114,盔林,2018-08-18,24.7,4.1,0.0
114,盔林,2018-08-19,25.8,7.3,0.5
114,盔林,2018-08-20,28.1,6.6,0.6
114,盔林,2018-08-21,25.9,8.1,5.5
114,盔林,2018-08-22,29.2,5.1,1.6
114,盔林,2018-08-23,29.8,9.6,4.9
114,盔林,2018-08-24,24.3,8.4,6.4
114,盔林,2018-08-25,24.4,9.0,4.6
114,盔林,2018-08-26,20.4,8.0,
114,盔林,2018-08-27,21.4,8.6,6.1
114,盔林,2018-08-28,22.6,9.1,6.1
114,盔林,2018-08-29,24.9,8.9,4.9
114,盔林,2018-08-30,25.0,7.8,6.1
114,盔林,2018-08-31,24.1,7.1,1.9
114,盔林,2018-09-01,23.7,3.3,1.8
114,盔林,2018-09-02,23.0,3.1,1.4
114,盔林,2018-09-03,23.4,9.3,7.3
114,盔林,2018-09-04,23.5,5.8,3.9
114,盔林,2018-09-05,22.5,2.8,0.9
114,盔林,2018-09-06,22.0,7.4,3.1
114,盔林,2018-09-07,21.4,7.8,3.1
114,盔林,2018-09-08,19.8,1.0,1.0
114,盔林,2018-09-09,20.7,1.3,0.5
114,盔林,2018-09-10,20.2,3.0,1.9
114,盔林,2018-09-11,19.3,5.5,3.3
114,盔林,2018-09-12,20.8,6.6,3.6
114,盔林,2018-09-13,21.0,8.6,2.5
114,盔林,2018-09-14,21.2,8.6,4.0
114,盔林,2018-09-15,20.5,8.1,6.0
114,盔林,2018-09-16,22.0,10.0,5.4
114,盔林,2018-09-17,21.6,5.0,2.1
114,盔林,2018-09-18,20.5,7.0,3.9
114,盔林,2018-09-19,20.6,9.5,7.3
114,盔林,2018-09-20,18.3,9.1,5.6
114,盔林,2018-09-21,18.8,8.9,4.8
114,盔林,2018-09-22,19.8,4.0,2.4
114,盔林,2018-09-23,16.8,5.8,3.8
114,盔林,2018-09-24,15.6,3.9,0.9
114,盔林,2018-09-25,15.8,2.4,1.3
114,盔林,2018-09-26,16.8,6.4,4.1
114,盔林,2018-09-27,16.2,2.4,0.3
114,盔林,2018-09-28,15.3,7.3,2.9
114,盔林,2018-09-29,18.4,3.0,0.4
114,盔林,2018-09-30,17.1,1.1,0.1
114,盔林,2018-10-01,14.8,6.1,1.8
114,盔林,2018-10-02,14.2,3.6,1.9
114,盔林,2018-10-03,14.8,2.8,0.0
114,盔林,2018-10-04,17.9,6.9,1.3
114,盔林,2018-10-05,16.5,10.0,3.9
114,盔林,2018-10-06,17.8,8.8,3.1
114,盔林,2018-10-07,15.9,4.4,3.0
114,盔林,2018-10-08,12.6,4.8,0.8
114,盔林,2018-10-09,14.0,8.8,5.1
114,盔林,2018-10-10,13.3,6.6,3.3
114,盔林,2018-10-11,8.9,1.9,1.1
114,盔林,2018-10-12,9.0,0.0,0.0
114,盔林,2018-10-13,10.9,2.0,0.0
114,盔林,2018-10-14,11.7,4.5,2.0
114,盔林,2018-10-15,12.5,3.1,0.9
114,盔林,2018-10-16,12.0,6.6,1.6
114,盔林,2018-10-17,11.1,2.4,0.3
114,盔林,2018-10-18,9.1,7.8,5.8
114,盔林,2018-10-19,10.7,3.3,2.6
114,盔林,2018-10-20,10.7,0.9,0.0
114,盔林,2018-10-21,10.6,1.3,0.6
114,盔林,2018-10-22,12.0,6.5,5.6
114,盔林,2018-10-23,9.9,6.9,4.1
114,盔林,2018-10-24,10.5,3.5,3.5
114,盔林,2018-10-25,10.9,6.5,2.1
114,盔林,2018-10-26,10.9,8.0,5.3
114,盔林,2018-10-27,8.6,3.4,2.1
114,盔林,2018-10-28,7.1,4.9,2.1
114,盔林,2018-10-29,7.2,3.3,2.3
114,盔林,2018-10-30,5.9,2.4,1.1
114,盔林,2018-10-31,7.2,0.0,0.0
114,盔林,2018-11-01,6.2,0.0,0.0
114,盔林,2018-11-02,8.1,0.0,0.0
114,盔林,2018-11-03,8.7,0.0,0.0
114,盔林,2018-11-04,9.0,1.9,0.0
114,盔林,2018-11-05,9.6,5.9,0.0
114,盔林,2018-11-06,10.8,5.8,1.3
114,盔林,2018-11-07,12.0,9.8,7.6
114,盔林,2018-11-08,13.5,10.0,7.4
114,盔林,2018-11-09,12.1,7.0,5.5
114,盔林,2018-11-10,11.4,3.0,2.3
114,盔林,2018-11-11,7.9,5.0,1.8
114,盔林,2018-11-12,8.0,2.8,2.4
114,盔林,2018-11-13,8.2,3.9,2.3
114,盔林,2018-11-14,8.4,1.3,0.0
114,盔林,2018-11-15,7.6,4.3,0.8
114,盔林,2018-11-16,8.7,6.3,3.1
114,盔林,2018-11-17,6.6,5.6,2.0
114,盔林,2018-11-18,5.7,8.9,4.9
114,盔林,2018-11-19,5.6,1.4,0.9
114,盔林,2018-11-20,4.5,1.9,1.0
114,盔林,2018-11-21,4.6,9.3,9.0
114,盔林,2018-11-22,2.4,1.4,1.3
114,盔林,2018-11-23,0.5,2.9,0.6
114,盔林,2018-11-24,2.1,7.5,4.9
114,盔林,2018-11-25,4.6,3.4,1.9
114,盔林,2018-11-26,4.0,2.8,2.3
114,盔林,2018-11-27,4.2,7.6,2.8
114,盔林,2018-11-28,3.6,4.4,3.6
114,盔林,2018-11-29,3.0,2.9,2.3
114,盔林,2018-11-30,2.3,1.4,0.0
114,盔林,2018-12-01,3.0,4.9,2.1
114,盔林,2018-12-02,5.1,6.3,3.8
114,盔林,2018-12-03,8.9,7.8,6.3
114,盔林,2018-12-04,9.2,7.1,4.5
114,盔林,2018-12-05,2.0,7.3,3.9
114,盔林,2018-12-06,2.8,9.4,6.8
114,盔林,2018-12-07,-4.9,2.1,0.0
114,盔林,2018-12-08,-6.7,0.0,0.0
114,盔林,2018-12-09,-7.0,1.9,0.3
114,盔林,2018-12-10,-4.4,3.3,0.0
114,盔林,2018-12-11,-2.1,8.6,6.5
114,盔林,2018-12-12,-2.1,2.5,2.5
114,盔林,2018-12-13,-3.5,5.3,4.1
114,盔林,2018-12-14,-5.4,0.0,0.0
114,盔林,2018-12-15,-4.1,3.8,1.3
114,盔林,2018-12-16,-1.1,7.9,5.8
114,盔林,2018-12-17,1.3,2.4,0.5
114,盔林,2018-12-18,0.3,2.8,2.4
114,盔林,2018-12-19,2.6,4.6,0.5
114,盔林,2018-12-20,1.2,4.6,1.3
114,盔林,2018-12-21,3.1,8.1,4.0
114,盔林,2018-12-22,5.7,5.1,3.1
114,盔林,2018-12-23,4.4,3.0,1.9
114,盔林,2018-12-24,-2.1,0.0,0.0
114,盔林,2018-12-25,-1.6,7.1,5.5
114,盔林,2018-12-26,0.9,5.0,2.0
114,盔林,2018-12-27,-7.5,1.0,0.0
114,盔林,2018-12-28,-9.8,3.0,0.0
114,盔林,2018-12-29,-7.4,0.0,0.0
114,盔林,2018-12-30,-7.6,1.4,0.0
114,盔林,2018-12-31,-6.3,2.5,0.5
114,盔林,2019-01-01,-5.3,2.1,1.5
114,盔林,2019-01-02,-5.7,0.0,0.0
114,盔林,2019-01-03,-5.3,0.0,0.0
114,盔林,2019-01-04,-2.8,4.1,2.0
114,盔林,2019-01-05,-2.1,2.7,0.0
114,盔林,2019-01-06,-3.8,3.0,0.5
114,盔林,2019-01-07,-3.7,3.3,0.1
114,盔林,2019-01-08,-3.3,0.1,0.0
114,盔林,2019-01-09,-5.6,5.4,1.0
114,盔林,2019-01-10,-1.8,5.0,2.9
114,盔林,2019-01-11,0.3,4.6,2.8
114,盔林,2019-01-12,2.3,5.9,3.1
114,盔林,2019-01-13,0.1,0.0,0.0
114,盔林,2019-01-14,-0.9,4.6,0.0
114,盔林,2019-01-15,-0.6,5.0,0.4
114,盔林,2019-01-16,-4.9,3.8,2.1
114,盔林,2019-01-17,-0.6,3.9,2.3
114,盔林,2019-01-18,-1.4,2.4,0.0
114,盔林,2019-01-19,1.3,6.6,0.9
114,盔林,2019-01-20,0.1,2.5,0.1
114,盔林,2019-01-21,-1.6,3.3,3.0
114,盔林,2019-01-22,0.3,1.9,0.3
114,盔林,2019-01-23,1.2,1.3,0.0
114,盔林,2019-01-24,-1.1,2.0,0.0
114,盔林,2019-01-25,-1.8,3.5,0.0
114,盔林,2019-01-26,-3.5,0.0,0.0
114,盔林,2019-01-27,-1.9,4.5,1.9
114,盔林,2019-01-28,1.7,1.5,1.1
114,盔林,2019-01-29,-1.2,3.0,0.5
114,盔林,2019-01-30,1.2,7.8,0.4
114,盔林,2019-01-31,0.1,6.8,1.6
114,盔林,2019-02-01,-2.1,2.1,1.0
114,盔林,2019-02-02,-0.1,5.8,4.0
114,盔林,2019-02-03,3.2,9.8,7.9
114,盔林,2019-02-04,1.4,2.3,0.0
114,盔林,2019-02-05,1.2,3.5,0.0
114,盔林,2019-02-06,3.8,7.4,5.8
114,盔林,2019-02-07,1.8,5.1,3.5
114,盔林,2019-02-08,-3.6,7.6,1.9
114,盔林,2019-02-09,-3.0,4.0,2.3
114,盔林,2019-02-10,-3.4,7.3,2.5
114,盔林,2019-02-11,-1.9,1.0,0.6
114,盔林,2019-02-12,-1.1,4.5,1.9
114,盔林,2019-02-13,-1.1,3.1,1.1
114,盔林,2019-02-14,-0.2,6.0,1.4
114,盔林,2019-02-15,0.6,10.0,9.4
114,盔林,2019-02-16,-1.1,4.1,3.4
114,盔林,2019-02-17,-1.2,0.0,0.0
114,盔林,2019-02-18,0.8,7.8,2.8
114,盔林,2019-02-19,1.6,8.0,6.1
114,盔林,2019-02-20,2.1,6.9,6.4
114,盔林,2019-02-21,1.2,3.0,
114,盔林,2019-02-22,2.6,5.6,0.8
114,盔林,2019-02-23,5.0,3.1,0.0
114,盔林,2019-02-24,5.3,2.8,0.9
114,盔林,2019-02-25,5.1,3.3,1.5
114,盔林,2019-02-26,4.7,3.4,1.5
114,盔林,2019-02-27,7.6,8.9,6.3
114,盔林,2019-02-28,6.3,4.3,0.0
114,盔林,2019-03-01,5.7,0.9,0.0
114,盔林,2019-03-02,6.5,5.4,2.0
114,盔林,2019-03-03,7.9,5.3,3.1
114,盔林,2019-03-04,9.2,3.3,0.9
114,盔林,2019-03-05,8.0,7.6,0.0
114,盔林,2019-03-06,7.8,5.6,1.1
114,盔林,2019-03-07,6.8,3.8,1.6
114,盔林,2019-03-08,6.3,0.0,0.0
114,盔林,2019-03-09,6.3,4.6,2.9
114,盔林,2019-03-10,8.5,8.5,4.4
114,盔林,2019-03-11,6.2,5.3,1.1
114,盔林,2019-03-12,4.6,5.1,4.1
114,盔林,2019-03-13,3.1,1.5,0.5
114,盔林,2019-03-14,4.4,4.0,2.6
114,盔林,2019-03-15,5.4,5.1,2.0
114,盔林,2019-03-16,4.7,7.0,6.4
114,盔林,2019-03-17,5.7,1.9,0.8
114,盔林,2019-03-18,6.6,6.5,2.3
114,盔林,2019-03-19,9.7,1.2,
114,盔林,2019-03-20,10.4,9.6,3.0
114,盔林,2019-03-21,8.4,8.5,7.0
114,盔林,2019-03-22,4.5,4.0,2.8
114,盔林,2019-03-23,2.8,3.0,2.1
114,盔林,2019-03-24,4.2,0.0,0.0
114,盔林,2019-03-25,6.7,6.9,3.0
114,盔林,2019-03-26,9.6,2.4,2.0
114,盔林,2019-03-27,11.9,7.5,3.3
114,盔林,2019-03-28,11.4,7.6,3.0
114,盔林,2019-03-29,11.1,6.1,4.6
114,盔林,2019-03-30,5.0,9.4,7.4
114,盔林,2019-03-31,3.9,5.5,5.1
114,盔林,2019-04-01,4.9,2.5,1.1
114,盔林,2019-04-02,6.0,2.5,1.5
114,盔林,2019-04-03,7.0,0.0,0.0
114,盔林,2019-04-04,9.1,0.0,0.0
114,盔林,2019-04-05,11.1,4.3,2.8
114,盔林,2019-04-06,8.9,6.3,3.5
114,盔林,2019-04-07,12.2,5.4,1.6
114,盔林,2019-04-08,12.3,4.6,0.6
114,盔林,2019-04-09,9.3,8.0,3.9
114,盔林,2019-04-10,7.4,7.4,5.5
114,盔林,2019-04-11,8.7,8.6,7.5
114,盔林,2019-04-12,11.3,4.8,1.5
114,盔林,2019-04-13,11.5,4.6,1.5
114,盔林,2019-04-14,8.8,6.9,5.0
114,盔林,2019-04-15,10.2,0.0,0.0
114,盔林,2019-04-16,13.6,4.9,1.5
114,盔林,2019-04-17,15.7,1.4,0.0
114,盔林,2019-04-18,14.3,7.6,4.6
114,盔林,2019-04-19,12.6,6.9,4.4
114,盔林,2019-04-20,14.2,3.6,1.5
114,盔林,2019-04-21,16.4,8.0,3.6
114,盔林,2019-04-22,19.7,1.8,0.0
114,盔林,2019-04-23,20.3,8.0,1.5
114,盔林,2019-04-24,19.1,7.3,3.5
114,盔林,2019-04-25,13.4,7.0,6.0
114,盔林,2019-04-26,9.2,8.0,6.4
114,盔林,2019-04-27,11.2,4.5,2.4
114,盔林,2019-04-28,12.0,9.3,6.0
114,盔林,2019-04-29,11.8,7.9,4.1
114,盔林,2019-04-30,15.7,4.6,1.9
114,盔林,2019-05-01,16.0,2.6,0.1
114,盔林,2019-05-02,16.6,0.3,0.0
114,盔林,2019-05-03,17.8,0.5,0.0
114,盔林,2019-05-04,18.7,3.5,0.1
114,盔林,2019-05-05,19.2,4.9,0.9
114,盔林,2019-05-06,15.0,3.8,3.3
114,盔林,2019-05-07,14.3,0.6,0.0
114,盔林,2019-05-08,15.9,5.4,2.3
114,盔林,2019-05-09,16.9,3.6,1.0
114,盔林,2019-05-10,18.5,3.0,0.0
114,盔林,2019-05-11,20.7,3.0,1.1
114,盔林,2019-05-12,21.0,3.6,0.0
114,盔林,2019-05-13,19.1,8.9,1.5
114,盔林,2019-05-14,19.7,2.6,0.6
114,盔林,2019-05-15,20.0,5.3,0.3
114,盔林,2019-05-16,22.2,3.6,0.5
114,盔林,2019-05-17,22.7,7.8,2.6
114,盔林,2019-05-18,20.9,8.0,4.1
114,盔林,2019-05-19,20.6,8.0,
114,盔林,2019-05-20,16.7,9.0,
114,盔林,2019-05-21,17.1,0.0,
114,盔林,2019-05-22,19.5,0.3,0.0
114,盔林,2019-05-23,20.4,0.0,0.0
114,盔林,2019-05-24,23.8,0.1,0.0
114,盔林,2019-05-25,23.4,7.1,0.9
114,盔林,2019-05-26,24.2,5.6,1.9
114,盔林,2019-05-27,18.5,9.8,
114,盔林,2019-05-28,17.6,1.6,
114,盔林,2019-05-29,19.3,0.1,0.0
114,盔林,2019-05-30,19.8,7.0,1.0
114,盔林,2019-05-31,19.7,4.0,2.1
114,盔林,2019-06-01,18.5,6.1,2.4
114,盔林,2019-06-02,21.7,1.6,1.6
114,盔林,2019-06-03,22.7,1.3,0.0
114,盔林,2019-06-04,24.1,1.1,0.0
114,盔林,2019-06-05,24.1,2.4,1.3
114,盔林,2019-06-06,21.9,9.1,2.1
114,盔林,2019-06-07,19.3,8.4,6.9
114,盔林,2019-06-08,21.4,6.5,2.9
114,盔林,2019-06-09,21.2,7.3,2.0
114,盔林,2019-06-10,18.1,8.3,5.0
114,盔林,2019-06-11,19.7,5.4,4.3
114,盔林,2019-06-12,21.1,1.5,0.9
114,盔林,2019-06-13,23.1,2.6,0.0
114,盔林,2019-06-14,22.1,8.3,1.3
114,盔林,2019-06-15,21.1,5.0,1.0
114,盔林,2019-06-16,20.7,4.9,1.5
114,盔林,2019-06-17,22.1,4.8,2.4
114,盔林,2019-06-18,20.4,9.1,3.9
114,盔林,2019-06-19,21.4,7.4,4.6
114,盔林,2019-06-20,23.0,7.4,3.5
114,盔林,2019-06-21,22.3,6.8,4.5
114,盔林,2019-06-22,22.7,3.9,2.5
114,盔林,2019-06-23,22.3,2.5,0.8
114,盔林,2019-06-24,24.3,2.5,1.1
114,盔林,2019-06-25,25.2,0.8,0.1
114,盔林,2019-06-26,23.4,8.5,3.0
114,盔林,2019-06-27,24.5,6.8,3.8
114,盔林,2019-06-28,25.5,7.6,2.5
114,盔林,2019-06-29,22.2,8.0,2.8
114,盔林,2019-06-30,23.7,6.8,2.8
114,盔林,2019-07-01,23.4,6.0,2.4
114,盔林,2019-07-02,23.8,3.1,1.6
114,盔林,2019-07-03,24.3,4.6,1.0
114,盔林,2019-07-04,25.7,2.9,0.1
114,盔林,2019-07-05,27.4,4.0,0.8
114,盔林,2019-07-06,27.2,0.9,0.0
114,盔林,2019-07-07,24.4,6.5,3.4
114,盔林,2019-07-08,22.4,7.3,3.1
114,盔林,2019-07-09,22.8,3.9,2.3
114,盔林,2019-07-10,21.4,8.9,3.3
114,盔林,2019-07-11,22.3,5.8,5.1
114,盔林,2019-07-12,22.9,7.8,5.9
114,盔林,2019-07-13,23.9,6.6,1.6
114,盔林,2019-07-14,24.2,5.1,2.6
114,盔林,2019-07-15,22.4,8.6,4.8
114,盔林,2019-07-16,23.8,7.3,3.9
114,盔林,2019-07-17,25.3,8.8,4.0
114,盔林,2019-07-18,26.1,7.0,2.9
114,盔林,2019-07-19,26.9,7.1,3.8
114,盔林,2019-07-20,26.7,9.9,6.9
114,盔林,2019-07-21,24.4,8.5,8.4
114,盔林,2019-07-22,26.2,7.6,3.8
114,盔林,2019-07-23,28.0,7.6,3.0
114,盔林,2019-07-24,26.7,9.0,7.6
114,盔林,2019-07-25,26.2,9.0,5.9
114,盔林,2019-07-26,25.5,9.0,7.4
114,盔林,2019-07-27,27.9,7.1,4.6
114,盔林,2019-07-28,26.0,10.0,6.9
114,盔林,2019-07-29,27.5,7.8,5.3
114,盔林,2019-07-30,28.5,6.4,5.1
114,盔林,2019-07-31,26.8,7.6,5.4
114,盔林,2019-08-01,27.5,7.9,5.0
114,盔林,2019-08-02,28.5,3.4,1.9
114,盔林,2019-08-03,28.9,6.9,1.3
114,盔林,2019-08-04,29.0,5.0,1.3
114,盔林,2019-08-05,29.3,5.3,2.0
114,盔林,2019-08-06,28.4,8.0,1.9
114,盔林,2019-08-07,25.5,7.0,5.0
114,盔林,2019-08-08,27.0,6.8,3.8
114,盔林,2019-08-09,27.8,4.4,2.5
114,盔林,2019-08-10,29.7,5.0,0.1
114,盔林,2019-08-11,30.1,6.0,1.3
114,盔林,2019-08-12,29.1,8.8,3.6
114,盔林,2019-08-13,29.9,5.0,1.8
114,盔林,2019-08-14,29.0,5.0,2.6
114,盔林,2019-08-15,25.0,8.6,4.8
114,盔林,2019-08-16,24.9,7.0,4.3
114,盔林,2019-08-17,24.9,6.1,3.0
114,盔林,2019-08-18,23.6,4.0,0.4
114,盔林,2019-08-19,25.0,4.4,1.0
114,盔林,2019-08-20,26.1,3.1,1.3
114,盔林,2019-08-21,26.1,7.4,1.5
114,盔林,2019-08-22,26.3,6.3,3.6
114,盔林,2019-08-23,24.9,6.3,3.6
114,盔林,2019-08-24,22.0,7.1,2.9
114,盔林,2019-08-25,23.1,3.9,0.9
114,盔林,2019-08-26,24.7,4.6,1.4
114,盔林,2019-08-27,23.4,8.1,3.0
114,盔林,2019-08-28,24.2,7.3,5.1
114,盔林,2019-08-29,22.0,7.3,2.1
114,盔林,2019-08-30,22.3,6.1,2.0
114,盔林,2019-08-31,22.7,5.8,2.1
114,盔林,2019-09-01,22.2,7.4,3.6
114,盔林,2019-09-02,23.2,7.3,1.4
114,盔林,2019-09-03,21.4,10.0,5.4
114,盔林,2019-09-04,23.3,9.9,7.6
114,盔林,2019-09-05,24.0,8.9,5.0
114,盔林,2019-09-06,25.7,9.6,2.8
114,盔林,2019-09-07,27.3,7.9,4.8
114,盔林,2019-09-08,24.8,9.3,5.0
114,盔林,2019-09-09,23.5,8.6,3.6
114,盔林,2019-09-10,25.4,8.6,5.1
114,盔林,2019-09-11,23.2,8.3,5.8
114,盔林,2019-09-12,20.7,9.3,4.1
114,盔林,2019-09-13,21.5,2.6,0.1
114,盔林,2019-09-14,21.3,9.4,6.5
114,盔林,2019-09-15,23.2,6.8,5.1
114,盔林,2019-09-16,22.5,5.0,1.0
114,盔林,2019-09-17,20.9,5.5,2.8
114,盔林,2019-09-18,21.1,0.9,0.3
114,盔林,2019-09-19,18.8,4.6,1.0
114,盔林,2019-09-20,19.3,9.6,6.8
114,盔林,2019-09-21,17.0,10.0,3.0
114,盔林,2019-09-22,16.9,10.0,
114,盔林,2019-09-23,17.2,6.3,5.8
114,盔林,2019-09-24,16.8,3.1,2.0
114,盔林,2019-09-25,18.2,7.5,2.5
114,盔林,2019-09-26,19.9,7.8,2.0
114,盔林,2019-09-27,19.8,8.5,4.8
114,盔林,2019-09-28,21.8,4.6,1.4
114,盔林,2019-09-29,20.5,2.1,1.6
114,盔林,2019-09-30,20.3,3.6,1.5
114,盔林,2019-10-01,21.8,7.3,2.0
114,盔林,2019-10-02,20.9,10.0,4.4
114,盔林,2019-10-03,20.7,6.0,3.9
114,盔林,2019-10-04,20.6,5.8,3.9
114,盔林,2019-10-05,18.2,8.8,6.6
114,盔林,2019-10-06,16.8,5.8,3.3
114,盔林,2019-10-07,14.8,7.9,5.3
114,盔林,2019-10-08,14.5,3.1,1.5
114,盔林,2019-10-09,11.6,1.6,0.0
114,盔林,2019-10-10,12.5,8.0,4.9
114,盔林,2019-10-11,16.6,3.7,2.3
114,盔林,2019-10-12,17.6,5.8,3.8
114,盔林,2019-10-13,15.3,4.6,1.6
114,盔林,2019-10-14,14.2,5.3,1.6
114,盔林,2019-10-15,13.7,4.8,1.9
114,盔林,2019-10-16,13.0,5.6,1.5
114,盔林,2019-10-17,13.2,7.8,4.9
114,盔林,2019-10-18,14.3,6.9,1.5
114,盔林,2019-10-19,14.8,1.4,0.6
114,盔林,2019-10-20,13.9,1.1,0.0
114,盔林,2019-10-21,14.7,4.3,0.0
114,盔林,2019-10-22,15.4,4.5,2.0
114,盔林,2019-10-23,15.2,9.1,1.4
114,盔林,2019-10-24,17.4,7.3,4.6
114,盔林,2019-10-25,16.1,6.6,2.8
114,盔林,2019-10-26,11.1,5.6,1.5
114,盔林,2019-10-27,8.5,2.5,1.3
114,盔林,2019-10-28,10.9,5.6,1.8
114,盔林,2019-10-29,12.2,2.1,0.3
114,盔林,2019-10-30,8.9,2.1,1.1
114,盔林,2019-10-31,12.2,8.5,4.4
114,盔林,2019-11-01,13.7,4.6,2.0
114,盔林,2019-11-02,12.8,7.4,0.6
114,盔林,2019-11-03,13.2,5.8,1.0
114,盔林,2019-11-04,11.4,2.3,0.9
114,盔林,2019-11-05,9.9,1.5,1.0
114,盔林,2019-11-06,9.9,7.6,1.6
114,盔林,2019-11-07,9.2,2.3,0.8
114,盔林,2019-11-08,5.8,0.0,0.0
114,盔林,2019-11-09,6.8,0.0,0.0
114,盔林,2019-11-10,8.2,7.3,3.1
114,盔林,2019-11-11,10.4,6.0,3.3
114,盔林,2019-11-12,7.1,6.3,2.6
114,盔林,2019-11-13,6.5,8.3,4.5
114,盔林,2019-11-14,1.9,0.0,0.0
114,盔林,2019-11-15,3.1,8.0,5.5
114,盔林,2019-11-16,7.9,2.5,2.3
114,盔林,2019-11-17,8.7,9.9,7.9
114,盔林,2019-11-18,6.6,6.5,3.4
114,盔林,2019-11-19,1.7,0.0,0.0
114,盔林,2019-11-20,0.7,0.0,0.0
114,盔林,2019-11-21,3.2,4.4,1.0
114,盔林,2019-11-22,7.0,2.3,0.3
114,盔林,2019-11-23,8.4,5.9,1.5
114,盔林,2019-11-24,11.1,6.5,3.8
114,盔林,2019-11-25,4.8,7.1,4.3
114,盔林,2019-11-26,6.8,2.4,1.3
114,盔林,2019-11-27,5.6,7.0,2.6
114,盔林,2019-11-28,4.5,4.5,2.3
114,盔林,2019-11-29,2.2,2.5,1.4
114,盔林,2019-11-30,4.2,5.6,1.5
114,盔林,2019-12-01,4.6,,
114,盔林,2019-12-02,1.8,1.4,0.8
114,盔林,2019-12-03,-0.6,4.3,3.4
114,盔林,2019-12-04,2.6,4.6,2.3
114,盔林,2019-12-05,-1.8,0.0,0.0
114,盔林,2019-12-06,-5.5,0.0,0.0
114,盔林,2019-12-07,-3.4,7.6,5.3
114,盔林,2019-12-08,-2.0,3.5,0.6
114,盔林,2019-12-09,0.7,6.8,3.8
114,盔林,2019-12-10,5.2,6.9,1.0
114,盔林,2019-12-11,5.5,5.3,2.5
114,盔林,2019-12-12,0.0,0.0,0.0
114,盔林,2019-12-13,0.6,2.4,1.9
114,盔林,2019-12-14,2.1,7.9,3.5
114,盔林,2019-12-15,3.1,4.3,0.3
114,盔林,2019-12-16,5.1,4.4,2.5
114,盔林,2019-12-17,6.9,9.6,7.0
114,盔林,2019-12-18,3.1,7.1,5.6
114,盔林,2019-12-19,0.5,3.0,2.0
114,盔林,2019-12-20,-0.2,2.9,1.5
114,盔林,2019-12-21,-1.4,6.9,2.8
114,盔林,2019-12-22,2.7,5.9,3.9
114,盔林,2019-12-23,2.9,5.8,3.5
114,盔林,2019-12-24,0.0,3.8,2.3
114,盔林,2019-12-25,0.2,5.9,4.1
114,盔林,2019-12-26,0.8,7.6,6.5
114,盔林,2019-12-27,-2.2,0.1,0.0
114,盔林,2019-12-28,-1.6,1.6,1.1
114,盔林,2019-12-29,1.4,9.3,3.0
114,盔林,2019-12-30,3.1,8.4,5.6
114,盔林,2019-12-31,-6.0,1.3,0.9
114,盔林,2020-01-01,-3.1,6.8,6.8
114,盔林,2020-01-02,0.7,8.3,6.9
114,盔林,2020-01-03,0.0,1.0,
114,盔林,2020-01-04,-0.9,0.5,0.0
114,盔林,2020-01-05,-0.7,3.4,0.8
114,盔林,2020-01-06,1.5,9.1,6.5
114,盔林,2020-01-07,6.6,10.0,
114,盔林,2020-01-08,4.2,7.5,7.5
114,盔林,2020-01-09,0.5,3.3,2.4
114,盔林,2020-01-10,-0.5,3.9,0.3
114,盔林,2020-01-11,-0.4,3.9,1.6
114,盔林,2020-01-12,0.2,4.8,1.0
114,盔林,2020-01-13,-1.2,2.6,2.0
114,盔林,2020-01-14,-2.4,1.1,0.4
114,盔林,2020-01-15,-2.8,0.0,0.0
114,盔林,2020-01-16,-2.6,6.5,2.8
114,盔林,2020-01-17,-1.4,4.3,1.5
114,盔林,2020-01-18,-0.1,3.8,2.0
114,盔林,2020-01-19,-0.1,7.0,4.3
114,盔林,2020-01-20,1.1,2.9,1.5
114,盔林,2020-01-21,-0.9,2.1,1.5
114,盔林,2020-01-22,1.3,9.4,7.8
114,盔林,2020-01-23,3.7,4.8,2.1
114,盔林,2020-01-24,2.5,4.6,0.1
114,盔林,2020-01-25,3.2,7.6,1.1
114,盔林,2020-01-26,4.9,7.8,1.5
114,盔林,2020-01-27,5.9,9.9,7.0
114,盔林,2020-01-28,6.2,6.4,3.4
114,盔林,2020-01-29,4.5,6.5,3.6
114,盔林,2020-01-30,4.4,7.6,5.1
114,盔林,2020-01-31,3.8,6.4,3.8
114,盔林,2020-02-01,2.1,4.0,3.0
114,盔林,2020-02-02,2.1,5.6,2.9
114,盔林,2020-02-03,1.2,1.5,0.8
114,盔林,2020-02-04,-0.5,3.6,2.9
114,盔林,2020-02-05,-5.7,0.0,0.0
114,盔林,2020-02-06,-5.4,0.0,0.0
114,盔林,2020-02-07,-2.0,4.3,3.9
114,盔林,2020-02-08,0.8,2.6,1.4
114,盔林,2020-02-09,-0.6,0.0,0.0
114,盔林,2020-02-10,3.3,2.5,0.8
114,盔林,2020-02-11,5.1,2.9,2.3
114,盔林,2020-02-12,5.9,7.6,6.6
114,盔林,2020-02-13,7.7,4.3,2.1
114,盔林,2020-02-14,5.8,5.3,4.5
114,盔林,2020-02-15,9.3,6.5,4.3
114,盔林,2020-02-16,0.8,8.9,7.9
114,盔林,2020-02-17,-4.5,9.3,6.6
114,盔林,2020-02-18,-3.4,1.1,0.8
114,盔林,2020-02-19,0.3,4.9,1.4
114,盔林,2020-02-20,3.7,1.1,0.3
114,盔林,2020-02-21,5.6,7.4,1.6
114,盔林,2020-02-22,5.2,6.4,4.5
114,盔林,2020-02-23,2.4,0.3,0.0
114,盔林,2020-02-24,6.0,5.8,2.8
114,盔林,2020-02-25,6.1,8.5,6.3
114,盔林,2020-02-26,6.0,5.5,4.0
114,盔林,2020-02-27,6.2,4.4,2.9
114,盔林,2020-02-28,3.6,7.3,5.9
114,盔林,2020-02-29,6.7,4.0,2.6
114,盔林,2020-03-01,5.8,7.0,7.0
114,盔林,2020-03-02,4.7,4.9,3.3
114,盔林,2020-03-03,6.1,6.3,3.9
114,盔林,2020-03-04,3.5,8.1,4.3
114,盔林,2020-03-05,2.2,1.1,0.9
114,盔林,2020-03-06,3.5,2.6,1.0
114,盔林,2020-03-07,5.9,6.8,2.8
114,盔林,2020-03-08,8.0,1.0,0.6
114,盔林,2020-03-09,10.3,7.0,1.0
114,盔林,2020-03-10,7.9,7.9,6.4
114,盔林,2020-03-11,4.4,0.3,0.0
114,盔林,2020-03-12,6.7,0.5,0.5
114,盔林,2020-03-13,7.0,5.5,3.0
114,盔林,2020-03-14,4.3,3.4,2.5
114,盔林,2020-03-15,4.8,5.1,2.0
114,盔林,2020-03-16,4.1,0.0,0.0
114,盔林,2020-03-17,3.9,8.0,6.0
114,盔林,2020-03-18,7.4,3.1,3.1
114,盔林,2020-03-19,7.9,5.1,2.8
114,盔林,2020-03-20,8.6,0.1,0.0
114,盔林,2020-03-21,12.2,5.8,3.9
114,盔林,2020-03-22,12.8,1.9,0.6
114,盔林,2020-03-23,10.2,0.0,0.0
114,盔林,2020-03-24,10.7,0.0,0.0
114,盔林,2020-03-25,12.4,3.0,0.0
114,盔林,2020-03-26,14.4,6.5,3.5
114,盔林,2020-03-27,12.2,6.8,6.4
114,盔林,2020-03-28,7.7,6.4,1.9
114,盔林,2020-03-29,8.9,3.5,1.8
114,盔林,2020-03-30,10.5,0.6,0.0
114,盔林,2020-03-31,11.9,4.5,1.1
114,盔林,2020-04-01,10.9,6.8,2.4
114,盔林,2020-04-02,8.6,2.3,0.9
114,盔林,2020-04-03,9.8,0.0,0.0
114,盔林,2020-04-04,9.4,2.6,0.8
114,盔林,2020-04-05,7.3,0.0,0.0
114,盔林,2020-04-06,9.3,2.8,1.1
114,盔林,2020-04-07,11.0,2.8,0.0
114,盔林,2020-04-08,9.6,0.0,0.0
114,盔林,2020-04-09,9.1,1.6,0.0
114,盔林,2020-04-10,11.1,6.5,2.1
114,盔林,2020-04-11,10.4,4.6,0.5
114,盔林,2020-04-12,8.4,4.0,1.5
114,盔林,2020-04-13,10.0,3.9,0.5
114,盔林,2020-04-14,12.4,1.4,0.0
114,盔林,2020-04-15,13.9,5.6,0.0
114,盔林,2020-04-16,15.9,3.0,0.8
114,盔林,2020-04-17,12.1,7.1,4.4
114,盔林,2020-04-18,12.5,4.0,2.0
114,盔林,2020-04-19,11.3,9.3,2.1
114,盔林,2020-04-20,10.2,5.6,3.6
114,盔林,2020-04-21,7.8,5.4,2.1
114,盔林,2020-04-22,6.5,6.0,2.6
114,盔林,2020-04-23,8.2,3.9,1.3
114,盔林,2020-04-24,10.0,0.8,0.3
114,盔林,2020-04-25,14.3,2.0,0.0
114,盔林,2020-04-26,12.1,4.4,1.1
114,盔林,2020-04-27,11.5,4.8,1.1
114,盔林,2020-04-28,13.3,0.3,0.0
114,盔林,2020-04-29,15.0,0.0,0.0
114,盔林,2020-04-30,16.7,1.5,0.3
114,盔林,2020-05-01,21.7,3.5,3.1
114,盔林,2020-05-02,20.5,8.9,5.4
114,盔林,2020-05-03,19.4,7.3,3.5
114,盔林,2020-05-04,21.1,5.1,3.1
114,盔林,2020-05-05,16.7,7.8,2.0
114,盔林,2020-05-06,18.8,2.6,2.4
114,盔林,2020-05-07,19.7,5.8,1.5
114,盔林,2020-05-08,19.8,7.1,3.5
114,盔林,2020-05-09,15.4,8.6,6.9
114,盔林,2020-05-10,14.7,9.3,8.9
114,盔林,2020-05-11,18.0,7.6,5.3
114,盔林,2020-05-12,15.4,6.6,4.0
114,盔林,2020-05-13,15.7,0.6,0.0
114,盔林,2020-05-14,18.5,8.0,1.5
114,盔林,2020-05-15,15.9,8.8,5.9
114,盔林,2020-05-16,18.1,7.6,5.0
114,盔林,2020-05-17,21.1,3.1,2.0
114,盔林,2020-05-18,19.8,8.1,2.5
114,盔林,2020-05-19,12.4,7.4,3.3
114,盔林,2020-05-20,12.1,7.3,5.8
114,盔林,2020-05-21,16.0,4.3,1.6
114,盔林,2020-05-22,18.4,8.0,2.9
114,盔林,2020-05-23,20.2,6.1,2.3
114,盔林,2020-05-24,19.2,7.1,4.3
114,盔林,2020-05-25,16.6,7.8,3.6
114,盔林,2020-05-26,18.2,8.0,4.1
114,盔林,2020-05-27,18.3,2.5,0.5
114,盔林,2020-05-28,18.2,5.3,2.1
114,盔林,2020-05-29,20.2,1.9,0.0
114,盔林,2020-05-30,22.1,1.3,0.0
114,盔林,2020-05-31,21.9,6.9,2.9
114,盔林,2020-06-01,20.1,4.9,3.0
114,盔林,2020-06-02,19.0,8.4,3.9
114,盔林,2020-06-03,21.9,4.6,3.6
114,盔林,2020-06-04,24.5,3.8,2.8
114,盔林,2020-06-05,24.1,4.3,1.4
114,盔林,2020-06-06,24.4,4.8,0.9
114,盔林,2020-06-07,23.9,3.0,2.5
114,盔林,2020-06-08,25.4,1.3,0.0
114,盔林,2020-06-09,26.9,3.3,0.0
114,盔林,2020-06-10,26.0,7.3,1.3
114,盔林,2020-06-11,26.4,5.0,0.0
114,盔林,2020-06-12,24.5,9.6,1.6
114,盔林,2020-06-13,26.5,6.5,2.6
114,盔林,2020-06-14,24.0,6.0,3.5
114,盔林,2020-06-15,22.9,6.4,1.6
114,盔林,2020-06-16,23.3,5.5,2.6
114,盔林,2020-06-17,24.0,7.9,0.8
114,盔林,2020-06-18,22.2,8.9,4.0
114,盔林,2020-06-19,23.9,7.0,3.5
114,盔林,2020-06-20,24.8,3.8,1.3
114,盔林,2020-06-21,26.9,5.4,1.0
114,盔林,2020-06-22,28.0,1.8,0.1
114,盔林,2020-06-23,27.8,7.4,2.6
114,盔林,2020-06-24,22.8,8.8,7.0
114,盔林,2020-06-25,22.0,9.5,7.8
114,盔林,2020-06-26,21.8,8.3,
114,盔林,2020-06-27,24.0,7.8,3.1
114,盔林,2020-06-28,24.8,2.0,0.6
114,盔林,2020-06-29,23.6,8.4,1.6
114,盔林,2020-06-30,21.1,9.4,8.1
114,盔林,2020-07-01,19.5,8.0,4.5
114,盔林,2020-07-02,24.2,5.0,2.9
114,盔林,2020-07-03,24.2,8.3,4.6
114,盔林,2020-07-04,22.9,7.8,0.5
114,盔林,2020-07-05,23.6,7.0,1.1
114,盔林,2020-07-06,25.4,6.3,3.1
114,盔林,2020-07-07,24.7,6.9,2.8
114,盔林,2020-07-08,25.7,4.6,1.6
114,盔林,2020-07-09,27.2,4.5,0.6
114,盔林,2020-07-10,24.8,9.2,
114,盔林,2020-07-11,24.8,,
114,盔林,2020-07-12,22.4,,
114,盔林,2020-07-13,18.6,7.7,
114,盔林,2020-07-14,20.2,8.1,5.8
114,盔林,2020-07-15,21.1,6.4,3.8
114,盔林,2020-07-16,22.8,6.6,4.4
114,盔林,2020-07-17,24.7,4.1,1.6
114,盔林,2020-07-18,25.0,5.5,1.9
114,盔林,2020-07-19,25.1,9.9,4.4
114,盔林,2020-07-20,24.4,9.5,7.9
114,盔林,2020-07-21,25.2,5.9,3.9
114,盔林,2020-07-22,23.4,10.0,3.6
114,盔林,2020-07-23,21.3,10.0,6.4
114,盔林,2020-07-24,21.8,8.3,6.5
114,盔林,2020-07-25,23.0,8.9,3.8
114,盔林,2020-07-26,24.3,8.4,2.8
114,盔林,2020-07-27,24.6,10.0,3.4
114,盔林,2020-07-28,23.8,9.9,4.8
114,盔林,2020-07-29,24.5,10.0,4.5
114,盔林,2020-07-30,25.0,8.6,4.0
114,盔林,2020-07-31,26.0,6.5,3.5
114,盔林,2020-08-01,25.4,9.0,
114,盔林,2020-08-02,24.6,9.3,6.3
114,盔林,2020-08-03,24.2,9.6,6.0
114,盔林,2020-08-04,26.3,9.0,7.3
114,盔林,2020-08-05,25.7,9.3,3.5
114,盔林,2020-08-06,24.6,9.8,7.5
114,盔林,2020-08-07,23.4,9.6,3.1
114,盔林,2020-08-08,23.1,9.5,6.8
114,盔林,2020-08-09,25.1,9.1,5.5
114,盔林,2020-08-10,25.3,8.0,5.4
114,盔林,2020-08-11,24.4,8.5,6.4
114,盔林,2020-08-12,26.3,7.9,4.5
114,盔林,2020-08-13,28.1,8.0,4.8
114,盔林,2020-08-14,27.8,,
114,盔林,2020-08-15,25.8,8.5,6.9
114,盔林,2020-08-16,27.2,7.8,4.1
114,盔林,2020-08-17,27.4,6.5,3.8
114,盔林,2020-08-18,27.0,2.1,1.1
114,盔林,2020-08-19,27.1,2.4,0.8
114,盔林,2020-08-20,27.3,3.0,1.9
114,盔林,2020-08-21,26.9,6.8,3.6
114,盔林,2020-08-22,24.9,8.9,3.8
114,盔林,2020-08-23,24.3,4.6,3.4
114,盔林,2020-08-24,26.8,6.4,3.6
114,盔林,2020-08-25,29.0,5.4,1.6
114,盔林,2020-08-26,29.2,6.6,3.4
114,盔林,2020-08-27,27.8,8.3,3.1
114,盔林,2020-08-28,27.8,8.4,4.4
114,盔林,2020-08-29,26.1,7.3,3.9
114,盔林,2020-08-30,25.6,6.8,3.8
114,盔林,2020-08-31,25.7,6.8,4.3
114,盔林,2020-09-01,25.7,7.0,4.3
114,盔林,2020-09-02,23.7,10.0,3.9
114,盔林,2020-09-03,22.6,7.9,6.3
114,盔林,2020-09-04,22.6,3.4,1.4
114,盔林,2020-09-05,20.4,8.8,2.6
114,盔林,2020-09-06,20.2,10.0,3.5
114,盔林,2020-09-07,19.0,8.4,5.4
114,盔林,2020-09-08,22.6,6.0,4.0
114,盔林,2020-09-09,20.3,7.1,3.5
114,盔林,2020-09-10,21.2,7.6,3.6
114,盔林,2020-09-11,20.9,9.1,7.1
114,盔林,2020-09-12,18.9,7.8,3.3
114,盔林,2020-09-13,20.2,3.0,1.4
114,盔林,2020-09-14,20.3,5.8,3.3
114,盔林,2020-09-15,22.2,6.3,2.3
114,盔林,2020-09-16,21.5,7.4,4.3
114,盔林,2020-09-17,20.4,9.4,3.9
114,盔林,2020-09-18,20.5,7.3,0.9
114,盔林,2020-09-19,19.1,4.4,2.0
114,盔林,2020-09-20,17.6,0.1,0.0
114,盔林,2020-09-21,16.7,3.8,0.1
114,盔林,2020-09-22,17.7,6.3,1.9
114,盔林,2020-09-23,17.1,8.9,5.5
114,盔林,2020-09-24,18.6,7.1,4.0
114,盔林,2020-09-25,18.1,5.5,3.1
114,盔林,2020-09-26,17.6,5.5,2.0
114,盔林,2020-09-27,18.0,1.9,1.0
114,盔林,2020-09-28,17.8,1.3,0.0
114,盔林,2020-09-29,17.3,5.9,0.9
114,盔林,2020-09-30,18.2,5.9,1.9
114,盔林,2020-10-01,18.9,5.8,1.9
114,盔林,2020-10-02,19.8,8.6,5.6
114,盔林,2020-10-03,18.4,9.5,5.0
114,盔林,2020-10-04,17.0,8.5,2.6
114,盔林,2020-10-05,12.4,2.4,0.0
114,盔林,2020-10-06,12.7,2.5,0.9
114,盔林,2020-10-07,14.7,6.4,2.4
114,盔林,2020-10-08,14.8,0.0,0.0
114,盔林,2020-10-09,15.0,3.0,0.3
114,盔林,2020-10-10,15.0,4.5,2.9
114,盔林,2020-10-11,15.3,5.8,3.8
114,盔林,2020-10-12,15.7,6.6,1.4
114,盔林,2020-10-13,12.4,5.3,0.9
114,盔林,2020-10-14,11.6,6.5,2.6
114,盔林,2020-10-15,10.8,6.6,2.1
114,盔林,2020-10-16,10.7,7.3,1.4
114,盔林,2020-10-17,11.1,1.3,0.1
114,盔林,2020-10-18,10.8,0.0,0.0
114,盔林,2020-10-19,12.5,0.8,0.0
114,盔林,2020-10-20,12.7,1.4,0.0
114,盔林,2020-10-21,11.9,8.9,3.0
114,盔林,2020-10-22,12.4,5.3,2.4
114,盔林,2020-10-23,8.1,0.0,0.0
114,盔林,2020-10-24,7.2,0.1,0.0
114,盔林,2020-10-25,8.8,1.8,0.0
114,盔林,2020-10-26,10.4,1.9,0.0
114,盔林,2020-10-27,11.3,2.3,0.0
114,盔林,2020-10-28,12.3,3.6,1.6
114,盔林,2020-10-29,8.3,3.0,1.6
114,盔林,2020-10-30,9.8,0.8,0.0
114,盔林,2020-10-31,11.1,5.0,2.9
114,盔林,2020-11-01,12.1,9.3,5.9
114,盔林,2020-11-02,10.7,4.1,1.6
114,盔林,2020-11-03,5.7,1.3,0.5
114,盔林,2020-11-04,3.7,0.0,0.0
114,盔林,2020-11-05,7.3,4.4,2.6
114,盔林,2020-11-06,11.5,8.8,5.4
114,盔林,2020-11-07,13.6,3.8,2.9
114,盔林,2020-11-08,8.7,0.0,0.0
114,盔林,2020-11-09,5.5,1.4,0.9
114,盔林,2020-11-10,6.0,0.0,0.0
114,盔林,2020-11-11,6.6,0.0,0.0
114,盔林,2020-11-12,7.9,0.8,0.1
114,盔林,2020-11-13,8.7,0.6,0.1
114,盔林,2020-11-14,10.0,3.9,0.9
114,盔林,2020-11-15,9.7,4.5,0.9
114,盔林,2020-11-16,9.7,2.8,0.0
114,盔林,2020-11-17,13.4,7.3,4.4
114,盔林,2020-11-18,17.0,7.4,1.3
114,盔林,2020-11-19,16.1,9.4,6.0
114,盔林,2020-11-20,5.1,7.9,7.5
114,盔林,2020-11-21,6.7,4.0,2.3
114,盔林,2020-11-22,6.9,9.0,5.4
114,盔林,2020-11-23,2.3,0.4,0.1
114,盔林,2020-11-24,2.8,7.9,5.9
114,盔林,2020-11-25,2.9,2.9,1.8
114,盔林,2020-11-26,4.0,5.6,1.3
114,盔林,2020-11-27,4.1,5.4,3.8
114,盔林,2020-11-28,0.9,2.8,1.1
114,盔林,2020-11-29,0.6,5.8,2.8
114,盔林,2020-11-30,-0.4,0.0,0.0
114,盔林,2020-12-01,0.4,4.0,2.6
114,盔林,2020-12-02,1.8,5.1,4.9
114,盔林,2020-12-03,0.6,2.6,1.0
114,盔林,2020-12-04,-1.7,0.5,0.0
114,盔林,2020-12-05,-0.2,2.8,1.5
114,盔林,2020-12-06,1.9,2.5,2.0
114,盔林,2020-12-07,2.4,3.8,3.0
114,盔林,2020-12-08,-1.2,1.8,0.4
114,盔林,2020-12-09,-0.6,4.8,3.1
114,盔林,2020-12-10,3.9,7.5,6.3
114,盔林,2020-12-11,4.4,8.8,2.0
114,盔林,2020-12-12,2.6,2.0,0.0
114,盔林,2020-12-13,-1.4,7.6,4.8
114,盔林,2020-12-14,-6.7,2.6,0.5
114,盔林,2020-12-15,-7.8,0.5,0.0
114,盔林,2020-12-16,-8.8,0.6,0.0
114,盔林,2020-12-17,-7.8,3.9,2.4
114,盔林,2020-12-18,-2.3,4.8,4.8
114,盔林,2020-12-19,-5.9,1.4,0.0
114,盔林,2020-12-20,-5.9,0.0,0.0
114,盔林,2020-12-21,-4.2,0.0,0.0
114,盔林,2020-12-22,-1.7,5.3,3.9
114,盔林,2020-12-23,1.4,7.4,5.3
114,盔林,2020-12-24,3.5,3.1,0.9
114,盔林,2020-12-25,-1.2,0.5,0.0
114,盔林,2020-12-26,-0.3,5.3,2.3
114,盔林,2020-12-27,2.7,7.3,2.6
114,盔林,2020-12-28,4.4,1.9,1.0
114,盔林,2020-12-29,0.8,7.5,3.1
114,盔林,2020-12-30,-8.8,2.9,0.9
114,盔林,2020-12-31,-8.9,2.4,2.1
114,盔林,2021-01-01,-6.1,1.3,0.0
114,盔林,2021-01-02,-4.9,0.0,0.0
114,盔林,2021-01-03,-5.6,3.1,0.0
114,盔林,2021-01-04,-3.9,4.1,3.8
114,盔林,2021-01-05,-3.8,2.3,1.4
114,盔林,2021-01-06,-7.4,1.4,1.4
114,盔林,2021-01-07,-12.6,2.0,0.1
114,盔林,2021-01-08,-13.6,3.4,0.0
114,盔林,2021-01-09,-12.4,3.6,0.0
114,盔林,2021-01-10,-9.6,1.3,0.0
114,盔林,2021-01-11,-8.8,8.0,1.6
114,盔林,2021-01-12,-5.4,4.4,3.1
114,盔林,2021-01-13,2.2,3.1,1.9
114,盔林,2021-01-14,1.0,0.6,0.0
114,盔林,2021-01-15,4.4,9.1,4.8
114,盔林,2021-01-16,-2.3,4.6,3.0
114,盔林,2021-01-17,-5.0,4.5,3.3
114,盔林,2021-01-18,-3.1,5.6,3.9
114,盔林,2021-01-19,-6.9,1.9,0.0
114,盔林,2021-01-20,-3.4,1.0,0.0
114,盔林,2021-01-21,2.6,9.3,7.8
114,盔林,2021-01-22,5.5,7.8,6.9
114,盔林,2021-01-23,6.0,7.1,2.1
114,盔林,2021-01-24,4.7,3.1,0.0
114,盔林,2021-01-25,4.5,6.1,1.5
114,盔林,2021-01-26,4.3,8.8,7.1
114,盔林,2021-01-27,2.3,5.9,0.5
114,盔林,2021-01-28,-2.2,6.6,3.1
114,盔林,2021-01-29,-7.3,0.0,0.0
114,盔林,2021-01-30,-4.3,4.4,3.5
114,盔林,2021-01-31,0.6,2.8,0.6
114,盔林,2021-02-01,5.0,7.3,5.3
114,盔林,2021-02-02,-3.6,2.0,1.0
114,盔林,2021-02-03,-3.1,3.3,1.6
114,盔林,2021-02-04,-2.4,1.3,0.1
114,盔林,2021-02-05,-0.1,7.0,5.5
114,盔林,2021-02-06,5.0,4.9,4.3
114,盔林,2021-02-07,5.7,3.3,0.9
114,盔林,2021-02-08,-1.7,0.0,0.0
114,盔林,2021-02-09,-1.1,0.0,0.0
114,盔林,2021-02-10,1.7,6.8,6.1
114,盔林,2021-02-11,4.1,5.6,1.0
114,盔林,2021-02-12,5.2,3.8,0.9
114,盔林,2021-02-13,5.7,1.6,0.0
114,盔林,2021-02-14,8.4,8.9,6.4
114,盔林,2021-02-15,2.6,5.9,5.1
114,盔林,2021-02-16,-4.6,2.5,2.1
114,盔林,2021-02-17,-7.4,0.9,0.1
114,盔林,2021-02-18,-6.0,0.6,0.0
114,盔林,2021-02-19,0.0,1.9,0.9
114,盔林,2021-02-20,8.4,2.9,2.3
114,盔林,2021-02-21,10.0,0.1,0.0
114,盔林,2021-02-22,8.8,1.3,0.3
114,盔林,2021-02-23,1.9,0.9,0.0
114,盔林,2021-02-24,2.7,6.9,0.9
114,盔林,2021-02-25,3.5,9.6,2.8
114,盔林,2021-02-26,6.4,4.5,0.0
114,盔林,2021-02-27,6.9,3.6,0.0
114,盔林,2021-02-28,7.3,4.9,2.0
114,盔林,2021-03-01,5.4,10.0,5.3
114,盔林,2021-03-02,1.9,4.8,2.9
114,盔林,2021-03-03,2.9,4.1,0.9
114,盔林,2021-03-04,4.8,7.8,0.3
114,盔林,2021-03-05,7.9,1.0,0.0
114,盔林,2021-03-06,5.7,7.5,5.9
114,盔林,2021-03-07,6.1,5.1,1.8
114,盔林,2021-03-08,6.4,0.1,0.0
114,盔林,2021-03-09,6.7,3.8,0.0
114,盔林,2021-03-10,7.8,0.0,0.0
114,盔林,2021-03-11,9.7,7.0,1.5
114,盔林,2021-03-12,9.5,8.0,5.4
114,盔林,2021-03-13,9.0,3.3,0.6
114,盔林,2021-03-14,9.0,4.1,2.4
114,盔林,2021-03-15,10.2,7.8,2.9
114,盔林,2021-03-16,10.3,1.6,1.4
114,盔林,2021-03-17,8.9,0.8,0.0
114,盔林,2021-03-18,11.5,4.9,1.4
114,盔林,2021-03-19,14.4,5.1,2.8
114,盔林,2021-03-20,9.7,9.6,8.1
114,盔林,2021-03-21,6.5,8.9,7.5
114,盔林,2021-03-22,6.3,1.9,0.3
114,盔林,2021-03-23,8.8,0.6,0.0
114,盔林,2021-03-24,10.1,3.9,0.5
114,盔林,2021-03-25,12.1,2.9,0.5
114,盔林,2021-03-26,12.9,3.6,0.1
114,盔林,2021-03-27,12.8,9.6,5.3
114,盔林,2021-03-28,10.6,9.4,9.4
114,盔林,2021-03-29,11.2,6.0,3.1
114,盔林,2021-03-30,11.1,0.0,0.0
114,盔林,2021-03-31,13.5,3.1,0.0
114,盔林,2021-04-01,15.7,5.3,1.1
114,盔林,2021-04-02,17.5,6.1,4.4
114,盔林,2021-04-03,15.0,8.3,7.1
114,盔林,2021-04-04,10.2,6.9,6.1
114,盔林,2021-04-05,10.4,1.0,0.9
114,盔林,2021-04-06,13.4,5.0,3.1
114,盔林,2021-04-07,13.6,1.8,0.0
114,盔林,2021-04-08,12.3,0.1,0.0
114,盔林,2021-04-09,11.1,4.7,1.9
114,盔林,2021-04-10,11.9,0.6,0.0
114,盔林,2021-04-11,14.2,1.5,0.4
114,盔林,2021-04-12,14.2,8.8,4.9
114,盔林,2021-04-13,11.6,5.9,3.6
114,盔林,2021-04-14,9.1,0.8,0.5
114,盔林,2021-04-15,10.8,3.6,0.0
114,盔林,2021-04-16,11.1,7.6,3.8
114,盔林,2021-04-17,8.5,4.0,1.4
114,盔林,2021-04-18,9.8,3.6,2.1
114,盔林,2021-04-19,12.8,0.0,0.0
114,盔林,2021-04-20,15.6,1.9,0.0
114,盔林,2021-04-21,19.0,3.9,0.3
114,盔林,2021-04-22,21.5,9.1,4.5
114,盔林,2021-04-23,18.7,10.0,6.3
114,盔林,2021-04-24,17.2,5.8,3.0
114,盔林,2021-04-25,16.4,1.0,0.1
114,盔林,2021-04-26,15.5,3.0,0.0
114,盔林,2021-04-27,15.2,9.0,4.4
114,盔林,2021-04-28,15.8,6.0,1.9
114,盔林,2021-04-29,13.7,8.6,1.5
114,盔林,2021-04-30,10.7,9.8,5.1
114,盔林,2021-05-01,9.5,9.9,4.4
114,盔林,2021-05-02,12.2,3.8,1.8
114,盔林,2021-05-03,13.9,2.6,0.0
114,盔林,2021-05-04,14.8,9.3,5.4
114,盔林,2021-05-05,14.6,2.6,1.4
114,盔林,2021-05-06,14.7,5.0,0.1
114,盔林,2021-05-07,14.0,6.0,2.3
114,盔林,2021-05-08,14.8,2.9,0.3
114,盔林,2021-05-09,15.7,0.3,0.3
114,盔林,2021-05-10,11.5,8.4,5.0
114,盔林,2021-05-11,17.2,6.6,0.1
114,盔林,2021-05-12,19.4,3.5,0.6
114,盔林,2021-05-13,21.3,0.4,0.0
114,盔林,2021-05-14,23.0,6.9,1.6
114,盔林,2021-05-15,21.5,9.5,5.9
114,盔林,2021-05-16,18.4,7.5,4.8
114,盔林,2021-05-17,15.0,8.5,4.9
114,盔林,2021-05-18,17.4,4.5,3.5
114,盔林,2021-05-19,19.5,3.8,1.9
114,盔林,2021-05-20,18.4,9.5,5.6
114,盔林,2021-05-21,15.4,8.0,3.1
114,盔林,2021-05-22,18.2,4.6,4.1
114,盔林,2021-05-23,19.7,7.6,1.3
114,盔林,2021-05-24,19.5,4.5,1.9
114,盔林,2021-05-25,14.4,4.5,1.8
114,盔林,2021-05-26,16.3,7.4,2.5
114,盔林,2021-05-27,15.1,8.0,5.1
114,盔林,2021-05-28,14.2,7.5,4.8
114,盔林,2021-05-29,15.7,5.1,2.4
114,盔林,2021-05-30,17.8,5.5,3.5
114,盔林,2021-05-31,19.4,6.5,5.8
114,盔林,2021-06-01,21.0,8.1,1.6
114,盔林,2021-06-02,23.1,3.5,1.0
114,盔林,2021-06-03,19.1,8.8,2.8
114,盔林,2021-06-04,18.0,3.4,2.5
114,盔林,2021-06-05,19.4,3.1,2.4
114,盔林,2021-06-06,21.5,3.3,1.3
114,盔林,2021-06-07,20.5,6.5,3.1
114,盔林,2021-06-08,23.1,6.4,3.9
114,盔林,2021-06-09,24.8,4.3,0.4
114,盔林,2021-06-10,24.9,8.5,0.9
114,盔林,2021-06-11,22.3,7.3,3.8
114,盔林,2021-06-12,23.6,3.9,1.0
114,盔林,2021-06-13,25.5,4.8,0.8
114,盔林,2021-06-14,25.1,6.1,2.8
114,盔林,2021-06-15,23.1,7.6,2.8
114,盔林,2021-06-16,22.3,4.8,2.6
114,盔林,2021-06-17,20.7,9.9,4.8
114,盔林,2021-06-18,20.7,8.6,4.9
114,盔林,2021-06-19,22.7,4.1,0.9
114,盔林,2021-06-20,23.6,2.6,0.3
114,盔林,2021-06-21,22.7,6.5,2.1
114,盔林,2021-06-22,21.6,7.5,1.9
114,盔林,2021-06-23,19.7,7.0,4.8
114,盔林,2021-06-24,22.4,5.9,2.9
114,盔林,2021-06-25,24.1,5.5,1.9
114,盔林,2021-06-26,20.5,9.0,5.9
114,盔林,2021-06-27,23.5,7.0,3.1
114,盔林,2021-06-28,23.2,7.8,2.9
114,盔林,2021-06-29,23.2,7.8,4.4
114,盔林,2021-06-30,23.0,7.1,2.8
114,盔林,2021-07-01,25.0,3.5,1.3
114,盔林,2021-07-02,24.6,5.9,1.1
114,盔林,2021-07-03,22.0,8.2,
114,盔林,2021-07-04,22.1,8.9,7.8
114,盔林,2021-07-05,22.6,9.5,5.0
114,盔林,2021-07-06,24.8,9.0,1.9
114,盔林,2021-07-07,25.3,9.3,3.9
114,盔林,2021-07-08,25.7,8.5,4.3
114,盔林,2021-07-09,24.4,7.5,3.4
114,盔林,2021-07-10,23.9,7.6,3.9
114,盔林,2021-07-11,23.7,7.9,5.0
114,盔林,2021-07-12,26.2,5.4,2.0
114,盔林,2021-07-13,28.4,5.8,1.4
114,盔林,2021-07-14,28.9,5.1,2.3
114,盔林,2021-07-15,26.7,5.5,2.5
114,盔林,2021-07-16,26.3,5.3,1.3
114,盔林,2021-07-17,26.7,6.3,2.8
114,盔林,2021-07-18,27.3,6.4,2.0
114,盔林,2021-07-19,26.9,7.4,3.5
114,盔林,2021-07-20,27.2,7.4,3.5
114,盔林,2021-07-21,28.6,6.6,0.0
114,盔林,2021-07-22,29.0,2.9,0.1
114,盔林,2021-07-23,29.2,1.4,0.3
114,盔林,2021-07-24,29.2,4.1,0.0
114,盔林,2021-07-25,29.1,4.1,1.4
114,盔林,2021-07-26,29.1,1.6,0.8
114,盔林,2021-07-27,28.6,4.0,2.6
114,盔林,2021-07-28,28.4,3.1,1.3
114,盔林,2021-07-29,28.6,6.0,1.3
114,盔林,2021-07-30,29.3,5.8,0.4
114,盔林,2021-07-31,29.5,5.6,2.9
114,盔林,2021-08-01,26.6,7.9,2.6
114,盔林,2021-08-02,25.8,8.5,3.1
114,盔林,2021-08-03,26.7,8.2,
114,盔林,2021-08-04,28.3,4.3,1.0
114,盔林,2021-08-05,28.8,4.8,2.5
114,盔林,2021-08-06,27.3,6.6,2.0
114,盔林,2021-08-07,26.8,6.4,3.6
114,盔林,2021-08-08,25.8,8.9,3.3
114,盔林,2021-08-09,26.6,7.1,3.3
114,盔林,2021-08-10,25.1,5.6,1.9
114,盔林,2021-08-11,26.2,5.3,1.1
114,盔林,2021-08-12,25.8,7.9,1.8
114,盔林,2021-08-13,25.5,8.4,0.9
114,盔林,2021-08-14,23.9,8.1,3.3
114,盔林,2021-08-15,24.2,4.8,2.0
114,盔林,2021-08-16,24.8,3.3,
114,盔林,2021-08-17,23.8,8.2,
114,盔林,2021-08-18,22.7,6.6,2.0
114,盔林,2021-08-19,23.0,7.4,5.3
114,盔林,2021-08-20,25.6,6.7,4.3
114,盔林,2021-08-21,24.6,9.0,5.5
114,盔林,2021-08-22,24.1,8.9,4.6
114,盔林,2021-08-23,21.1,10.0,3.4
114,盔林,2021-08-24,23.9,8.7,5.5
114,盔林,2021-08-25,23.5,7.3,3.5
114,盔林,2021-08-26,24.0,9.3,3.0
114,盔林,2021-08-27,21.3,8.6,3.0
114,盔林,2021-08-28,22.0,8.4,4.8
114,盔林,2021-08-29,22.2,8.0,1.9
114,盔林,2021-08-30,22.1,8.3,4.5
114,盔林,2021-08-31,20.0,8.5,4.0
114,盔林,2021-09-01,20.0,9.5,4.8
114,盔林,2021-09-02,22.0,6.6,4.1
114,盔林,2021-09-03,22.2,5.4,3.0
114,盔林,2021-09-04,20.9,5.9,1.1
114,盔林,2021-09-05,21.0,7.0,3.5
114,盔林,2021-09-06,21.1,8.9,2.3
114,盔林,2021-09-07,20.1,9.4,5.8
114,盔林,2021-09-08,21.6,2.4,0.9
114,盔林,2021-09-09,21.7,6.5,3.3
114,盔林,2021-09-10,22.3,6.4,2.3
114,盔林,2021-09-11,22.8,2.8,1.3
114,盔林,2021-09-12,23.0,2.6,0.1
114,盔林,2021-09-13,23.5,7.3,1.0
114,盔林,2021-09-14,21.8,5.0,0.1
114,盔林,2021-09-15,21.1,3.4,1.4
114,盔林,2021-09-16,21.2,4.8,0.4
114,盔林,2021-09-17,20.3,7.0,3.5
114,盔林,2021-09-18,21.0,4.9,2.9
114,盔林,2021-09-19,21.3,6.5,3.3
114,盔林,2021-09-20,22.3,4.6,0.0
114,盔林,2021-09-21,21.3,7.5,4.9
114,盔林,2021-09-22,20.1,6.1,2.8
114,盔林,2021-09-23,19.7,8.0,6.3
114,盔林,2021-09-24,20.2,3.5,0.9
114,盔林,2021-09-25,19.8,8.0,
114,盔林,2021-09-26,20.4,7.4,2.3
114,盔林,2021-09-27,19.8,9.1,5.1
114,盔林,2021-09-28,21.0,8.6,6.8
114,盔林,2021-09-29,20.4,9.1,5.4
114,盔林,2021-09-30,20.5,3.0,2.8
114,盔林,2021-10-01,20.3,,
114,盔林,2021-10-02,19.0,4.4,2.5
114,盔林,2021-10-03,20.1,5.3,2.0
114,盔林,2021-10-04,21.7,8.4,5.1
114,盔林,2021-10-05,23.9,7.4,6.0
114,盔林,2021-10-06,19.4,8.6,3.9
114,盔林,2021-10-07,19.3,5.8,4.9
114,盔林,2021-10-08,19.4,9.3,4.9
114,盔林,2021-10-09,20.8,8.3,2.9
114,盔林,2021-10-10,20.6,8.3,4.6
114,盔林,2021-10-11,16.0,9.4,5.6
114,盔林,2021-10-12,17.1,6.0,6.0
114,盔林,2021-10-13,18.4,3.8,2.6
114,盔林,2021-10-14,18.4,6.9,2.9
114,盔林,2021-10-15,17.2,9.6,3.5
114,盔林,2021-10-16,12.0,9.4,3.3
114,盔林,2021-10-17,5.2,0.0,0.0
114,盔林,2021-10-18,8.0,3.5,2.0
114,盔林,2021-10-19,9.7,5.9,2.9
114,盔林,2021-10-20,8.1,2.9,2.3
114,盔林,2021-10-21,8.5,3.6,0.4
114,盔林,2021-10-22,9.0,4.0,1.4
114,盔林,2021-10-23,9.3,0.3,0.0
114,盔林,2021-10-24,9.0,0.9,0.0
114,盔林,2021-10-25,9.5,1.8,0.0
114,盔林,2021-10-26,10.0,3.8,0.3
114,盔林,2021-10-27,11.7,2.6,2.3
114,盔林,2021-10-28,10.2,0.0,0.0
114,盔林,2021-10-29,12.0,2.5,0.1
114,盔林,2021-10-30,11.4,6.0,1.4
114,盔林,2021-10-31,12.0,4.5,1.9
114,盔林,2021-11-01,12.0,4.4,1.9
114,盔林,2021-11-02,10.2,6.4,3.1
114,盔林,2021-11-03,11.1,3.0,1.9
114,盔林,2021-11-04,10.6,3.1,1.4
114,盔林,2021-11-05,10.5,3.6,1.3
114,盔林,2021-11-06,12.1,1.9,1.0
114,盔林,2021-11-07,13.1,5.0,0.4
114,盔林,2021-11-08,10.0,7.3,4.6
114,盔林,2021-11-09,4.8,8.0,7.0
114,盔林,2021-11-10,4.4,4.4,3.4
114,盔林,2021-11-11,5.7,2.8,1.0
114,盔林,2021-11-12,4.5,1.6,1.0
114,盔林,2021-11-13,5.7,2.3,1.3
114,盔林,2021-11-14,9.3,4.8,2.1
114,盔林,2021-11-15,7.8,4.1,0.0
114,盔林,2021-11-16,7.0,0.9,0.4
114,盔林,2021-11-17,6.0,3.0,0.4
114,盔林,2021-11-18,10.2,8.6,5.5
114,盔林,2021-11-19,12.6,6.5,3.3
114,盔林,2021-11-20,10.0,4.1,1.0
114,盔林,2021-11-21,9.5,9.4,4.4
114,盔林,2021-11-22,4.1,5.4,4.0
114,盔林,2021-11-23,0.5,5.1,4.3
114,盔林,2021-11-24,3.2,4.4,2.9
114,盔林,2021-11-25,5.1,2.1,1.3
114,盔林,2021-11-26,2.9,1.9,1.4
114,盔林,2021-11-27,1.8,0.0,0.0
114,盔林,2021-11-28,3.2,4.3,1.1
114,盔林,2021-11-29,4.9,4.9,0.5
114,盔林,2021-11-30,4.8,9.1,5.9
114,盔林,2021-12-01,-0.5,1.1,0.0
114,盔林,2021-12-02,0.7,3.3,2.4
114,盔林,2021-12-03,3.1,2.1,0.5
114,盔林,2021-12-04,0.6,0.0,0.0
114,盔林,2021-12-05,1.4,0.0,0.0
114,盔林,2021-12-06,3.3,3.4,2.1
114,盔林,2021-12-07,4.7,2.5,1.8
114,盔林,2021-12-08,4.1,1.0,0.3
114,盔林,2021-12-09,3.9,6.3,2.3
114,盔林,2021-12-10,5.6,8.9,6.5
114,盔林,2021-12-11,6.8,7.5,3.5
114,盔林,2021-12-12,2.4,3.9,1.5
114,盔林,2021-12-13,-2.4,0.0,0.0
114,盔林,2021-12-14,1.4,5.1,4.6
114,盔林,2021-12-15,4.9,7.8,4.0
114,盔林,2021-12-16,4.3,8.6,7.1
114,盔林,2021-12-17,-3.3,1.5,0.3
114,盔林,2021-12-18,-5.1,4.4,3.1
114,盔林,2021-12-19,-0.1,2.1,2.1
114,盔林,2021-12-20,4.3,5.0,4.1
114,盔林,2021-12-21,5.7,3.3,2.4
114,盔林,2021-12-22,1.3,0.0,0.0
114,盔林,2021-12-23,0.8,1.6,0.5
114,盔林,2021-12-24,0.7,7.1,6.4
114,盔林,2021-12-25,-8.3,0.0,0.0
114,盔林,2021-12-26,-10.8,0.0,0.0
114,盔林,2021-12-27,-7.8,2.6,1.8
114,盔林,2021-12-28,-3.8,7.1,6.9
114,盔林,2021-12-29,-0.2,7.1,3.9
114,盔林,2021-12-30,-2.7,1.4,0.8
114,盔林,2021-12-31,-5.6,0.0,0.0
114,盔林,2022-01-01,-6.3,1.5,0.9
114,盔林,2022-01-02,-2.1,3.6,3.3
114,盔林,2022-01-03,-2.7,3.9,1.6
114,盔林,2022-01-04,-1.3,0.7,
114,盔林,2022-01-05,-2.7,7.0,0.6
114,盔林,2022-01-06,-1.9,0.0,0.0
114,盔林,2022-01-07,-2.9,0.0,0.0
114,盔林,2022-01-08,-1.3,3.6,2.8
114,盔林,2022-01-09,1.8,3.4,0.5
114,盔林,2022-01-10,-0.4,6.4,0.8
114,盔林,2022-01-11,-4.7,,
114,盔林,2022-01-12,-7.1,4.4,0.9
114,盔林,2022-01-13,-6.0,1.3,1.1
114,盔林,2022-01-14,-6.7,2.3,0.0
114,盔林,2022-01-15,-2.5,7.3,4.1
114,盔林,2022-01-16,-0.4,3.4,2.4
114,盔林,2022-01-17,-4.8,3.6,1.6
114,盔林,2022-01-18,-6.2,2.1,1.0
114,盔林,2022-01-19,-5.4,6.6,3.6
114,盔林,2022-01-20,-5.2,0.0,0.0
114,盔林,2022-01-21,-3.9,0.3,0.0
114,盔林,2022-01-22,-0.6,7.3,5.6
114,盔林,2022-01-23,2.5,5.8,2.1
114,盔林,2022-01-24,3.5,4.6,4.4
114,盔林,2022-01-25,1.9,8.3,6.1
114,盔林,2022-01-26,2.1,2.9,0.4
114,盔林,2022-01-27,-0.2,1.8,0.3
114,盔林,2022-01-28,-1.9,1.6,0.0
114,盔林,2022-01-29,-2.9,0.1,0.0
114,盔林,2022-01-30,-3.7,0.1,0.0
114,盔林,2022-01-31,-2.4,1.1,1.1
114,盔林,2022-02-01,-1.1,6.8,2.9
114,盔林,2022-02-02,-1.9,5.0,3.0
114,盔林,2022-02-03,-2.7,1.0,0.9
114,盔林,2022-02-04,-4.5,1.1,0.9
114,盔林,2022-02-05,-5.8,0.5,0.5
114,盔林,2022-02-06,-3.8,0.0,0.0
114,盔林,2022-02-07,-2.9,6.0,1.0
114,盔林,2022-02-08,-1.6,2.6,0.4
114,盔林,2022-02-09,-0.5,4.1,2.1
114,盔林,2022-02-10,1.3,2.4,1.4
114,盔林,2022-02-11,1.4,2.1,0.9
114,盔林,2022-02-12,3.4,4.0,1.4
114,盔林,2022-02-13,3.7,5.0,0.9
114,盔林,2022-02-14,2.4,6.9,2.6
114,盔林,2022-02-15,-3.3,7.5,5.0
114,盔林,2022-02-16,-6.3,0.8,0.0
114,盔林,2022-02-17,-6.1,0.4,0.0
114,盔林,2022-02-18,-2.3,3.0,0.9
114,盔林,2022-02-19,-0.4,7.6,3.5
114,盔林,2022-02-20,-4.1,0.6,0.0
114,盔林,2022-02-21,-2.6,3.3,1.4
114,盔林,2022-02-22,-3.2,3.6,0.9
114,盔林,2022-02-23,-4.7,1.6,0.0
114,盔林,2022-02-24,-3.3,0.0,0.0
114,盔林,2022-02-25,2.0,2.8,0.1
114,盔林,2022-02-26,6.3,6.4,1.8
114,盔林,2022-02-27,4.4,0.3,0.0
114,盔林,2022-02-28,5.4,4.9,2.0
114,盔林,2022-03-01,4.7,6.9,4.3
114,盔林,2022-03-02,3.5,0.9,0.6
114,盔林,2022-03-03,6.3,1.9,1.0
114,盔林,2022-03-04,7.6,3.9,1.9
114,盔林,2022-03-05,3.5,0.0,0.0
114,盔林,2022-03-06,1.8,1.3,0.0
114,盔林,2022-03-07,2.7,3.9,0.5
114,盔林,2022-03-08,4.6,3.0,0.4
114,盔林,2022-03-09,6.3,0.4,0.3
114,盔林,2022-03-10,8.4,7.9,0.1
114,盔林,2022-03-11,9.2,4.8,2.1
114,盔林,2022-03-12,13.0,7.3,3.4
114,盔林,2022-03-13,12.9,9.6,4.5
114,盔林,2022-03-14,9.7,9.3,7.4
114,盔林,2022-03-15,7.7,2.9,2.1
114,盔林,2022-03-16,10.0,4.1,0.9
114,盔林,2022-03-17,10.2,9.6,3.1
114,盔林,2022-03-18,7.2,8.6,5.6
114,盔林,2022-03-19,3.4,8.4,6.6
114,盔林,2022-03-20,4.7,7.9,3.8
114,盔林,2022-03-21,4.8,7.1,2.0
114,盔林,2022-03-22,6.7,2.4,0.0
114,盔林,2022-03-23,5.6,7.8,4.5
114,盔林,2022-03-24,7.5,6.6,5.1
114,盔林,2022-03-25,11.2,7.5,2.3
114,盔林,2022-03-26,12.2,8.6,7.0
114,盔林,2022-03-27,8.3,1.9,0.4
114,盔林,2022-03-28,6.9,1.1,0.0
114,盔林,2022-03-29,8.9,0.4,0.0
114,盔林,2022-03-30,10.2,7.3,5.1
114,盔林,2022-03-31,10.3,7.6,5.8
114,盔林,2022-04-01,8.3,2.3,0.6
114,盔林,2022-04-02,8.1,0.0,0.0
114,盔林,2022-04-03,9.3,0.0,0.0
114,盔林,2022-04-04,10.1,0.0,0.0
114,盔林,2022-04-05,10.5,5.5,1.4
114,盔林,2022-04-06,12.6,3.1,0.9
114,盔林,2022-04-07,12.1,3.4,2.9
114,盔林,2022-04-08,12.3,0.0,0.0
114,盔林,2022-04-09,16.4,2.0,0.5
114,盔林,2022-04-10,18.0,3.4,0.0
114,盔林,2022-04-11,18.9,1.9,0.8
114,盔林,2022-04-12,20.4,5.0,2.3
114,盔林,2022-04-13,10.8,9.9,7.8
114,盔林,2022-04-14,9.6,9.9,6.5
114,盔林,2022-04-15,11.4,3.4,1.8
114,盔林,2022-04-16,11.9,0.0,0.0
114,盔林,2022-04-17,13.2,2.9,0.9
114,盔林,2022-04-18,14.9,6.3,0.8
114,盔林,2022-04-19,14.4,0.0,0.0
114,盔林,2022-04-20,15.2,0.0,0.0
114,盔林,2022-04-21,15.0,4.3,0.8
114,盔林,2022-04-22,16.6,9.0,5.6
114,盔林,2022-04-23,16.7,6.4,0.4
114,盔林,2022-04-24,18.1,4.5,3.8
114,盔林,2022-04-25,19.7,8.6,3.6
114,盔林,2022-04-26,18.9,7.0,1.9
114,盔林,2022-04-27,17.0,0.8,0.0
114,盔林,2022-04-28,17.3,5.4,2.4
114,盔林,2022-04-29,11.6,9.3,5.9
114,盔林,2022-04-30,12.5,7.0,4.3
114,盔林,2022-05-01,12.9,4.3,2.6
114,盔林,2022-05-02,13.2,5.1,1.8
114,盔林,2022-05-03,13.8,0.1,0.0
114,盔林,2022-05-04,16.5,1.6,0.0
114,盔林,2022-05-05,17.8,0.4,0.0
114,盔林,2022-05-06,18.6,3.5,1.0
114,盔林,2022-05-07,17.8,7.5,4.1
114,盔林,2022-05-08,14.1,9.9,4.4
114,盔林,2022-05-09,16.9,4.1,1.4
114,盔林,2022-05-10,17.5,6.8,2.6
114,盔林,2022-05-11,19.2,6.3,2.8
114,盔林,2022-05-12,20.7,5.8,1.4
114,盔林,2022-05-13,16.9,8.3,5.0
114,盔林,2022-05-14,14.5,4.9,0.9
114,盔林,2022-05-15,14.5,2.4,0.1
114,盔林,2022-05-16,16.0,0.1,0.0
114,盔林,2022-05-17,19.1,0.8,0.0
114,盔林,2022-05-18,19.9,4.6,0.9
114,盔林,2022-05-19,20.1,7.3,1.4
114,盔林,2022-05-20,19.2,4.9,0.6
114,盔林,2022-05-21,20.0,3.4,1.5
114,盔林,2022-05-22,20.2,4.9,2.8
114,盔林,2022-05-23,22.3,2.5,0.0
114,盔林,2022-05-24,22.8,4.5,0.0
114,盔林,2022-05-25,21.4,5.3,2.1
114,盔林,2022-05-26,18.6,5.6,2.5
114,盔林,2022-05-27,19.5,5.4,3.6
114,盔林,2022-05-28,21.2,1.3,0.3
114,盔林,2022-05-29,21.9,4.0,1.4
114,盔林,2022-05-30,20.1,8.4,5.3
114,盔林,2022-05-31,20.1,2.1,0.0
114,盔林,2022-06-01,21.4,1.5,0.8
114,盔林,2022-06-02,21.4,2.6,0.0
114,盔林,2022-06-03,23.9,1.8,0.4
114,盔林,2022-06-04,24.1,6.5,1.0
114,盔林,2022-06-05,21.1,9.3,5.6
114,盔林,2022-06-06,17.7,8.1,3.1
114,盔林,2022-06-07,17.8,7.3,5.9
114,盔林,2022-06-08,19.9,6.0,4.8
114,盔林,2022-06-09,20.3,7.5,2.5
114,盔林,2022-06-10,22.1,6.3,2.4
114,盔林,2022-06-11,22.4,6.3,1.4
114,盔林,2022-06-12,22.7,6.0,2.0
114,盔林,2022-06-13,23.6,7.4,3.6
114,盔林,2022-06-14,19.7,8.0,4.5
114,盔林,2022-06-15,17.3,8.1,5.4
114,盔林,2022-06-16,19.4,6.9,4.3
114,盔林,2022-06-17,21.8,4.6,1.6
114,盔林,2022-06-18,24.0,6.9,2.9
114,盔林,2022-06-19,24.0,6.8,5.1
114,盔林,2022-06-20,25.6,2.4,1.1
114,盔林,2022-06-21,27.6,2.6,0.0
114,盔林,2022-06-22,26.7,5.4,0.0
114,盔林,2022-06-23,24.8,8.9,4.9
114,盔林,2022-06-24,24.0,7.0,6.1
114,盔林,2022-06-25,25.7,4.8,2.5
114,盔林,2022-06-26,26.8,8.5,6.3
114,盔林,2022-06-27,27.5,9.8,4.6
114,盔林,2022-06-28,28.6,9.3,8.8
114,盔林,2022-06-29,25.6,9.6,7.6
114,盔林,2022-06-30,22.7,9.0,4.9
114,盔林,2022-07-01,26.6,4.4,1.8
114,盔林,2022-07-02,27.7,3.5,1.1
114,盔林,2022-07-03,28.3,4.6,1.5
114,盔林,2022-07-04,26.9,7.4,2.1
114,盔林,2022-07-05,26.8,7.6,4.1
114,盔林,2022-07-06,28.5,7.5,3.3
114,盔林,2022-07-07,29.1,8.9,3.8
114,盔林,2022-07-08,26.6,7.8,5.3
114,盔林,2022-07-09,26.5,7.4,4.5
114,盔林,2022-07-10,28.0,5.3,2.3
114,盔林,2022-07-11,24.7,7.6,3.3
114,盔林,2022-07-12,25.8,7.5,2.8
114,盔林,2022-07-13,24.0,8.9,5.9
114,盔林,2022-07-14,24.8,6.4,4.8
114,盔林,2022-07-15,25.4,5.4,2.3
114,盔林,2022-07-16,24.2,6.5,3.0
114,盔林,2022-07-17,24.6,7.5,4.9
114,盔林,2022-07-18,24.5,7.1,4.1
114,盔林,2022-07-19,25.9,8.1,3.5
114,盔林,2022-07-20,26.4,9.1,3.4
114,盔林,2022-07-21,22.0,6.9,2.9
114,盔林,2022-07-22,22.8,6.6,3.8
114,盔林,2022-07-23,23.6,8.9,3.8
114,盔林,2022-07-24,24.6,5.6,4.1
114,盔林,2022-07-25,26.7,3.5,2.6
114,盔林,2022-07-26,27.4,4.5,0.9
114,盔林,2022-07-27,27.0,6.9,0.5
114,盔林,2022-07-28,27.7,3.3,0.6
114,盔林,2022-07-29,29.5,4.3,1.9
114,盔林,2022-07-30,29.1,6.0,2.3
114,盔林,2022-07-31,26.5,9.9,5.8
114,盔林,2022-08-01,28.2,9.5,3.4
114,盔林,2022-08-02,27.8,8.5,5.8
114,盔林,2022-08-03,26.5,8.0,4.3
114,盔林,2022-08-04,28.4,5.0,2.8
114,盔林,2022-08-05,28.7,7.1,4.3
114,盔林,2022-08-06,28.8,5.6,1.5
114,盔林,2022-08-07,28.7,6.6,4.8
114,盔林,2022-08-08,26.4,10.0,7.4
114,盔林,2022-08-09,25.8,10.0,
114,盔林,2022-08-10,23.7,9.5,6.6
114,盔林,2022-08-11,23.8,9.5,5.9
114,盔林,2022-08-12,26.3,3.9,1.1
114,盔林,2022-08-13,24.5,8.4,5.8
114,盔林,2022-08-14,25.7,8.5,4.9
114,盔林,2022-08-15,27.4,9.8,8.9
114,盔林,2022-08-16,26.6,2.4,1.8
114,盔林,2022-08-17,24.3,6.0,2.8
114,盔林,2022-08-18,24.4,7.4,4.5
114,盔林,2022-08-19,24.8,9.8,5.0
114,盔林,2022-08-20,27.8,5.3,1.6
114,盔林,2022-08-21,26.8,4.8,2.9
114,盔林,2022-08-22,26.0,7.5,2.4
114,盔林,2022-08-23,23.5,7.5,6.3
114,盔林,2022-08-24,23.2,7.3,5.5
114,盔林,2022-08-25,21.3,8.8,1.5
114,盔林,2022-08-26,22.8,7.0,3.3
114,盔林,2022-08-27,21.3,2.8,0.1
114,盔林,2022-08-28,21.1,1.3,0.0
114,盔林,2022-08-29,19.4,8.8,3.8
114,盔林,2022-08-30,18.4,9.9,5.4
114,盔林,2022-08-31,20.7,8.3,3.3
114,盔林,2022-09-01,22.2,7.1,1.9
114,盔林,2022-09-02,22.7,4.3,1.3
114,盔林,2022-09-03,23.0,6.8,4.3
114,盔林,2022-09-04,22.7,10.0,3.6
114,盔林,2022-09-05,21.2,10.0,5.3
114,盔林,2022-09-06,20.1,5.6,2.5
114,盔林,2022-09-07,20.6,2.3,0.6
114,盔林,2022-09-08,20.9,1.8,0.0
114,盔林,2022-09-09,21.5,4.9,0.3
114,盔林,2022-09-10,20.8,8.8,5.5
114,盔林,2022-09-11,22.3,9.5,7.4
114,盔林,2022-09-12,22.9,9.4,3.0
114,盔林,2022-09-13,23.7,10.0,4.9
114,盔林,2022-09-14,23.3,8.9,3.1
114,盔林,2022-09-15,24.3,7.4,1.0
114,盔林,2022-09-16,26.2,6.6,2.4
114,盔林,2022-09-17,26.9,7.3,3.6
114,盔林,2022-09-18,26.1,9.3,5.5
114,盔林,2022-09-19,22.4,5.9,2.3
114,盔林,2022-09-20,17.5,4.0,2.5
114,盔林,2022-09-21,17.3,0.4,0.0
114,盔林,2022-09-22,17.6,6.6,2.0
114,盔林,2022-09-23,16.8,3.6,0.5
114,盔林,2022-09-24,15.9,3.9,0.5
114,盔林,2022-09-25,16.4,8.4,1.1
114,盔林,2022-09-26,17.6,7.0,1.4
114,盔林,2022-09-27,18.6,1.1,0.0
114,盔林,2022-09-28,18.1,4.6,0.0
114,盔林,2022-09-29,18.4,2.6,1.3
114,盔林,2022-09-30,18.5,3.1,1.9
114,盔林,2022-10-01,18.7,5.3,1.5
114,盔林,2022-10-02,17.8,9.0,3.9
114,盔林,2022-10-03,21.4,9.5,8.6
114,盔林,2022-10-04,18.4,8.9,7.5
114,盔林,2022-10-05,16.0,9.4,6.1
114,盔林,2022-10-06,15.7,9.6,3.6
114,盔林,2022-10-07,14.3,7.0,2.6
114,盔林,2022-10-08,14.3,3.4,1.1
114,盔林,2022-10-09,13.3,10.0,3.0
114,盔林,2022-10-10,9.4,6.1,4.4
114,盔林,2022-10-11,10.2,4.5,4.5
114,盔林,2022-10-12,11.5,3.8,2.5
114,盔林,2022-10-13,13.7,2.6,0.8
114,盔林,2022-10-14,15.0,8.0,5.0
114,盔林,2022-10-15,16.8,3.6,3.4
114,盔林,2022-10-16,16.6,8.3,4.1
114,盔林,2022-10-17,12.0,2.8,0.3
114,盔林,2022-10-18,7.7,0.1,0.0
114,盔林,2022-10-19,7.8,0.0,0.0
114,盔林,2022-10-20,10.1,2.3,2.3
114,盔林,2022-10-21,11.8,5.6,1.8
114,盔林,2022-10-22,12.4,3.9,2.6
114,盔林,2022-10-23,12.9,4.9,1.8
114,盔林,2022-10-24,9.2,5.5,3.1
114,盔林,2022-10-25,9.2,2.0,0.4
114,盔林,2022-10-26,10.2,4.3,1.0
114,盔林,2022-10-27,11.2,3.0,0.4
114,盔林,2022-10-28,12.5,2.8,0.6
114,盔林,2022-10-29,12.7,2.5,0.5
114,盔林,2022-10-30,13.3,2.4,0.6
114,盔林,2022-10-31,12.8,4.9,0.8
114,盔林,2022-11-01,11.7,2.9,0.6
114,盔林,2022-11-02,9.7,2.4,0.0
114,盔林,2022-11-03,8.7,6.8,3.8
114,盔林,2022-11-04,4.9,0.6,0.0
114,盔林,2022-11-05,3.8,0.0,0.0
114,盔林,2022-11-06,6.4,2.8,0.8
114,盔林,2022-11-07,8.7,5.3,1.6
114,盔林,2022-11-08,10.1,2.9,0.8
114,盔林,2022-11-09,9.2,6.9,0.0
114,盔林,2022-11-10,10.7,2.4,0.0
114,盔林,2022-11-11,12.6,1.0,0.3
114,盔林,2022-11-12,14.9,6.6,5.1
114,盔林,2022-11-13,11.3,9.4,7.9
114,盔林,2022-11-14,9.3,4.1,2.4
114,盔林,2022-11-15,6.1,5.9,2.9
114,盔林,2022-11-16,6.8,5.4,3.9
114,盔林,2022-11-17,7.6,2.6,0.6
114,盔林,2022-11-18,8.1,1.3,0.0
114,盔林,2022-11-19,9.6,3.8,1.0
114,盔林,2022-11-20,10.9,3.6,1.4
114,盔林,2022-11-21,10.2,4.6,0.8
114,盔林,2022-11-22,9.8,9.0,2.3
114,盔林,2022-11-23,10.5,5.4,2.0
114,盔林,2022-11-24,7.0,4.0,0.8
114,盔林,2022-11-25,9.3,2.0,0.3
114,盔林,2022-11-26,8.2,0.9,0.3
114,盔林,2022-11-27,4.2,1.9,0.1
114,盔林,2022-11-28,8.1,7.5,5.3
114,盔林,2022-11-29,9.3,9.5,2.5
114,盔林,2022-11-30,-3.5,0.5,0.0
114,盔林,2022-12-01,-4.3,1.3,1.1
114,盔林,2022-12-02,-3.4,0.9,0.4
114,盔林,2022-12-03,0.1,7.8,5.4
114,盔林,2022-12-04,-1.6,8.4,2.4
114,盔林,2022-12-05,-3.0,4.3,2.6
114,盔林,2022-12-06,-2.6,5.4,3.9
114,盔林,2022-12-07,2.4,4.1,3.3
114,盔林,2022-12-08,1.6,1.4,0.3
114,盔林,2022-12-09,1.2,4.3,1.6
114,盔林,2022-12-10,0.4,6.5,0.9
114,盔林,2022-12-11,0.2,0.0,0.0
114,盔林,2022-12-12,1.3,6.1,4.1
114,盔林,2022-12-13,0.8,8.6,6.3
114,盔林,2022-12-14,-7.2,0.3,0.0
114,盔林,2022-12-15,-5.0,6.1,3.4
114,盔林,2022-12-16,-5.6,5.3,0.9
114,盔林,2022-12-17,-6.2,4.1,2.6
114,盔林,2022-12-18,-9.2,0.0,0.0
114,盔林,2022-12-19,-7.8,0.8,0.0
114,盔林,2022-12-20,-5.0,7.0,1.0
114,盔林,2022-12-21,-1.4,7.6,4.0
114,盔林,2022-12-22,-6.3,1.6,0.9
114,盔林,2022-12-23,-10.8,5.1,3.4
114,盔林,2022-12-24,-10.1,1.9,0.0
114,盔林,2022-12-25,-7.8,1.1,0.0
114,盔林,2022-12-26,-6.8,3.4,0.0
114,盔林,2022-12-27,-5.1,2.9,1.8
114,盔林,2022-12-28,-3.5,,2.0
114,盔林,2022-12-29,-4.4,2.6,1.3
114,盔林,2022-12-30,-2.2,4.1,2.4
114,盔林,2022-12-31,-3.7,5.5,4.5
114,盔林,2023-01-01,0.0,1.3,0.5
114,盔林,2023-01-02,-4.6,0.4,0.0
114,盔林,2023-01-03,-6.0,0.6,0.0
114,盔林,2023-01-04,-4.8,0.0,0.0
114,盔林,2023-01-05,-3.7,1.9,0.0
114,盔林,2023-01-06,-1.9,4.3,1.3
114,盔林,2023-01-07,1.1,5.0,1.1
114,盔林,2023-01-08,-0.3,2.4,1.0
114,盔林,2023-01-09,2.9,1.8,1.4
114,盔林,2023-01-10,0.3,2.1,0.0
114,盔林,2023-01-11,0.6,1.8,0.0
114,盔林,2023-01-12,2.6,1.4,0.8
114,盔林,2023-01-13,6.2,8.3,2.5
114,盔林,2023-01-14,6.0,9.0,7.8
114,盔林,2023-01-15,0.6,9.0,5.9
114,盔林,2023-01-16,-3.5,5.5,4.6
114,盔林,2023-01-17,-4.5,7.9,4.4
114,盔林,2023-01-18,-2.3,1.9,1.4
114,盔林,2023-01-19,-1.8,3.6,1.5
114,盔林,2023-01-20,-1.6,1.1,0.9
114,盔林,2023-01-21,-5.6,1.9,1.1
114,盔林,2023-01-22,-1.8,7.5,2.6
114,盔林,2023-01-23,0.1,6.5,3.1
114,盔林,2023-01-24,-11.9,1.0,0.5
114,盔林,2023-01-25,-12.5,1.5,0.1
114,盔林,2023-01-26,-7.5,9.6,5.4
114,盔林,2023-01-27,-7.6,2.8,1.5
114,盔林,2023-01-28,-6.9,0.0,0.0
114,盔林,2023-01-29,-3.0,2.8,2.0
114,盔林,2023-01-30,-2.0,0.0,0.0
114,盔林,2023-01-31,1.0,0.6,0.1
114,盔林,2023-02-01,3.0,4.0,1.4
114,盔林,2023-02-02,-2.3,7.0,0.3
114,盔林,2023-02-03,-1.2,3.6,1.9
114,盔林,2023-02-04,-1.7,0.6,0.0
114,盔林,2023-02-05,-1.3,0.9,0.0
114,盔林,2023-02-06,0.8,2.8,0.0
114,盔林,2023-02-07,1.4,3.4,0.3
114,盔林,2023-02-08,1.1,1.1,0.1
114,盔林,2023-02-09,3.0,6.1,1.0
114,盔林,2023-02-10,3.5,5.1,2.6
114,盔林,2023-02-11,1.1,2.8,0.1
114,盔林,2023-02-12,2.7,7.1,3.0
114,盔林,2023-02-13,5.8,7.3,3.4
114,盔林,2023-02-14,2.4,4.1,3.1
114,盔林,2023-02-15,3.0,4.9,2.4
114,盔林,2023-02-16,1.8,4.0,3.6
114,盔林,2023-02-17,2.6,4.3,0.4
114,盔林,2023-02-18,5.0,8.9,6.9
114,盔林,2023-02-19,4.0,5.3,4.1
114,盔林,2023-02-20,-0.3,0.8,0.0
114,盔林,2023-02-21,-1.3,0.0,0.0
114,盔林,2023-02-22,1.2,3.8,2.5
114,盔林,2023-02-23,3.1,3.9,0.0
114,盔林,2023-02-24,3.3,2.8,0.1
114,盔林,2023-02-25,1.0,0.0,0.0
114,盔林,2023-02-26,1.3,0.0,0.0
114,盔林,2023-02-27,3.7,0.0,0.0
114,盔林,2023-02-28,5.2,0.9,0.1
114,盔林,2023-03-01,6.1,5.0,4.1
114,盔林,2023-03-02,2.5,0.8,0.0
114,盔林,2023-03-03,3.5,1.1,0.0
114,盔林,2023-03-04,6.2,3.4,0.5
114,盔林,2023-03-05,7.0,0.3,0.0
114,盔林,2023-03-06,7.5,1.5,0.0
114,盔林,2023-03-07,10.7,0.5,0.0
114,盔林,2023-03-08,11.3,5.6,0.6
114,盔林,2023-03-09,12.8,5.3,3.8
114,盔林,2023-03-10,12.9,0.6,0.0
114,盔林,2023-03-11,15.3,5.3,1.0
114,盔林,2023-03-12,6.6,6.8,2.0
114,盔林,2023-03-13,3.1,4.9,2.0
114,盔林,2023-03-14,7.9,4.3,3.1
114,盔林,2023-03-15,9.9,5.4,3.4
114,盔林,2023-03-16,5.7,6.0,0.4
114,盔林,2023-03-17,6.7,7.9,1.0
114,盔林,2023-03-18,8.5,3.0,0.6
114,盔林,2023-03-19,7.9,0.0,0.0
114,盔林,2023-03-20,8.6,5.5,0.9
114,盔林,2023-03-21,11.7,0.8,0.6
114,盔林,2023-03-22,16.6,4.6,2.1
114,盔林,2023-03-23,16.0,8.1,2.4
114,盔林,2023-03-24,13.2,8.9,7.0
114,盔林,2023-03-25,12.1,5.9,3.5
114,盔林,2023-03-26,10.9,2.9,2.4
114,盔林,2023-03-27,7.2,0.3,0.0
114,盔林,2023-03-28,8.7,2.4,0.1
114,盔林,2023-03-29,11.3,0.8,0.0
114,盔林,2023-03-30,13.2,2.9,0.0
114,盔林,2023-03-31,14.4,0.0,0.0
114,盔林,2023-04-01,16.8,2.6,0.3
114,盔林,2023-04-02,16.9,0.1,0.0
114,盔林,2023-04-03,17.3,1.9,0.0
114,盔林,2023-04-04,16.9,9.1,2.4
114,盔林,2023-04-05,13.5,9.9,5.9
114,盔林,2023-04-06,9.4,9.9,7.4
114,盔林,2023-04-07,9.0,4.5,1.6
114,盔林,2023-04-08,8.4,1.5,0.4
114,盔林,2023-04-09,10.3,0.0,0.0
114,盔林,2023-04-10,12.5,1.8,0.0
114,盔林,2023-04-11,14.1,7.6,5.4
114,盔林,2023-04-12,10.2,0.0,0.0
114,盔林,2023-04-13,11.2,1.8,0.0
114,盔林,2023-04-14,15.7,6.5,1.6
114,盔林,2023-04-15,12.5,8.0,3.8
114,盔林,2023-04-16,10.8,5.5,2.1
114,盔林,2023-04-17,11.6,4.4,2.4
114,盔林,2023-04-18,12.7,8.4,5.6
114,盔林,2023-04-19,19.1,2.4,2.1
114,盔林,2023-04-20,18.0,7.4,6.5
114,盔林,2023-04-21,17.3,6.6,2.8
114,盔林,2023-04-22,15.2,7.8,4.4
114,盔林,2023-04-23,14.2,8.3,3.1
114,盔林,2023-04-24,15.2,6.3,1.8
114,盔林,2023-04-25,9.2,8.0,3.1
114,盔林,2023-04-26,9.6,5.9,4.3
114,盔林,2023-04-27,,2.6,
114,盔林,2023-04-28,15.6,3.3,1.0
114,盔林,2023-04-29,13.6,7.8,3.9
114,盔林,2023-04-30,13.3,7.5,3.3
114,盔林,2023-05-01,14.3,3.1,2.0
114,盔林,2023-05-02,15.6,6.3,0.3
114,盔林,2023-05-03,18.5,5.5,1.3
114,盔林,2023-05-04,20.1,5.6,2.0
114,盔林,2023-05-05,19.1,9.8,6.4
114,盔林,2023-05-06,12.1,9.1,4.0
114,盔林,2023-05-07,11.8,7.4,2.3
114,盔林,2023-05-08,13.5,1.3,0.0
114,盔林,2023-05-09,16.3,1.0,0.0
114,盔林,2023-05-10,17.0,2.6,0.0
114,盔林,2023-05-11,18.4,2.8,0.0
114,盔林,2023-05-12,18.2,6.8,0.4
114,盔林,2023-05-13,18.2,4.3,1.0
114,盔林,2023-05-14,17.6,2.3,0.6
114,盔林,2023-05-15,19.6,2.8,0.0
114,盔林,2023-05-16,22.4,2.6,0.0
114,盔林,2023-05-17,22.8,4.9,0.1
114,盔林,2023-05-18,20.5,8.3,3.3
114,盔林,2023-05-19,20.3,4.4,3.1
114,盔林,2023-05-20,20.5,4.8,1.8
114,盔林,2023-05-21,18.7,7.4,4.0
114,盔林,2023-05-22,17.9,7.8,1.8
114,盔林,2023-05-23,18.3,1.0,0.0
114,盔林,2023-05-24,19.2,6.0,0.9
114,盔林,2023-05-25,21.1,5.0,2.9
114,盔林,2023-05-26,20.9,7.0,0.9
114,盔林,2023-05-27,18.3,9.1,2.6
114,盔林,2023-05-28,19.3,9.8,3.3
114,盔林,2023-05-29,21.6,7.6,3.3
114,盔林,2023-05-30,22.2,7.5,6.3
114,盔林,2023-05-31,21.8,5.9,3.8
114,盔林,2023-06-01,22.0,9.1,5.0
114,盔林,2023-06-02,22.2,5.8,3.3
114,盔林,2023-06-03,22.1,2.8,0.1
114,盔林,2023-06-04,21.3,3.1,0.1
114,盔林,2023-06-05,20.9,4.5,0.1
114,盔林,2023-06-06,20.3,5.1,1.5
114,盔林,2023-06-07,20.9,6.8,4.6
114,盔林,2023-06-08,22.0,8.3,2.6
114,盔林,2023-06-09,21.8,3.3,2.1
114,盔林,2023-06-10,22.1,8.0,1.6
114,盔林,2023-06-11,20.5,6.3,2.9
114,盔林,2023-06-12,22.5,6.9,2.8
114,盔林,2023-06-13,22.5,3.1,1.3
114,盔林,2023-06-14,21.6,5.0,1.1
114,盔林,2023-06-15,21.6,4.5,1.3
114,盔林,2023-06-16,23.7,2.0,0.0
114,盔林,2023-06-17,24.7,4.3,0.1
114,盔林,2023-06-18,25.8,4.0,0.0
114,盔林,2023-06-19,27.3,3.4,0.1
114,盔林,2023-06-20,24.8,8.0,2.6
114,盔林,2023-06-21,20.4,6.9,3.1
114,盔林,2023-06-22,21.9,6.9,4.8
114,盔林,2023-06-23,24.2,3.4,1.3
114,盔林,2023-06-24,25.4,2.4,0.5
114,盔林,2023-06-25,26.6,5.9,2.4
114,盔林,2023-06-26,23.8,9.9,5.3
114,盔林,2023-06-27,24.8,6.6,5.3
114,盔林,2023-06-28,25.6,7.6,4.9
114,盔林,2023-06-29,24.0,9.3,5.6
114,盔林,2023-06-30,25.0,7.0,4.1
114,盔林,2023-07-01,27.9,1.8,1.4
114,盔林,2023-07-02,26.7,6.0,0.9
114,盔林,2023-07-03,27.9,4.0,1.1
114,盔林,2023-07-04,25.7,8.0,4.6
114,盔林,2023-07-05,24.3,6.1,4.8
114,盔林,2023-07-06,26.8,5.9,1.1
114,盔林,2023-07-07,24.5,8.1,5.9
114,盔林,2023-07-08,25.0,6.3,4.3
114,盔林,2023-07-09,24.5,8.0,4.3
114,盔林,2023-07-10,26.3,7.5,3.3
114,盔林,2023-07-11,23.1,8.9,7.1
114,盔林,2023-07-12,24.8,8.1,2.6
114,盔林,2023-07-13,24.4,10.0,2.0
114,盔林,2023-07-14,24.3,9.6,6.4
114,盔林,2023-07-15,23.7,8.9,5.6
114,盔林,2023-07-16,24.4,9.0,4.1
114,盔林,2023-07-17,24.8,9.3,5.6
114,盔林,2023-07-18,23.2,8.8,2.1
114,盔林,2023-07-19,25.5,1.8,1.3
114,盔林,2023-07-20,26.7,4.8,2.4
114,盔林,2023-07-21,27.1,4.0,1.1
114,盔林,2023-07-22,26.8,4.4,1.4
114,盔林,2023-07-23,25.5,9.8,3.0
114,盔林,2023-07-24,26.0,7.8,3.1
114,盔林,2023-07-25,27.0,8.0,2.8
114,盔林,2023-07-26,25.9,8.1,3.5
114,盔林,2023-07-27,27.3,4.8,2.0
114,盔林,2023-07-28,28.6,3.3,0.9
114,盔林,2023-07-29,29.1,4.0,0.9
114,盔林,2023-07-30,28.5,5.4,1.5
114,盔林,2023-07-31,26.7,7.5,3.8
114,盔林,2023-08-01,28.1,4.9,2.4
114,盔林,2023-08-02,28.2,6.1,0.5
114,盔林,2023-08-03,28.0,3.9,0.1
114,盔林,2023-08-04,28.4,5.9,2.0
114,盔林,2023-08-05,29.2,4.6,2.0
114,盔林,2023-08-06,28.1,6.4,4.5
114,盔林,2023-08-07,29.0,5.5,2.4
114,盔林,2023-08-08,28.6,5.3,3.8
114,盔林,2023-08-09,26.1,9.1,3.3
114,盔林,2023-08-10,22.0,8.6,3.1
114,盔林,2023-08-11,24.9,7.3,3.5
114,盔林,2023-08-12,23.9,7.3,4.3
114,盔林,2023-08-13,26.2,8.5,2.8
114,盔林,2023-08-14,27.7,4.0,1.8
114,盔林,2023-08-15,27.5,5.9,1.1
114,盔林,2023-08-16,27.1,5.4,1.1
114,盔林,2023-08-17,27.2,5.5,1.8
114,盔林,2023-08-18,28.4,5.9,2.4
114,盔林,2023-08-19,28.8,5.5,2.5
114,盔林,2023-08-20,28.5,6.1,1.3
114,盔林,2023-08-21,29.0,6.8,4.0
114,盔林,2023-08-22,28.0,5.9,1.8
114,盔林,2023-08-23,26.6,8.6,4.9
114,盔林,2023-08-24,24.8,9.8,5.3
114,盔林,2023-08-25,26.2,5.1,2.9
114,盔林,2023-08-26,25.8,5.9,2.9
114,盔林,2023-08-27,25.3,7.0,3.5
114,盔林,2023-08-28,25.0,10.0,2.9
114,盔林,2023-08-29,25.7,9.8,6.3
114,盔林,2023-08-30,21.4,8.4,5.1
114,盔林,2023-08-31,22.5,6.3,3.8
114,盔林,2023-09-01,22.7,2.9,1.6
114,盔林,2023-09-02,24.3,3.5,0.6
114,盔林,2023-09-03,25.9,7.0,3.9
114,盔林,2023-09-04,26.5,9.0,3.8
114,盔林,2023-09-05,26.7,7.0,6.0
114,盔林,2023-09-06,26.1,2.8,1.0
114,盔林,2023-09-07,23.6,0.6,0.0
114,盔林,2023-09-08,23.0,0.0,0.0
114,盔林,2023-09-09,24.1,1.4,0.6
114,盔林,2023-09-10,25.0,4.1,1.1
114,盔林,2023-09-11,25.1,5.6,2.1
114,盔林,2023-09-12,25.1,7.0,1.0
114,盔林,2023-09-13,21.0,10.0,2.8
114,盔林,2023-09-14,21.8,9.5,3.6
114,盔林,2023-09-15,21.5,10.0,3.6
114,盔林,2023-09-16,23.6,9.4,3.8
114,盔林,2023-09-17,24.7,8.4,3.3
114,盔林,2023-09-18,25.1,6.0,3.0
114,盔林,2023-09-19,23.2,7.9,2.6
114,盔林,2023-09-20,20.4,8.0,3.0
114,盔林,2023-09-21,19.9,7.3,3.8
114,盔林,2023-09-22,18.3,2.6,1.8
114,盔林,2023-09-23,19.6,3.9,0.8
114,盔林,2023-09-24,20.0,4.9,2.1
114,盔林,2023-09-25,21.4,8.3,3.9
114,盔林,2023-09-26,20.2,7.6,1.4
114,盔林,2023-09-27,21.0,7.8,6.3
114,盔林,2023-09-28,22.1,4.3,2.5
114,盔林,2023-09-29,19.9,6.6,2.3
114,盔林,2023-09-30,18.8,7.3,5.3
114,盔林,2023-10-01,17.4,1.1,0.3
114,盔林,2023-10-02,15.9,2.6,0.0
114,盔林,2023-10-03,15.0,4.1,2.4
114,盔林,2023-10-04,15.8,7.3,2.4
114,盔林,2023-10-05,13.4,2.1,0.0
114,盔林,2023-10-06,13.3,5.8,2.0
114,盔林,2023-10-07,15.4,8.3,0.6
114,盔林,2023-10-08,16.3,8.9,5.9
114,盔林,2023-10-09,15.9,7.5,4.5
114,盔林,2023-10-10,16.0,3.8,3.0
114,盔林,2023-10-11,15.1,2.4,0.1
114,盔林,2023-10-12,15.6,2.9,0.9
114,盔林,2023-10-13,15.7,6.9,2.0
114,盔林,2023-10-14,13.7,7.0,2.5
114,盔林,2023-10-15,14.5,6.6,4.4
114,盔林,2023-10-16,14.7,3.1,1.1
114,盔林,2023-10-17,11.8,0.1,0.0
114,盔林,2023-10-18,13.2,5.6,0.4
114,盔林,2023-10-19,13.3,8.1,4.0
114,盔林,2023-10-20,12.4,2.5,0.6
114,盔林,2023-10-21,8.5,2.1,1.8
114,盔林,2023-10-22,10.1,3.1,0.5
114,盔林,2023-10-23,13.6,5.1,3.0
114,盔林,2023-10-24,13.4,5.9,1.6
114,盔林,2023-10-25,14.0,3.8,2.6
114,盔林,2023-10-26,14.7,7.3,2.5
114,盔林,2023-10-27,13.3,4.0,3.1
114,盔林,2023-10-28,11.7,2.8,0.8
114,盔林,2023-10-29,12.2,0.9,0.0
114,盔林,2023-10-30,12.2,1.8,0.0
114,盔林,2023-10-31,12.3,2.9,1.1
114,盔林,2023-11-01,15.9,8.8,6.5
114,盔林,2023-11-02,19.1,3.4,1.5
114,盔林,2023-11-03,19.1,7.4,3.4
114,盔林,2023-11-04,18.1,7.0,4.3
114,盔林,2023-11-05,18.2,8.8,3.4
114,盔林,2023-11-06,15.5,8.8,5.1
114,盔林,2023-11-07,7.2,1.5,1.1
114,盔林,2023-11-08,7.5,1.3,0.0
114,盔林,2023-11-09,11.8,6.1,5.5
114,盔林,2023-11-10,7.3,2.0,0.1
114,盔林,2023-11-11,3.0,3.5,1.1
114,盔林,2023-11-12,1.8,0.0,0.0
114,盔林,2023-11-13,1.8,0.5,0.0
114,盔林,2023-11-14,3.7,2.6,0.8
114,盔林,2023-11-15,5.2,1.5,0.0
114,盔林,2023-11-16,5.2,8.8,6.4
114,盔林,2023-11-17,3.5,4.0,2.6
114,盔林,2023-11-18,1.1,0.6,0.0
114,盔林,2023-11-19,6.1,4.1,3.4
114,盔林,2023-11-20,4.8,0.0,0.0
114,盔林,2023-11-21,5.4,0.0,0.0
114,盔林,2023-11-22,6.8,3.4,1.4
114,盔林,2023-11-23,11.0,3.0,1.4
114,盔林,2023-11-24,0.6,0.6,0.0
114,盔林,2023-11-25,-1.0,0.5,0.4
114,盔林,2023-11-26,3.4,4.1,3.0
114,盔林,2023-11-27,5.3,7.3,5.0
114,盔林,2023-11-28,3.2,4.0,2.1
114,盔林,2023-11-29,0.7,4.1,2.9
114,盔林,2023-11-30,-3.1,0.0,0.0
114,盔林,2023-12-01,-2.8,0.0,0.0
114,盔林,2023-12-02,0.6,6.3,4.0
114,盔林,2023-12-03,1.3,0.0,0.0
114,盔林,2023-12-04,0.4,0.8,0.0
114,盔林,2023-12-05,2.6,0.9,0.0
114,盔林,2023-12-06,4.7,5.6,2.1
114,盔林,2023-12-07,6.1,1.6,0.9
114,盔林,2023-12-08,10.3,1.3,0.8
114,盔林,2023-12-09,13.2,7.1,4.9
114,盔林,2023-12-10,11.7,8.4,4.9
114,盔林,2023-12-11,11.0,8.5,6.3
114,盔林,2023-12-12,6.4,4.3,2.6
114,盔林,2023-12-13,6.6,7.0,5.4
114,盔林,2023-12-14,8.5,9.5,5.6
114,盔林,2023-12-15,5.6,9.5,6.9
114,盔林,2023-12-16,-1.6,6.3,5.1
114,盔林,2023-12-17,-8.0,0.0,0.0
114,盔林,2023-12-18,-6.7,8.3,3.5
114,盔林,2023-12-19,-2.4,7.6,6.5
114,盔林,2023-12-20,-5.3,4.9,2.8
114,盔林,2023-12-21,-9.5,0.0,0.0
114,盔林,2023-12-22,-10.0,0.0,0.0
114,盔林,2023-12-23,-7.7,1.6,0.5
114,盔林,2023-12-24,-3.7,5.4,2.5
114,盔林,2023-12-25,-2.2,5.6,4.3
114,盔林,2023-12-26,0.8,5.9,3.9
114,盔林,2023-12-27,0.0,0.0,0.0
114,盔林,2023-12-28,0.7,2.1,1.3
114,盔林,2023-12-29,-0.4,1.5,0.0
114,盔林,2023-12-30,-0.3,6.8,3.0
114,盔林,2023-12-31,2.3,4.8,
114,盔林,2024-01-01,3.3,3.9,3.8
