¡ˆ¡°,¡ˆ¡°∏Ì,¿œΩ√,∆Ú±’±‚ø¬(°∆C),∆Ú±’ ¿¸øÓ∑Æ(1/10),∆Ú±’ ¡ﬂ«œ√˛øÓ∑Æ(1/10)
101,√·√µ,2017-01-01,-0.4,,
101,√·√µ,2017-01-02,2.8,,
101,√·√µ,2017-01-03,0.6,,
101,√·√µ,2017-01-04,1.0,,
101,√·√µ,2017-01-05,2.1,,
101,√·√µ,2017-01-06,3.1,,
101,√·√µ,2017-01-07,0.8,,
101,√·√µ,2017-01-08,5.1,,
101,√·√µ,2017-01-09,3.4,,
101,√·√µ,2017-01-10,-2.7,,
101,√·√µ,2017-01-11,-4.1,,
101,√·√µ,2017-01-12,-2.1,,
101,√·√µ,2017-01-13,-4.8,,
101,√·√µ,2017-01-14,-9.0,,
101,√·√µ,2017-01-15,-8.9,,
101,√·√µ,2017-01-16,-6.6,,
101,√·√µ,2017-01-17,-4.7,,
101,√·√µ,2017-01-18,-3.2,,
101,√·√µ,2017-01-19,-2.4,,
101,√·√µ,2017-01-20,-2.5,,
101,√·√µ,2017-01-21,-5.7,,
101,√·√µ,2017-01-22,-7.1,,
101,√·√µ,2017-01-23,-10.0,,
101,√·√µ,2017-01-24,-9.0,,
101,√·√µ,2017-01-25,-7.7,,
101,√·√µ,2017-01-26,-4.2,,
101,√·√µ,2017-01-27,-1.6,,
101,√·√µ,2017-01-28,-5.0,,
101,√·√µ,2017-01-29,-0.2,,
101,√·√µ,2017-01-30,-2.3,,
101,√·√µ,2017-01-31,-7.5,,
101,√·√µ,2017-02-01,-6.0,,
101,√·√µ,2017-02-02,-5.8,,
101,√·√µ,2017-02-03,-2.5,,
101,√·√µ,2017-02-04,-2.1,,
101,√·√µ,2017-02-05,1.3,,
101,√·√µ,2017-02-06,-1.4,,
101,√·√µ,2017-02-07,-3.5,,
101,√·√µ,2017-02-08,-2.1,,
101,√·√µ,2017-02-09,-4.6,,
101,√·√µ,2017-02-10,-6.3,,
101,√·√µ,2017-02-11,-6.3,,
101,√·√µ,2017-02-12,-4.0,,
101,√·√µ,2017-02-13,-2.5,,
101,√·√µ,2017-02-14,-1.4,,
101,√·√µ,2017-02-15,-0.2,,
101,√·√µ,2017-02-16,3.5,,
101,√·√µ,2017-02-17,4.7,,
101,√·√µ,2017-02-18,-1.5,,
101,√·√µ,2017-02-19,-0.7,,
101,√·√µ,2017-02-20,0.0,,
101,√·√µ,2017-02-21,-1.5,,
101,√·√µ,2017-02-22,0.7,,
101,√·√µ,2017-02-23,0.5,,
101,√·√µ,2017-02-24,-1.0,,
101,√·√µ,2017-02-25,1.3,,
101,√·√µ,2017-02-26,1.7,,
101,√·√µ,2017-02-27,1.9,,
101,√·√µ,2017-02-28,3.0,,
101,√·√µ,2017-03-01,4.0,,
101,√·√µ,2017-03-02,3.2,,
101,√·√µ,2017-03-03,2.0,,
101,√·√µ,2017-03-04,3.6,,
101,√·√µ,2017-03-05,4.5,,
101,√·√µ,2017-03-06,1.9,,
101,√·√µ,2017-03-07,0.0,,
101,√·√µ,2017-03-08,0.1,,
101,√·√µ,2017-03-09,3.1,,
101,√·√µ,2017-03-10,3.7,,
101,√·√µ,2017-03-11,5.3,,
101,√·√µ,2017-03-12,7.0,,
101,√·√µ,2017-03-13,6.4,,
101,√·√µ,2017-03-14,4.0,,
101,√·√µ,2017-03-15,3.7,,
101,√·√µ,2017-03-16,4.5,,
101,√·√µ,2017-03-17,6.7,,
101,√·√µ,2017-03-18,9.0,,
101,√·√µ,2017-03-19,8.2,,
101,√·√µ,2017-03-20,7.1,,
101,√·√µ,2017-03-21,4.9,,
101,√·√µ,2017-03-22,6.2,,
101,√·√µ,2017-03-23,7.3,,
101,√·√µ,2017-03-24,6.9,,
101,√·√µ,2017-03-25,4.8,,
101,√·√µ,2017-03-26,6.1,,
101,√·√µ,2017-03-27,4.7,,
101,√·√µ,2017-03-28,4.8,,
101,√·√µ,2017-03-29,6.5,,
101,√·√µ,2017-03-30,9.3,,
101,√·√µ,2017-03-31,7.0,,
101,√·√µ,2017-04-01,7.1,,
101,√·√µ,2017-04-02,7.8,,
101,√·√µ,2017-04-03,10.2,,
101,√·√µ,2017-04-04,12.0,,
101,√·√µ,2017-04-05,10.0,,
101,√·√µ,2017-04-06,12.6,,
101,√·√µ,2017-04-07,16.1,,
101,√·√µ,2017-04-08,16.2,,
101,√·√µ,2017-04-09,13.9,,
101,√·√µ,2017-04-10,14.1,,
101,√·√µ,2017-04-11,15.2,,
101,√·√µ,2017-04-12,11.9,,
101,√·√µ,2017-04-13,12.0,,
101,√·√µ,2017-04-14,13.0,,
101,√·√µ,2017-04-15,16.4,,
101,√·√µ,2017-04-16,17.7,,
101,√·√µ,2017-04-17,14.1,,
101,√·√µ,2017-04-18,11.0,,
101,√·√µ,2017-04-19,13.2,,
101,√·√µ,2017-04-20,12.7,,
101,√·√µ,2017-04-21,12.9,,
101,√·√µ,2017-04-22,14.2,,
101,√·√µ,2017-04-23,14.2,,
101,√·√µ,2017-04-24,14.0,,
101,√·√µ,2017-04-25,17.1,,
101,√·√µ,2017-04-26,15.3,,
101,√·√µ,2017-04-27,12.7,,
101,√·√µ,2017-04-28,14.4,,
101,√·√µ,2017-04-29,15.8,,
101,√·√µ,2017-04-30,18.7,,
101,√·√µ,2017-05-01,20.0,,
101,√·√µ,2017-05-02,19.0,,
101,√·√µ,2017-05-03,20.4,,
101,√·√µ,2017-05-04,20.2,,
101,√·√µ,2017-05-05,22.0,,
101,√·√µ,2017-05-06,15.3,,
101,√·√µ,2017-05-07,17.2,,
101,√·√µ,2017-05-08,18.0,,
101,√·√µ,2017-05-09,16.6,,
101,√·√µ,2017-05-10,16.9,,
101,√·√µ,2017-05-11,18.6,,
101,√·√µ,2017-05-12,17.5,,
101,√·√µ,2017-05-13,16.7,,
101,√·√µ,2017-05-14,16.4,,
101,√·√µ,2017-05-15,15.6,,
101,√·√µ,2017-05-16,16.6,,
101,√·√µ,2017-05-17,18.1,,
101,√·√µ,2017-05-18,20.1,,
101,√·√µ,2017-05-19,20.9,,
101,√·√µ,2017-05-20,21.5,,
101,√·√µ,2017-05-21,21.6,,
101,√·√µ,2017-05-22,21.6,,
101,√·√µ,2017-05-23,18.9,,
101,√·√µ,2017-05-24,21.5,,
101,√·√µ,2017-05-25,18.8,,
101,√·√µ,2017-05-26,16.3,,
101,√·√µ,2017-05-27,19.3,,
101,√·√µ,2017-05-28,20.7,,
101,√·√µ,2017-05-29,23.8,,
101,√·√µ,2017-05-30,22.6,,
101,√·√µ,2017-05-31,20.8,,
101,√·√µ,2017-06-01,21.3,,
101,√·√µ,2017-06-02,20.1,,
101,√·√µ,2017-06-03,20.9,,
101,√·√µ,2017-06-04,20.7,,
101,√·√µ,2017-06-05,21.9,,
101,√·√µ,2017-06-06,18.3,,
101,√·√µ,2017-06-07,17.2,,
101,√·√µ,2017-06-08,20.7,,
101,√·√µ,2017-06-09,20.7,,
101,√·√µ,2017-06-10,21.2,,
101,√·√µ,2017-06-11,20.0,,
101,√·√µ,2017-06-12,20.1,,
101,√·√µ,2017-06-13,18.7,,
101,√·√µ,2017-06-14,21.0,,
101,√·√µ,2017-06-15,23.5,,
101,√·√µ,2017-06-16,24.8,,
101,√·√µ,2017-06-17,25.3,,
101,√·√µ,2017-06-18,25.9,,
101,√·√µ,2017-06-19,25.1,,
101,√·√µ,2017-06-20,26.1,,
101,√·√µ,2017-06-21,25.4,,
101,√·√µ,2017-06-22,24.5,,
101,√·√µ,2017-06-23,26.8,,
101,√·√µ,2017-06-24,24.5,,
101,√·√µ,2017-06-25,22.5,,
101,√·√µ,2017-06-26,23.5,,
101,√·√µ,2017-06-27,24.8,,
101,√·√µ,2017-06-28,25.7,,
101,√·√µ,2017-06-29,26.3,,
101,√·√µ,2017-06-30,26.0,,
101,√·√µ,2017-07-01,25.0,,
101,√·√µ,2017-07-02,24.2,,
101,√·√µ,2017-07-03,24.9,,
101,√·√µ,2017-07-04,27.1,,
101,√·√µ,2017-07-05,27.2,,
101,√·√µ,2017-07-06,27.3,,
101,√·√µ,2017-07-07,26.5,,
101,√·√µ,2017-07-08,26.2,,
101,√·√µ,2017-07-09,27.3,,
101,√·√µ,2017-07-10,24.5,,
101,√·√µ,2017-07-11,26.2,,
101,√·√µ,2017-07-12,27.3,,
101,√·√µ,2017-07-13,27.2,,
101,√·√µ,2017-07-14,27.0,,
101,√·√µ,2017-07-15,25.6,,
101,√·√µ,2017-07-16,26.1,,
101,√·√µ,2017-07-17,27.1,,
101,√·√µ,2017-07-18,27.0,,
101,√·√µ,2017-07-19,28.1,,
101,√·√µ,2017-07-20,29.5,,
101,√·√µ,2017-07-21,29.5,,
101,√·√µ,2017-07-22,27.3,,
101,√·√µ,2017-07-23,26.3,,
101,√·√µ,2017-07-24,26.6,,
101,√·√µ,2017-07-25,27.8,,
101,√·√µ,2017-07-26,26.9,,
101,√·√µ,2017-07-27,25.7,,
101,√·√µ,2017-07-28,24.6,,
101,√·√µ,2017-07-29,26.1,,
101,√·√µ,2017-07-30,26.4,,
101,√·√µ,2017-07-31,25.1,,
101,√·√µ,2017-08-01,27.9,,
101,√·√µ,2017-08-02,28.8,,
101,√·√µ,2017-08-03,28.5,,
101,√·√µ,2017-08-04,28.4,,
101,√·√µ,2017-08-05,29.6,,
101,√·√µ,2017-08-06,28.6,,
101,√·√µ,2017-08-07,28.6,,
101,√·√µ,2017-08-08,26.6,,
101,√·√µ,2017-08-09,26.0,,
101,√·√µ,2017-08-10,24.0,,
101,√·√µ,2017-08-11,25.3,,
101,√·√µ,2017-08-12,25.4,,
101,√·√µ,2017-08-13,24.7,,
101,√·√µ,2017-08-14,24.0,,
101,√·√µ,2017-08-15,21.8,,
101,√·√µ,2017-08-16,22.7,,
101,√·√µ,2017-08-17,23.2,,
101,√·√µ,2017-08-18,24.7,,
101,√·√µ,2017-08-19,24.6,,
101,√·√µ,2017-08-20,22.9,,
101,√·√µ,2017-08-21,24.2,,
101,√·√µ,2017-08-22,25.8,,
101,√·√µ,2017-08-23,25.1,,
101,√·√µ,2017-08-24,26.1,,
101,√·√µ,2017-08-25,24.1,,
101,√·√µ,2017-08-26,21.1,,
101,√·√µ,2017-08-27,20.2,,
101,√·√µ,2017-08-28,20.2,,
101,√·√µ,2017-08-29,19.9,,
101,√·√µ,2017-08-30,17.5,,
101,√·√µ,2017-08-31,19.5,,
101,√·√µ,2017-09-01,20.4,,
101,√·√µ,2017-09-02,20.9,,
101,√·√µ,2017-09-03,20.9,,
101,√·√µ,2017-09-04,21.6,,
101,√·√µ,2017-09-05,19.7,,
101,√·√µ,2017-09-06,19.8,,
101,√·√µ,2017-09-07,21.7,,
101,√·√µ,2017-09-08,22.1,,
101,√·√µ,2017-09-09,21.5,,
101,√·√µ,2017-09-10,21.9,,
101,√·√µ,2017-09-11,19.8,,
101,√·√µ,2017-09-12,19.6,,
101,√·√µ,2017-09-13,18.5,,
101,√·√µ,2017-09-14,18.8,,
101,√·√µ,2017-09-15,19.4,,
101,√·√µ,2017-09-16,18.9,,
101,√·√µ,2017-09-17,19.9,,
101,√·√µ,2017-09-18,19.2,,
101,√·√µ,2017-09-19,18.2,,
101,√·√µ,2017-09-20,17.2,,
101,√·√µ,2017-09-21,16.5,,
101,√·√µ,2017-09-22,17.6,,
101,√·√µ,2017-09-23,19.3,,
101,√·√µ,2017-09-24,20.4,,
101,√·√µ,2017-09-25,20.1,,
101,√·√µ,2017-09-26,21.1,,
101,√·√µ,2017-09-27,20.6,,
101,√·√µ,2017-09-28,18.6,,
101,√·√µ,2017-09-29,13.5,,
101,√·√µ,2017-09-30,16.3,,
101,√·√µ,2017-10-01,16.4,,
101,√·√µ,2017-10-02,19.5,,
101,√·√µ,2017-10-03,16.7,,
101,√·√µ,2017-10-04,15.1,,
101,√·√µ,2017-10-05,15.9,,
101,√·√µ,2017-10-06,15.8,,
101,√·√µ,2017-10-07,19.8,,
101,√·√µ,2017-10-08,20.9,,
101,√·√µ,2017-10-09,20.3,,
101,√·√µ,2017-10-10,18.9,,
101,√·√µ,2017-10-11,15.4,,
101,√·√µ,2017-10-12,12.1,,
101,√·√µ,2017-10-13,11.3,,
101,√·√µ,2017-10-14,11.1,,
101,√·√µ,2017-10-15,12.9,,
101,√·√µ,2017-10-16,14.5,,
101,√·√µ,2017-10-17,13.6,,
101,√·√µ,2017-10-18,13.9,,
101,√·√µ,2017-10-19,14.7,,
101,√·√µ,2017-10-20,13.3,,
101,√·√µ,2017-10-21,13.4,,
101,√·√µ,2017-10-22,12.3,,
101,√·√µ,2017-10-23,11.8,,
101,√·√µ,2017-10-24,10.3,,
101,√·√µ,2017-10-25,10.1,,
101,√·√µ,2017-10-26,11.3,,
101,√·√µ,2017-10-27,13.6,,
101,√·√µ,2017-10-28,12.9,,
101,√·√µ,2017-10-29,10.3,,
101,√·√µ,2017-10-30,5.4,,
101,√·√µ,2017-10-31,6.7,,
101,√·√µ,2017-11-01,11.0,,
101,√·√µ,2017-11-02,12.9,,
101,√·√µ,2017-11-03,12.8,,
101,√·√µ,2017-11-04,7.4,,
101,√·√µ,2017-11-05,5.2,,
101,√·√µ,2017-11-06,8.2,,
101,√·√µ,2017-11-07,10.7,,
101,√·√µ,2017-11-08,11.7,,
101,√·√µ,2017-11-09,6.4,,
101,√·√µ,2017-11-10,7.1,,
101,√·√µ,2017-11-11,4.6,,
101,√·√µ,2017-11-12,2.8,,
101,√·√µ,2017-11-13,4.7,,
101,√·√µ,2017-11-14,5.6,,
101,√·√µ,2017-11-15,1.9,,
101,√·√µ,2017-11-16,-1.0,,
101,√·√µ,2017-11-17,-0.2,,
101,√·√µ,2017-11-18,-1.0,,
101,√·√µ,2017-11-19,-2.2,,
101,√·√µ,2017-11-20,-2.6,,
101,√·√µ,2017-11-21,-1.0,,
101,√·√µ,2017-11-22,1.4,,
101,√·√µ,2017-11-23,-1.1,,
101,√·√µ,2017-11-24,-1.4,,
101,√·√µ,2017-11-25,-1.0,,
101,√·√µ,2017-11-26,1.6,,
101,√·√µ,2017-11-27,-0.3,,
101,√·√µ,2017-11-28,3.4,,
101,√·√µ,2017-11-29,4.6,,
101,√·√µ,2017-11-30,-1.0,,
101,√·√µ,2017-12-01,-3.6,,
101,√·√µ,2017-12-02,-1.5,,
101,√·√µ,2017-12-03,2.5,,
101,√·√µ,2017-12-04,0.1,,
101,√·√µ,2017-12-05,-5.2,,
101,√·√µ,2017-12-06,-1.8,,
101,√·√µ,2017-12-07,0.6,,
101,√·√µ,2017-12-08,-4.2,,
101,√·√µ,2017-12-09,-3.4,,
101,√·√µ,2017-12-10,-0.9,,
101,√·√µ,2017-12-11,-7.4,,
101,√·√µ,2017-12-12,-11.6,,
101,√·√µ,2017-12-13,-11.5,,
101,√·√µ,2017-12-14,-9.5,,
101,√·√µ,2017-12-15,-6.5,,
101,√·√µ,2017-12-16,-5.8,,
101,√·√µ,2017-12-17,-9.7,,
101,√·√µ,2017-12-18,-5.4,,
101,√·√µ,2017-12-19,-6.2,,
101,√·√µ,2017-12-20,-6.6,,
101,√·√µ,2017-12-21,-3.3,,
101,√·√µ,2017-12-22,-0.6,,
101,√·√µ,2017-12-23,2.7,,
101,√·√µ,2017-12-24,1.2,,
101,√·√µ,2017-12-25,-2.6,,
101,√·√µ,2017-12-26,-5.3,,
101,√·√µ,2017-12-27,-8.8,,
101,√·√µ,2017-12-28,-6.4,,
101,√·√µ,2017-12-29,-0.3,,
101,√·√µ,2017-12-30,-0.5,,
101,√·√µ,2017-12-31,-0.2,,
101,√·√µ,2018-01-01,-4.5,,
101,√·√µ,2018-01-02,-3.5,,
101,√·√µ,2018-01-03,-5.6,,
101,√·√µ,2018-01-04,-6.1,,
101,√·√µ,2018-01-05,-4.2,,
101,√·√µ,2018-01-06,-5.7,,
101,√·√µ,2018-01-07,-4.0,,
101,√·√µ,2018-01-08,0.6,,
101,√·√µ,2018-01-09,-4.1,,
101,√·√µ,2018-01-10,-8.5,,
101,√·√µ,2018-01-11,-11.3,,
101,√·√µ,2018-01-12,-12.2,,
101,√·√µ,2018-01-13,-8.1,,
101,√·√µ,2018-01-14,-3.1,,
101,√·√µ,2018-01-15,3.6,,
101,√·√µ,2018-01-16,0.7,,
101,√·√µ,2018-01-17,3.6,,
101,√·√µ,2018-01-18,1.2,,
101,√·√µ,2018-01-19,-0.9,,
101,√·√µ,2018-01-20,-0.9,,
101,√·√µ,2018-01-21,-2.2,,
101,√·√µ,2018-01-22,-0.9,,
101,√·√µ,2018-01-23,-10.5,,
101,√·√µ,2018-01-24,-14.3,,
101,√·√µ,2018-01-25,-14.8,,
101,√·√µ,2018-01-26,-15.7,,
101,√·√µ,2018-01-27,-12.5,,
101,√·√µ,2018-01-28,-6.2,,
101,√·√µ,2018-01-29,-10.1,,
101,√·√µ,2018-01-30,-7.8,,
101,√·√µ,2018-01-31,-3.5,,
101,√·√µ,2018-02-01,-6.4,,
101,√·√µ,2018-02-02,-5.5,,
101,√·√µ,2018-02-03,-6.7,,
101,√·√µ,2018-02-04,-10.8,,
101,√·√µ,2018-02-05,-10.9,,
101,√·√µ,2018-02-06,-11.6,,
101,√·√µ,2018-02-07,-10.6,,
101,√·√µ,2018-02-08,-7.6,,
101,√·√µ,2018-02-09,-4.3,,
101,√·√µ,2018-02-10,-1.1,,
101,√·√µ,2018-02-11,-5.6,,
101,√·√µ,2018-02-12,-5.7,,
101,√·√µ,2018-02-13,-2.3,,
101,√·√µ,2018-02-14,3.6,,
101,√·√µ,2018-02-15,-0.5,,
101,√·√µ,2018-02-16,-1.7,,
101,√·√µ,2018-02-17,-2.1,,
101,√·√µ,2018-02-18,-0.9,,
101,√·√µ,2018-02-19,-0.5,,
101,√·√µ,2018-02-20,-0.6,,
101,√·√µ,2018-02-21,-2.5,,
101,√·√µ,2018-02-22,-0.4,,
101,√·√µ,2018-02-23,1.9,,
101,√·√µ,2018-02-24,2.4,,
101,√·√µ,2018-02-25,1.5,,
101,√·√µ,2018-02-26,1.3,,
101,√·√µ,2018-02-27,0.6,,
101,√·√µ,2018-02-28,3.0,,
101,√·√µ,2018-03-01,1.1,,
101,√·√µ,2018-03-02,-1.5,,
101,√·√µ,2018-03-03,6.5,,
101,√·√µ,2018-03-04,8.5,,
101,√·√µ,2018-03-05,2.9,,
101,√·√µ,2018-03-06,2.4,,
101,√·√µ,2018-03-07,4.6,,
101,√·√µ,2018-03-08,4.9,,
101,√·√µ,2018-03-09,5.0,,
101,√·√µ,2018-03-10,4.2,,
101,√·√µ,2018-03-11,5.4,,
101,√·√µ,2018-03-12,5.9,,
101,√·√µ,2018-03-13,10.4,,
101,√·√µ,2018-03-14,14.2,,
101,√·√µ,2018-03-15,11.8,,
101,√·√µ,2018-03-16,3.4,,
101,√·√µ,2018-03-17,4.6,,
101,√·√µ,2018-03-18,6.8,,
101,√·√µ,2018-03-19,6.8,,
101,√·√µ,2018-03-20,2.9,,
101,√·√µ,2018-03-21,2.5,,
101,√·√µ,2018-03-22,6.1,,
101,√·√µ,2018-03-23,6.3,,
101,√·√µ,2018-03-24,8.7,,
101,√·√µ,2018-03-25,9.7,,
101,√·√µ,2018-03-26,10.9,,
101,√·√µ,2018-03-27,12.7,,
101,√·√µ,2018-03-28,14.4,,
101,√·√µ,2018-03-29,15.1,,
101,√·√µ,2018-03-30,14.5,,
101,√·√µ,2018-03-31,13.9,,
101,√·√µ,2018-04-01,15.0,,
101,√·√µ,2018-04-02,18.6,,
101,√·√µ,2018-04-03,18.3,,
101,√·√µ,2018-04-04,9.8,,
101,√·√µ,2018-04-05,6.3,,
101,√·√µ,2018-04-06,6.6,,
101,√·√µ,2018-04-07,4.6,,
101,√·√µ,2018-04-08,2.4,,
101,√·√µ,2018-04-09,6.1,,
101,√·√µ,2018-04-10,13.2,,
101,√·√µ,2018-04-11,13.8,,
101,√·√µ,2018-04-12,12.5,,
101,√·√µ,2018-04-13,12.8,,
101,√·√µ,2018-04-14,9.2,,
101,√·√µ,2018-04-15,9.9,,
101,√·√µ,2018-04-16,10.7,,
101,√·√µ,2018-04-17,12.4,,
101,√·√µ,2018-04-18,13.2,,
101,√·√µ,2018-04-19,14.7,,
101,√·√µ,2018-04-20,17.9,,
101,√·√µ,2018-04-21,18.4,,
101,√·√µ,2018-04-22,13.9,,
101,√·√µ,2018-04-23,9.0,,
101,√·√µ,2018-04-24,10.4,,
101,√·√µ,2018-04-25,12.4,,
101,√·√µ,2018-04-26,15.4,,
101,√·√µ,2018-04-27,15.7,,
101,√·√µ,2018-04-28,16.1,,
101,√·√µ,2018-04-29,15.9,,
101,√·√µ,2018-04-30,18.2,,
101,√·√µ,2018-05-01,19.7,,
101,√·√µ,2018-05-02,13.4,,
101,√·√µ,2018-05-03,9.2,,
101,√·√µ,2018-05-04,13.7,,
101,√·√µ,2018-05-05,18.7,,
101,√·√µ,2018-05-06,16.1,,
101,√·√µ,2018-05-07,17.6,,
101,√·√µ,2018-05-08,15.0,,
101,√·√µ,2018-05-09,13.6,,
101,√·√µ,2018-05-10,15.8,,
101,√·√µ,2018-05-11,16.4,,
101,√·√µ,2018-05-12,13.3,,
101,√·√µ,2018-05-13,17.6,,
101,√·√µ,2018-05-14,18.7,,
101,√·√µ,2018-05-15,22.2,,
101,√·√µ,2018-05-16,21.3,,
101,√·√µ,2018-05-17,20.2,,
101,√·√µ,2018-05-18,13.7,,
101,√·√µ,2018-05-19,15.5,,
101,√·√µ,2018-05-20,15.4,,
101,√·√µ,2018-05-21,17.0,,
101,√·√µ,2018-05-22,17.7,,
101,√·√µ,2018-05-23,18.9,,
101,√·√µ,2018-05-24,18.6,,
101,√·√µ,2018-05-25,19.5,,
101,√·√µ,2018-05-26,21.3,,
101,√·√µ,2018-05-27,20.8,,
101,√·√µ,2018-05-28,21.5,,
101,√·√µ,2018-05-29,22.9,,
101,√·√µ,2018-05-30,21.7,,
101,√·√µ,2018-05-31,21.1,,
101,√·√µ,2018-06-01,23.5,,
101,√·√µ,2018-06-02,24.0,,
101,√·√µ,2018-06-03,22.4,,
101,√·√µ,2018-06-04,22.1,,
101,√·√µ,2018-06-05,23.7,,
101,√·√µ,2018-06-06,24.0,,
101,√·√µ,2018-06-07,24.1,,
101,√·√µ,2018-06-08,22.9,,
101,√·√µ,2018-06-09,22.1,,
101,√·√µ,2018-06-10,20.2,,
101,√·√µ,2018-06-11,19.9,,
101,√·√µ,2018-06-12,21.5,,
101,√·√µ,2018-06-13,21.7,,
101,√·√µ,2018-06-14,20.1,,
101,√·√µ,2018-06-15,19.6,,
101,√·√µ,2018-06-16,21.2,,
101,√·√µ,2018-06-17,22.3,,
101,√·√µ,2018-06-18,24.4,,
101,√·√µ,2018-06-19,23.0,,
101,√·√µ,2018-06-20,24.4,,
101,√·√µ,2018-06-21,23.8,,
101,√·√µ,2018-06-22,25.1,,
101,√·√µ,2018-06-23,24.7,,
101,√·√µ,2018-06-24,26.4,,
101,√·√µ,2018-06-25,26.5,,
101,√·√µ,2018-06-26,22.4,,
101,√·√µ,2018-06-27,23.7,,
101,√·√µ,2018-06-28,23.6,,
101,√·√µ,2018-06-29,24.5,,
101,√·√µ,2018-06-30,24.8,,
101,√·√µ,2018-07-01,22.1,,
101,√·√µ,2018-07-02,21.8,,
101,√·√µ,2018-07-03,25.6,,
101,√·√µ,2018-07-04,26.5,,
101,√·√µ,2018-07-05,23.6,,
101,√·√µ,2018-07-06,21.9,,
101,√·√µ,2018-07-07,20.4,,
101,√·√µ,2018-07-08,20.7,,
101,√·√µ,2018-07-09,19.6,,
101,√·√µ,2018-07-10,22.0,,
101,√·√µ,2018-07-11,25.2,,
101,√·√µ,2018-07-12,26.6,,
101,√·√µ,2018-07-13,26.9,,
101,√·√µ,2018-07-14,27.5,,
101,√·√µ,2018-07-15,27.8,,
101,√·√µ,2018-07-16,27.8,,
101,√·√µ,2018-07-17,27.3,,
101,√·√µ,2018-07-18,27.5,,
101,√·√µ,2018-07-19,28.1,,
101,√·√µ,2018-07-20,28.2,,
101,√·√µ,2018-07-21,28.8,,
101,√·√µ,2018-07-22,29.1,,
101,√·√µ,2018-07-23,29.8,,
101,√·√µ,2018-07-24,31.0,,
101,√·√µ,2018-07-25,30.3,,
101,√·√µ,2018-07-26,29.9,,
101,√·√µ,2018-07-27,30.7,,
101,√·√µ,2018-07-28,30.6,,
101,√·√µ,2018-07-29,29.8,,
101,√·√µ,2018-07-30,30.1,,
101,√·√µ,2018-07-31,29.8,,
101,√·√µ,2018-08-01,31.5,,
101,√·√µ,2018-08-02,32.2,,
101,√·√µ,2018-08-03,32.8,,
101,√·√µ,2018-08-04,31.6,,
101,√·√µ,2018-08-05,30.2,,
101,√·√µ,2018-08-06,29.5,,
101,√·√µ,2018-08-07,29.6,,
101,√·√µ,2018-08-08,28.8,,
101,√·√µ,2018-08-09,27.8,,
101,√·√µ,2018-08-10,28.7,,
101,√·√µ,2018-08-11,28.7,,
101,√·√µ,2018-08-12,28.9,,
101,√·√µ,2018-08-13,29.7,,
101,√·√µ,2018-08-14,30.5,,
101,√·√µ,2018-08-15,28.8,,
101,√·√µ,2018-08-16,26.1,,
101,√·√µ,2018-08-17,23.5,,
101,√·√µ,2018-08-18,23.5,,
101,√·√µ,2018-08-19,25.2,,
101,√·√µ,2018-08-20,27.0,,
101,√·√µ,2018-08-21,26.7,,
101,√·√µ,2018-08-22,28.4,,
101,√·√µ,2018-08-23,27.4,,
101,√·√µ,2018-08-24,24.1,,
101,√·√µ,2018-08-25,24.9,,
101,√·√µ,2018-08-26,22.9,,
101,√·√µ,2018-08-27,22.2,,
101,√·√µ,2018-08-28,23.9,,
101,√·√µ,2018-08-29,21.9,,
101,√·√µ,2018-08-30,25.1,,
101,√·√µ,2018-08-31,24.6,,
101,√·√µ,2018-09-01,23.4,,
101,√·√µ,2018-09-02,22.5,,
101,√·√µ,2018-09-03,22.5,,
101,√·√µ,2018-09-04,23.1,,
101,√·√µ,2018-09-05,22.9,,
101,√·√µ,2018-09-06,21.2,,
101,√·√µ,2018-09-07,21.3,,
101,√·√µ,2018-09-08,18.9,,
101,√·√µ,2018-09-09,19.9,,
101,√·√µ,2018-09-10,19.7,,
101,√·√µ,2018-09-11,18.8,,
101,√·√µ,2018-09-12,20.2,,
101,√·√µ,2018-09-13,20.6,,
101,√·√µ,2018-09-14,21.6,,
101,√·√µ,2018-09-15,22.6,,
101,√·√µ,2018-09-16,22.5,,
101,√·√µ,2018-09-17,21.7,,
101,√·√µ,2018-09-18,20.0,,
101,√·√µ,2018-09-19,19.8,,
101,√·√µ,2018-09-20,18.2,,
101,√·√µ,2018-09-21,18.5,,
101,√·√µ,2018-09-22,19.9,,
101,√·√µ,2018-09-23,16.7,,
101,√·√µ,2018-09-24,15.3,,
101,√·√µ,2018-09-25,15.4,,
101,√·√µ,2018-09-26,16.8,,
101,√·√µ,2018-09-27,15.7,,
101,√·√µ,2018-09-28,14.4,,
101,√·√µ,2018-09-29,17.5,,
101,√·√µ,2018-09-30,16.5,,
101,√·√µ,2018-10-01,13.7,,
101,√·√µ,2018-10-02,13.4,,
101,√·√µ,2018-10-03,14.2,,
101,√·√µ,2018-10-04,16.8,,
101,√·√µ,2018-10-05,15.8,,
101,√·√µ,2018-10-06,17.4,,
101,√·√µ,2018-10-07,15.8,,
101,√·√µ,2018-10-08,11.9,,
101,√·√µ,2018-10-09,12.9,,
101,√·√µ,2018-10-10,11.7,,
101,√·√µ,2018-10-11,7.8,,
101,√·√µ,2018-10-12,8.5,,
101,√·√µ,2018-10-13,10.0,,
101,√·√µ,2018-10-14,10.6,,
101,√·√µ,2018-10-15,11.6,,
101,√·√µ,2018-10-16,12.0,,
101,√·√µ,2018-10-17,11.5,,
101,√·√µ,2018-10-18,10.5,,
101,√·√µ,2018-10-19,10.7,,
101,√·√µ,2018-10-20,10.2,,
101,√·√µ,2018-10-21,9.8,,
101,√·√µ,2018-10-22,10.8,,
101,√·√µ,2018-10-23,9.0,,
101,√·√µ,2018-10-24,10.5,,
101,√·√µ,2018-10-25,10.0,,
101,√·√µ,2018-10-26,9.9,,
101,√·√µ,2018-10-27,8.2,,
101,√·√µ,2018-10-28,5.8,,
101,√·√µ,2018-10-29,6.2,,
101,√·√µ,2018-10-30,4.9,,
101,√·√µ,2018-10-31,5.3,,
101,√·√µ,2018-11-01,5.1,,
101,√·√µ,2018-11-02,6.5,,
101,√·√µ,2018-11-03,7.3,,
101,√·√µ,2018-11-04,7.3,,
101,√·√µ,2018-11-05,8.7,,
101,√·√µ,2018-11-06,9.9,,
101,√·√µ,2018-11-07,11.2,,
101,√·√µ,2018-11-08,11.5,,
101,√·√µ,2018-11-09,12.2,,
101,√·√µ,2018-11-10,10.9,,
101,√·√µ,2018-11-11,6.4,,
101,√·√µ,2018-11-12,6.8,,
101,√·√µ,2018-11-13,8.0,,
101,√·√µ,2018-11-14,7.4,,
101,√·√µ,2018-11-15,5.7,,
101,√·√µ,2018-11-16,7.6,,
101,√·√µ,2018-11-17,4.4,,
101,√·√µ,2018-11-18,3.7,,
101,√·√µ,2018-11-19,3.8,,
101,√·√µ,2018-11-20,4.1,,
101,√·√µ,2018-11-21,5.6,,
101,√·√µ,2018-11-22,1.0,,
101,√·√µ,2018-11-23,-0.6,,
101,√·√µ,2018-11-24,0.6,,
101,√·√µ,2018-11-25,2.3,,
101,√·√µ,2018-11-26,2.9,,
101,√·√µ,2018-11-27,3.8,,
101,√·√µ,2018-11-28,2.4,,
101,√·√µ,2018-11-29,0.7,,
101,√·√µ,2018-11-30,0.6,,
101,√·√µ,2018-12-01,1.5,,
101,√·√µ,2018-12-02,1.8,,
101,√·√µ,2018-12-03,5.3,,
101,√·√µ,2018-12-04,7.1,,
101,√·√µ,2018-12-05,0.1,,
101,√·√µ,2018-12-06,3.0,,
101,√·√µ,2018-12-07,-6.1,,
101,√·√µ,2018-12-08,-8.2,,
101,√·√µ,2018-12-09,-8.1,,
101,√·√µ,2018-12-10,-6.1,,
101,√·√µ,2018-12-11,-3.3,,
101,√·√µ,2018-12-12,-2.9,,
101,√·√µ,2018-12-13,-4.1,,
101,√·√µ,2018-12-14,-6.8,,
101,√·√µ,2018-12-15,-5.5,,
101,√·√µ,2018-12-16,-2.7,,
101,√·√µ,2018-12-17,-0.3,,
101,√·√µ,2018-12-18,-1.8,,
101,√·√µ,2018-12-19,1.1,,
101,√·√µ,2018-12-20,-1.4,,
101,√·√µ,2018-12-21,0.7,,
101,√·√µ,2018-12-22,2.9,,
101,√·√µ,2018-12-23,2.3,,
101,√·√µ,2018-12-24,-4.1,,
101,√·√µ,2018-12-25,-3.7,,
101,√·√µ,2018-12-26,-1.1,,
101,√·√µ,2018-12-27,-8.8,,
101,√·√µ,2018-12-28,-11.4,,
101,√·√µ,2018-12-29,-9.5,,
101,√·√µ,2018-12-30,-9.4,,
101,√·√µ,2018-12-31,-8.2,,
101,√·√µ,2019-01-01,-7.0,,
101,√·√µ,2019-01-02,-7.5,,
101,√·√µ,2019-01-03,-7.1,,
101,√·√µ,2019-01-04,-4.6,,
101,√·√µ,2019-01-05,-4.3,,
101,√·√µ,2019-01-06,-5.1,,
101,√·√µ,2019-01-07,-5.1,,
101,√·√µ,2019-01-08,-5.2,,
101,√·√µ,2019-01-09,-8.0,,
101,√·√µ,2019-01-10,-3.1,,
101,√·√µ,2019-01-11,-2.5,,
101,√·√µ,2019-01-12,0.1,,
101,√·√µ,2019-01-13,-2.3,,
101,√·√µ,2019-01-14,-2.8,,
101,√·√µ,2019-01-15,-2.6,,
101,√·√µ,2019-01-16,-6.3,,
101,√·√µ,2019-01-17,-2.6,,
101,√·√µ,2019-01-18,-3.2,,
101,√·√µ,2019-01-19,-1.4,,
101,√·√µ,2019-01-20,-1.7,,
101,√·√µ,2019-01-21,-5.5,,
101,√·√µ,2019-01-22,-1.8,,
101,√·√µ,2019-01-23,-1.0,,
101,√·√µ,2019-01-24,-2.9,,
101,√·√µ,2019-01-25,-4.0,,
101,√·√µ,2019-01-26,-4.9,,
101,√·√µ,2019-01-27,-2.7,,
101,√·√µ,2019-01-28,1.0,,
101,√·√µ,2019-01-29,-3.0,,
101,√·√µ,2019-01-30,-0.6,,
101,√·√µ,2019-01-31,-0.8,,
101,√·√µ,2019-02-01,-3.6,,
101,√·√µ,2019-02-02,-1.8,,
101,√·√µ,2019-02-03,1.6,,
101,√·√µ,2019-02-04,0.4,,
101,√·√µ,2019-02-05,-0.6,,
101,√·√µ,2019-02-06,2.2,,
101,√·√µ,2019-02-07,0.6,,
101,√·√µ,2019-02-08,-4.6,,
101,√·√µ,2019-02-09,-3.8,,
101,√·√µ,2019-02-10,-4.5,,
101,√·√µ,2019-02-11,-2.4,,
101,√·√µ,2019-02-12,-2.2,,
101,√·√µ,2019-02-13,-3.4,,
101,√·√µ,2019-02-14,-1.7,,
101,√·√µ,2019-02-15,-0.4,,
101,√·√µ,2019-02-16,-3.3,,
101,√·√µ,2019-02-17,-3.1,,
101,√·√µ,2019-02-18,-0.7,,
101,√·√µ,2019-02-19,1.1,,
101,√·√µ,2019-02-20,1.4,,
101,√·√µ,2019-02-21,0.3,,
101,√·√µ,2019-02-22,1.6,,
101,√·√µ,2019-02-23,3.6,,
101,√·√µ,2019-02-24,4.0,,
101,√·√µ,2019-02-25,3.9,,
101,√·√µ,2019-02-26,3.2,,
101,√·√µ,2019-02-27,7.1,,
101,√·√µ,2019-02-28,4.6,,
101,√·√µ,2019-03-01,4.1,,
101,√·√µ,2019-03-02,5.0,,
101,√·√µ,2019-03-03,6.0,,
101,√·√µ,2019-03-04,8.2,,
101,√·√µ,2019-03-05,6.4,,
101,√·√µ,2019-03-06,6.3,,
101,√·√µ,2019-03-07,6.6,,
101,√·√µ,2019-03-08,5.2,,
101,√·√µ,2019-03-09,4.7,,
101,√·√µ,2019-03-10,6.9,,
101,√·√µ,2019-03-11,5.3,,
101,√·√µ,2019-03-12,3.2,,
101,√·√µ,2019-03-13,2.5,,
101,√·√µ,2019-03-14,1.6,,
101,√·√µ,2019-03-15,2.5,,
101,√·√µ,2019-03-16,3.4,,
101,√·√µ,2019-03-17,4.0,,
101,√·√µ,2019-03-18,6.0,,
101,√·√µ,2019-03-19,8.7,,
101,√·√µ,2019-03-20,8.5,,
101,√·√µ,2019-03-21,8.1,,
101,√·√µ,2019-03-22,3.4,,
101,√·√µ,2019-03-23,1.9,,
101,√·√µ,2019-03-24,3.6,,
101,√·√µ,2019-03-25,4.5,,
101,√·√µ,2019-03-26,8.9,,
101,√·√µ,2019-03-27,10.8,,
101,√·√µ,2019-03-28,10.8,,
101,√·√µ,2019-03-29,10.5,,
101,√·√µ,2019-03-30,5.1,,
101,√·√µ,2019-03-31,2.8,,
101,√·√µ,2019-04-01,3.5,,
101,√·√µ,2019-04-02,5.2,,
101,√·√µ,2019-04-03,6.6,,
101,√·√µ,2019-04-04,8.6,,
101,√·√µ,2019-04-05,12.3,,
101,√·√µ,2019-04-06,8.1,,
101,√·√µ,2019-04-07,10.7,,
101,√·√µ,2019-04-08,10.9,,
101,√·√µ,2019-04-09,8.0,,
101,√·√µ,2019-04-10,6.7,,
101,√·√µ,2019-04-11,8.2,,
101,√·√µ,2019-04-12,11.8,,
101,√·√µ,2019-04-13,11.1,,
101,√·√µ,2019-04-14,7.2,,
101,√·√µ,2019-04-15,9.8,,
101,√·√µ,2019-04-16,12.1,,
101,√·√µ,2019-04-17,14.3,,
101,√·√µ,2019-04-18,12.1,,
101,√·√µ,2019-04-19,12.1,,
101,√·√µ,2019-04-20,13.5,,
101,√·√µ,2019-04-21,17.6,,
101,√·√µ,2019-04-22,18.6,,
101,√·√µ,2019-04-23,20.0,,
101,√·√µ,2019-04-24,20.4,,
101,√·√µ,2019-04-25,11.7,,
101,√·√µ,2019-04-26,8.4,,
101,√·√µ,2019-04-27,10.9,,
101,√·√µ,2019-04-28,12.1,,
101,√·√µ,2019-04-29,11.5,,
101,√·√µ,2019-04-30,14.8,,
101,√·√µ,2019-05-01,16.9,,
101,√·√µ,2019-05-02,16.6,,
101,√·√µ,2019-05-03,17.3,,
101,√·√µ,2019-05-04,18.3,,
101,√·√µ,2019-05-05,19.3,,
101,√·√µ,2019-05-06,14.8,,
101,√·√µ,2019-05-07,14.5,,
101,√·√µ,2019-05-08,16.2,,
101,√·√µ,2019-05-09,17.3,,
101,√·√µ,2019-05-10,18.1,,
101,√·√µ,2019-05-11,20.1,,
101,√·√µ,2019-05-12,20.3,,
101,√·√µ,2019-05-13,18.5,,
101,√·√µ,2019-05-14,19.5,,
101,√·√µ,2019-05-15,19.4,,
101,√·√µ,2019-05-16,21.8,,
101,√·√µ,2019-05-17,21.8,,
101,√·√µ,2019-05-18,21.7,,
101,√·√µ,2019-05-19,19.8,,
101,√·√µ,2019-05-20,17.8,,
101,√·√µ,2019-05-21,17.1,,
101,√·√µ,2019-05-22,18.6,,
101,√·√µ,2019-05-23,20.0,,
101,√·√µ,2019-05-24,22.9,,
101,√·√µ,2019-05-25,22.3,,
101,√·√µ,2019-05-26,23.1,,
101,√·√µ,2019-05-27,18.0,,
101,√·√µ,2019-05-28,17.9,,
101,√·√µ,2019-05-29,19.3,,
101,√·√µ,2019-05-30,19.5,,
101,√·√µ,2019-05-31,20.4,,
101,√·√µ,2019-06-01,19.1,,
101,√·√µ,2019-06-02,21.5,,
101,√·√µ,2019-06-03,22.4,,
101,√·√µ,2019-06-04,23.8,,
101,√·√µ,2019-06-05,24.4,,
101,√·√µ,2019-06-06,21.1,,
101,√·√µ,2019-06-07,19.2,,
101,√·√µ,2019-06-08,20.2,,
101,√·√µ,2019-06-09,20.5,,
101,√·√µ,2019-06-10,17.5,,
101,√·√µ,2019-06-11,18.5,,
101,√·√µ,2019-06-12,21.3,,
101,√·√µ,2019-06-13,23.2,,
101,√·√µ,2019-06-14,22.5,,
101,√·√µ,2019-06-15,20.4,,
101,√·√µ,2019-06-16,21.2,,
101,√·√µ,2019-06-17,22.8,,
101,√·√µ,2019-06-18,19.5,,
101,√·√µ,2019-06-19,21.3,,
101,√·√µ,2019-06-20,23.2,,
101,√·√µ,2019-06-21,20.5,,
101,√·√µ,2019-06-22,21.0,,
101,√·√µ,2019-06-23,22.0,,
101,√·√µ,2019-06-24,24.5,,
101,√·√µ,2019-06-25,25.3,,
101,√·√µ,2019-06-26,24.5,,
101,√·√µ,2019-06-27,26.9,,
101,√·√µ,2019-06-28,26.6,,
101,√·√µ,2019-06-29,22.9,,
101,√·√µ,2019-06-30,24.6,,
101,√·√µ,2019-07-01,24.9,,
101,√·√µ,2019-07-02,24.2,,
101,√·√µ,2019-07-03,24.4,,
101,√·√µ,2019-07-04,26.4,,
101,√·√µ,2019-07-05,27.5,,
101,√·√µ,2019-07-06,27.1,,
101,√·√µ,2019-07-07,23.8,,
101,√·√µ,2019-07-08,22.2,,
101,√·√µ,2019-07-09,22.2,,
101,√·√µ,2019-07-10,21.5,,
101,√·√µ,2019-07-11,21.9,,
101,√·√µ,2019-07-12,22.9,,
101,√·√µ,2019-07-13,25.1,,
101,√·√µ,2019-07-14,25.6,,
101,√·√µ,2019-07-15,23.8,,
101,√·√µ,2019-07-16,24.1,,
101,√·√µ,2019-07-17,25.1,,
101,√·√µ,2019-07-18,27.2,,
101,√·√µ,2019-07-19,28.3,,
101,√·√µ,2019-07-20,27.6,,
101,√·√µ,2019-07-21,25.1,,
101,√·√µ,2019-07-22,27.7,,
101,√·√µ,2019-07-23,27.9,,
101,√·√µ,2019-07-24,27.3,,
101,√·√µ,2019-07-25,26.9,,
101,√·√µ,2019-07-26,25.7,,
101,√·√µ,2019-07-27,28.5,,
101,√·√µ,2019-07-28,26.2,,
101,√·√µ,2019-07-29,27.4,,
101,√·√µ,2019-07-30,27.9,,
101,√·√µ,2019-07-31,25.8,,
101,√·√µ,2019-08-01,27.5,,
101,√·√µ,2019-08-02,28.7,,
101,√·√µ,2019-08-03,29.7,,
101,√·√µ,2019-08-04,30.0,,
101,√·√µ,2019-08-05,30.5,,
101,√·√µ,2019-08-06,29.6,,
101,√·√µ,2019-08-07,24.7,,
101,√·√µ,2019-08-08,27.5,,
101,√·√µ,2019-08-09,28.4,,
101,√·√µ,2019-08-10,29.1,,
101,√·√µ,2019-08-11,29.1,,
101,√·√µ,2019-08-12,26.1,,
101,√·√µ,2019-08-13,29.1,,
101,√·√µ,2019-08-14,28.8,,
101,√·√µ,2019-08-15,24.7,,
101,√·√µ,2019-08-16,25.5,,
101,√·√µ,2019-08-17,25.9,,
101,√·√µ,2019-08-18,24.3,,
101,√·√µ,2019-08-19,24.9,,
101,√·√µ,2019-08-20,26.1,,
101,√·√µ,2019-08-21,25.1,,
101,√·√µ,2019-08-22,26.0,,
101,√·√µ,2019-08-23,24.6,,
101,√·√µ,2019-08-24,22.6,,
101,√·√µ,2019-08-25,23.8,,
101,√·√µ,2019-08-26,24.2,,
101,√·√µ,2019-08-27,24.9,,
101,√·√µ,2019-08-28,25.4,,
101,√·√µ,2019-08-29,21.7,,
101,√·√µ,2019-08-30,22.5,,
101,√·√µ,2019-08-31,22.2,,
101,√·√µ,2019-09-01,21.8,,
101,√·√µ,2019-09-02,21.9,,
101,√·√µ,2019-09-03,22.2,,
101,√·√µ,2019-09-04,22.0,,
101,√·√µ,2019-09-05,23.2,,
101,√·√µ,2019-09-06,24.7,,
101,√·√µ,2019-09-07,26.5,,
101,√·√µ,2019-09-08,25.0,,
101,√·√µ,2019-09-09,24.5,,
101,√·√µ,2019-09-10,23.0,,
101,√·√µ,2019-09-11,22.6,,
101,√·√µ,2019-09-12,21.1,,
101,√·√µ,2019-09-13,21.6,,
101,√·√µ,2019-09-14,21.3,,
101,√·√µ,2019-09-15,22.9,,
101,√·√µ,2019-09-16,21.8,,
101,√·√µ,2019-09-17,20.5,,
101,√·√µ,2019-09-18,21.2,,
101,√·√µ,2019-09-20,17.9,,
101,√·√µ,2019-09-21,17.7,,
101,√·√µ,2019-09-22,17.8,,
101,√·√µ,2019-09-23,18.9,,
101,√·√µ,2019-09-24,17.6,,
101,√·√µ,2019-09-25,18.4,,
101,√·√µ,2019-09-26,20.2,,
101,√·√µ,2019-09-27,20.3,,
101,√·√µ,2019-09-28,21.6,,
101,√·√µ,2019-09-29,19.9,,
101,√·√µ,2019-09-30,19.5,,
101,√·√µ,2019-10-01,20.7,,
101,√·√µ,2019-10-02,20.9,,
101,√·√µ,2019-10-03,21.0,,
101,√·√µ,2019-10-04,20.8,,
101,√·√µ,2019-10-05,17.4,,
101,√·√µ,2019-10-06,16.3,,
101,√·√µ,2019-10-07,14.7,,
101,√·√µ,2019-10-08,14.0,,
101,√·√µ,2019-10-09,11.5,,
101,√·√µ,2019-10-10,12.8,,
101,√·√µ,2019-10-11,16.5,,
101,√·√µ,2019-10-12,16.6,,
101,√·√µ,2019-10-13,15.8,,
101,√·√µ,2019-10-14,14.0,,
101,√·√µ,2019-10-15,14.1,,
101,√·√µ,2019-10-16,12.4,,
101,√·√µ,2019-10-17,13.7,,
101,√·√µ,2019-10-18,14.8,,
101,√·√µ,2019-10-19,14.8,,
101,√·√µ,2019-10-20,13.8,,
101,√·√µ,2019-10-21,14.6,,
101,√·√µ,2019-10-22,15.4,,
101,√·√µ,2019-10-23,15.0,,
101,√·√µ,2019-10-24,16.7,,
101,√·√µ,2019-10-25,16.3,,
101,√·√µ,2019-10-26,10.5,,
101,√·√µ,2019-10-27,8.5,,
101,√·√µ,2019-10-28,10.3,,
101,√·√µ,2019-10-29,11.9,,
101,√·√µ,2019-10-30,8.4,,
101,√·√µ,2019-10-31,11.7,,
101,√·√µ,2019-11-01,12.7,,
101,√·√µ,2019-11-02,10.9,,
101,√·√µ,2019-11-03,12.3,,
101,√·√µ,2019-11-04,10.6,,
101,√·√µ,2019-11-05,9.0,,
101,√·√µ,2019-11-06,8.2,,
101,√·√µ,2019-11-07,7.8,,
101,√·√µ,2019-11-08,5.0,,
101,√·√µ,2019-11-09,5.8,,
101,√·√µ,2019-11-10,5.9,,
101,√·√µ,2019-11-11,9.7,,
101,√·√µ,2019-11-12,6.1,,
101,√·√µ,2019-11-13,5.6,,
101,√·√µ,2019-11-14,0.8,,
101,√·√µ,2019-11-15,2.1,,
101,√·√µ,2019-11-16,5.4,,
101,√·√µ,2019-11-17,5.9,,
101,√·√µ,2019-11-18,5.5,,
101,√·√µ,2019-11-19,0.5,,
101,√·√µ,2019-11-20,-0.8,,
101,√·√µ,2019-11-21,0.7,,
101,√·√µ,2019-11-22,4.2,,
101,√·√µ,2019-11-23,5.6,,
101,√·√µ,2019-11-24,7.8,,
101,√·√µ,2019-11-25,5.7,,
101,√·√µ,2019-11-26,4.8,,
101,√·√µ,2019-11-27,3.3,,
101,√·√µ,2019-11-28,3.7,,
101,√·√µ,2019-11-29,1.2,,
101,√·√µ,2019-11-30,3.3,,
101,√·√µ,2019-12-01,5.3,,
101,√·√µ,2019-12-02,1.1,,
101,√·√µ,2019-12-03,-1.1,,
101,√·√µ,2019-12-04,0.3,,
101,√·√µ,2019-12-05,-3.2,,
101,√·√µ,2019-12-06,-6.8,,
101,√·√µ,2019-12-07,-4.6,,
101,√·√µ,2019-12-08,-2.4,,
101,√·√µ,2019-12-09,-1.0,,
101,√·√µ,2019-12-10,4.4,,
101,√·√µ,2019-12-11,5.2,,
101,√·√µ,2019-12-12,-1.5,,
101,√·√µ,2019-12-13,-1.1,,
101,√·√µ,2019-12-14,1.3,,
101,√·√µ,2019-12-15,1.0,,
101,√·√µ,2019-12-16,1.9,,
101,√·√µ,2019-12-17,5.9,,
101,√·√µ,2019-12-18,2.6,,
101,√·√µ,2019-12-19,-0.4,,
101,√·√µ,2019-12-20,-2.0,,
101,√·√µ,2019-12-21,-3.2,,
101,√·√µ,2019-12-22,1.2,,
101,√·√µ,2019-12-23,2.0,,
101,√·√µ,2019-12-24,-0.4,,
101,√·√µ,2019-12-25,-1.0,,
101,√·√µ,2019-12-26,1.2,,
101,√·√µ,2019-12-27,-2.5,,
101,√·√µ,2019-12-28,-1.5,,
101,√·√µ,2019-12-29,0.5,,
101,√·√µ,2019-12-30,2.2,,
101,√·√µ,2019-12-31,-6.9,,
101,√·√µ,2020-01-01,-4.3,,
101,√·√µ,2020-01-02,-2.5,,
101,√·√µ,2020-01-03,-2.3,,
101,√·√µ,2020-01-04,-2.3,,
101,√·√µ,2020-01-05,-2.4,,
101,√·√µ,2020-01-06,-0.7,,
101,√·√µ,2020-01-07,4.2,,
101,√·√µ,2020-01-08,5.0,,
101,√·√µ,2020-01-09,0.2,,
101,√·√µ,2020-01-10,-1.7,,
101,√·√µ,2020-01-11,-1.4,,
101,√·√µ,2020-01-12,-1.0,,
101,√·√µ,2020-01-13,-2.6,,
101,√·√µ,2020-01-14,-4.3,,
101,√·√µ,2020-01-15,-4.3,,
101,√·√µ,2020-01-16,-4.1,,
101,√·√µ,2020-01-17,-2.2,,
101,√·√µ,2020-01-18,-0.6,,
101,√·√µ,2020-01-19,-1.2,,
101,√·√µ,2020-01-20,-0.6,,
101,√·√µ,2020-01-21,-2.5,,
101,√·√µ,2020-01-22,-0.1,,
101,√·√µ,2020-01-23,2.0,,
101,√·√µ,2020-01-24,1.3,,
101,√·√µ,2020-01-25,2.5,,
101,√·√µ,2020-01-26,4.1,,
101,√·√µ,2020-01-27,6.1,,
101,√·√µ,2020-01-28,6.0,,
101,√·√µ,2020-01-29,2.0,,
101,√·√µ,2020-01-30,2.5,,
101,√·√µ,2020-01-31,3.1,,
101,√·√µ,2020-02-01,0.4,,
101,√·√µ,2020-02-02,0.5,,
101,√·√µ,2020-02-03,0.4,,
101,√·√µ,2020-02-04,-2.1,,
101,√·√µ,2020-02-05,-6.8,,
101,√·√µ,2020-02-06,-6.4,,
101,√·√µ,2020-02-07,-3.3,,
101,√·√µ,2020-02-08,-1.3,,
101,√·√µ,2020-02-09,-1.4,,
101,√·√µ,2020-02-10,2.2,,
101,√·√µ,2020-02-11,3.0,,
101,√·√µ,2020-02-12,4.8,,
101,√·√µ,2020-02-13,7.3,,
101,√·√µ,2020-02-14,5.7,,
101,√·√µ,2020-02-15,7.6,,
101,√·√µ,2020-02-16,0.9,,
101,√·√µ,2020-02-17,-4.8,,
101,√·√µ,2020-02-18,-4.0,,
101,√·√µ,2020-02-19,-0.9,,
101,√·√µ,2020-02-20,2.1,,
101,√·√µ,2020-02-21,3.6,,
101,√·√µ,2020-02-22,4.2,,
101,√·√µ,2020-02-23,2.1,,
101,√·√µ,2020-02-24,5.1,,
101,√·√µ,2020-02-25,4.4,,
101,√·√µ,2020-02-26,3.6,,
101,√·√µ,2020-02-27,4.6,,
101,√·√µ,2020-02-28,2.3,,
101,√·√µ,2020-02-29,6.0,,
101,√·√µ,2020-03-01,4.8,,
101,√·√µ,2020-03-02,4.1,,
101,√·√µ,2020-03-03,4.6,,
101,√·√µ,2020-03-04,3.2,,
101,√·√µ,2020-03-05,1.1,,
101,√·√µ,2020-03-06,2.1,,
101,√·√µ,2020-03-07,4.2,,
101,√·√µ,2020-03-08,6.7,,
101,√·√µ,2020-03-09,8.8,,
101,√·√µ,2020-03-10,8.0,,
101,√·√µ,2020-03-11,4.4,,
101,√·√µ,2020-03-12,5.8,,
101,√·√µ,2020-03-13,6.7,,
101,√·√µ,2020-03-14,3.2,,
101,√·√µ,2020-03-15,3.3,,
101,√·√µ,2020-03-16,3.4,,
101,√·√µ,2020-03-17,3.8,,
101,√·√µ,2020-03-18,7.1,,
101,√·√µ,2020-03-19,6.5,,
101,√·√µ,2020-03-20,8.9,,
101,√·√µ,2020-03-21,11.8,,
101,√·√µ,2020-03-22,11.5,,
101,√·√µ,2020-03-23,9.0,,
101,√·√µ,2020-03-24,9.3,,
101,√·√µ,2020-03-25,11.0,,
101,√·√µ,2020-03-26,14.0,,
101,√·√µ,2020-03-27,13.1,,
101,√·√µ,2020-03-28,7.6,,
101,√·√µ,2020-03-29,7.7,,
101,√·√µ,2020-03-30,9.2,,
101,√·√µ,2020-03-31,11.2,,
101,√·√µ,2020-04-01,9.3,,
101,√·√µ,2020-04-02,8.1,,
101,√·√µ,2020-04-03,9.5,,
101,√·√µ,2020-04-04,9.8,,
101,√·√µ,2020-04-05,7.0,,
101,√·√µ,2020-04-06,9.4,,
101,√·√µ,2020-04-07,10.8,,
101,√·√µ,2020-04-08,8.7,,
101,√·√µ,2020-04-09,8.3,,
101,√·√µ,2020-04-10,10.1,,
101,√·√µ,2020-04-11,10.4,,
101,√·√µ,2020-04-12,7.2,,
101,√·√µ,2020-04-13,9.9,,
101,√·√µ,2020-04-14,12.0,,
101,√·√µ,2020-04-15,13.3,,
101,√·√µ,2020-04-16,15.2,,
101,√·√µ,2020-04-17,10.7,,
101,√·√µ,2020-04-18,13.9,,
101,√·√µ,2020-04-19,11.3,,
101,√·√µ,2020-04-20,10.2,,
101,√·√µ,2020-04-21,7.9,,
101,√·√µ,2020-04-22,6.7,,
101,√·√µ,2020-04-23,8.4,,
101,√·√µ,2020-04-24,9.4,,
101,√·√µ,2020-04-25,12.2,,
101,√·√µ,2020-04-26,11.7,,
101,√·√µ,2020-04-27,11.1,,
101,√·√µ,2020-04-28,13.0,,
101,√·√µ,2020-04-29,14.7,,
101,√·√µ,2020-04-30,16.2,,
101,√·√µ,2020-05-01,21.2,,
101,√·√µ,2020-05-02,20.5,,
101,√·√µ,2020-05-03,21.5,,
101,√·√µ,2020-05-04,21.6,,
101,√·√µ,2020-05-05,17.1,,
101,√·√µ,2020-05-06,18.4,,
101,√·√µ,2020-05-07,18.8,,
101,√·√µ,2020-05-08,19.3,,
101,√·√µ,2020-05-09,14.7,,
101,√·√µ,2020-05-10,16.3,,
101,√·√µ,2020-05-11,17.7,,
101,√·√µ,2020-05-12,14.1,,
101,√·√µ,2020-05-13,15.7,,
101,√·√µ,2020-05-14,16.9,,
101,√·√µ,2020-05-15,15.1,,
101,√·√µ,2020-05-16,18.4,,
101,√·√µ,2020-05-17,21.3,,
101,√·√µ,2020-05-18,19.7,,
101,√·√µ,2020-05-19,12.4,,
101,√·√µ,2020-05-20,12.1,,
101,√·√µ,2020-05-21,15.8,,
101,√·√µ,2020-05-22,17.6,,
101,√·√µ,2020-05-23,19.8,,
101,√·√µ,2020-05-24,19.4,,
101,√·√µ,2020-05-25,18.2,,
101,√·√µ,2020-05-26,18.0,,
101,√·√µ,2020-05-27,18.2,,
101,√·√µ,2020-05-28,18.3,,
101,√·√µ,2020-05-29,20.2,,
101,√·√µ,2020-05-30,21.7,,
101,√·√µ,2020-05-31,21.9,,
101,√·√µ,2020-06-01,21.8,,
101,√·√µ,2020-06-02,17.7,,
101,√·√µ,2020-06-03,22.6,,
101,√·√µ,2020-06-04,24.1,,
101,√·√µ,2020-06-05,23.9,,
101,√·√µ,2020-06-06,24.2,,
101,√·√µ,2020-06-07,24.8,,
101,√·√µ,2020-06-08,25.6,,
101,√·√µ,2020-06-09,26.9,,
101,√·√µ,2020-06-10,26.4,,
101,√·√µ,2020-06-11,27.1,,
101,√·√µ,2020-06-12,24.6,,
101,√·√µ,2020-06-13,26.6,,
101,√·√µ,2020-06-14,25.4,,
101,√·√µ,2020-06-15,24.5,,
101,√·√µ,2020-06-16,23.4,,
101,√·√µ,2020-06-17,25.1,,
101,√·√µ,2020-06-18,23.3,,
101,√·√µ,2020-06-19,23.6,,
101,√·√µ,2020-06-20,25.1,,
101,√·√µ,2020-06-21,26.5,,
101,√·√µ,2020-06-22,27.6,,
101,√·√µ,2020-06-23,27.1,,
101,√·√µ,2020-06-24,21.8,,
101,√·√µ,2020-06-25,21.5,,
101,√·√µ,2020-06-26,22.6,,
101,√·√µ,2020-06-27,24.0,,
101,√·√µ,2020-06-28,24.2,,
101,√·√µ,2020-06-29,23.6,,
101,√·√µ,2020-06-30,21.0,,
101,√·√µ,2020-07-01,20.7,,
101,√·√µ,2020-07-02,23.9,,
101,√·√µ,2020-07-03,25.8,,
101,√·√µ,2020-07-04,24.6,,
101,√·√µ,2020-07-05,24.0,,
101,√·√µ,2020-07-06,25.5,,
101,√·√µ,2020-07-07,24.9,,
101,√·√µ,2020-07-08,25.5,,
101,√·√µ,2020-07-09,26.5,,
101,√·√µ,2020-07-10,23.4,,
101,√·√µ,2020-07-11,23.9,,
101,√·√µ,2020-07-12,22.0,,
101,√·√µ,2020-07-13,20.0,,
101,√·√µ,2020-07-14,20.1,,
101,√·√µ,2020-07-15,22.0,,
101,√·√µ,2020-07-16,23.9,,
101,√·√µ,2020-07-17,25.4,,
101,√·√µ,2020-07-18,26.1,,
101,√·√µ,2020-07-19,22.0,,
101,√·√µ,2020-07-20,24.4,,
101,√·√µ,2020-07-21,25.6,,
101,√·√µ,2020-07-22,24.5,,
101,√·√µ,2020-07-23,21.8,,
101,√·√µ,2020-07-24,22.2,,
101,√·√µ,2020-07-25,24.0,,
101,√·√µ,2020-07-26,24.3,,
101,√·√µ,2020-07-27,22.7,,
101,√·√µ,2020-07-28,23.8,,
101,√·√µ,2020-07-29,23.0,,
101,√·√µ,2020-07-30,25.6,,
101,√·√µ,2020-07-31,25.9,,
101,√·√µ,2020-08-01,24.7,,
101,√·√µ,2020-08-02,24.7,,
101,√·√µ,2020-08-03,23.8,,
101,√·√µ,2020-08-04,24.8,,
101,√·√µ,2020-08-05,24.9,,
101,√·√µ,2020-08-06,24.5,,
101,√·√µ,2020-08-07,23.8,,
101,√·√µ,2020-08-08,24.6,,
101,√·√µ,2020-08-09,23.7,,
101,√·√µ,2020-08-10,26.5,,
101,√·√µ,2020-08-11,25.1,,
101,√·√µ,2020-08-12,26.8,,
101,√·√µ,2020-08-13,27.2,,
101,√·√µ,2020-08-14,28.1,,
101,√·√µ,2020-08-15,26.6,,
101,√·√µ,2020-08-16,27.5,,
101,√·√µ,2020-08-17,27.2,,
101,√·√µ,2020-08-18,27.7,,
101,√·√µ,2020-08-19,27.0,,
101,√·√µ,2020-08-20,27.6,,
101,√·√µ,2020-08-21,24.1,,
101,√·√µ,2020-08-22,23.4,,
101,√·√µ,2020-08-23,25.0,,
101,√·√µ,2020-08-24,26.3,,
101,√·√µ,2020-08-25,28.5,,
101,√·√µ,2020-08-26,29.1,,
101,√·√µ,2020-08-27,28.5,,
101,√·√µ,2020-08-28,27.8,,
101,√·√µ,2020-08-29,27.1,,
101,√·√µ,2020-08-30,27.1,,
101,√·√µ,2020-08-31,25.4,,
101,√·√µ,2020-09-01,25.9,,
101,√·√µ,2020-09-02,24.1,,
101,√·√µ,2020-09-03,23.0,,
101,√·√µ,2020-09-04,22.4,,
101,√·√µ,2020-09-05,20.6,,
101,√·√µ,2020-09-06,20.2,,
101,√·√µ,2020-09-07,19.6,,
101,√·√µ,2020-09-08,22.8,,
101,√·√µ,2020-09-09,19.9,,
101,√·√µ,2020-09-10,21.1,,
101,√·√µ,2020-09-11,21.3,,
101,√·√µ,2020-09-12,19.4,,
101,√·√µ,2020-09-13,20.5,,
101,√·√µ,2020-09-14,20.8,,
101,√·√µ,2020-09-15,21.7,,
101,√·√µ,2020-09-16,20.9,,
101,√·√µ,2020-09-17,19.6,,
101,√·√µ,2020-09-18,18.4,,
101,√·√µ,2020-09-19,17.6,,
101,√·√µ,2020-09-20,16.8,,
101,√·√µ,2020-09-21,16.2,,
101,√·√µ,2020-09-22,17.2,,
101,√·√µ,2020-09-23,16.8,,
101,√·√µ,2020-09-24,18.1,,
101,√·√µ,2020-09-25,17.8,,
101,√·√µ,2020-09-26,16.9,,
101,√·√µ,2020-09-27,17.7,,
101,√·√µ,2020-09-28,17.9,,
101,√·√µ,2020-09-29,16.8,,
101,√·√µ,2020-09-30,17.9,,
101,√·√µ,2020-10-01,18.5,,
101,√·√µ,2020-10-02,17.9,,
101,√·√µ,2020-10-03,18.8,,
101,√·√µ,2020-10-04,16.2,,
101,√·√µ,2020-10-05,11.5,,
101,√·√µ,2020-10-06,11.9,,
101,√·√µ,2020-10-07,14.3,,
101,√·√µ,2020-10-08,14.4,,
101,√·√µ,2020-10-09,14.6,,
101,√·√µ,2020-10-10,14.6,,
101,√·√µ,2020-10-11,14.2,,
101,√·√µ,2020-10-12,14.7,,
101,√·√µ,2020-10-13,12.4,,
101,√·√µ,2020-10-14,10.8,,
101,√·√µ,2020-10-15,9.5,,
101,√·√µ,2020-10-16,8.0,,
101,√·√µ,2020-10-17,10.1,,
101,√·√µ,2020-10-18,10.1,,
101,√·√µ,2020-10-19,11.3,,
101,√·√µ,2020-10-20,11.7,,
101,√·√µ,2020-10-21,10.2,,
101,√·√µ,2020-10-22,12.3,,
101,√·√µ,2020-10-23,7.1,,
101,√·√µ,2020-10-24,6.1,,
101,√·√µ,2020-10-25,8.2,,
101,√·√µ,2020-10-26,9.6,,
101,√·√µ,2020-10-27,10.5,,
101,√·√µ,2020-10-28,11.3,,
101,√·√µ,2020-10-29,7.7,,
101,√·√µ,2020-10-30,9.5,,
101,√·√µ,2020-10-31,10.3,,
101,√·√µ,2020-11-01,11.4,,
101,√·√µ,2020-11-02,8.9,,
101,√·√µ,2020-11-03,5.1,,
101,√·√µ,2020-11-04,2.3,,
101,√·√µ,2020-11-05,6.9,,
101,√·√µ,2020-11-06,11.4,,
101,√·√µ,2020-11-07,14.0,,
101,√·√µ,2020-11-08,7.7,,
101,√·√µ,2020-11-09,3.6,,
101,√·√µ,2020-11-10,4.4,,
101,√·√µ,2020-11-11,5.6,,
101,√·√µ,2020-11-12,6.6,,
101,√·√µ,2020-11-13,8.5,,
101,√·√µ,2020-11-14,8.4,,
101,√·√µ,2020-11-15,8.5,,
101,√·√µ,2020-11-16,9.0,,
101,√·√µ,2020-11-17,10.8,,
101,√·√µ,2020-11-18,13.7,,
101,√·√µ,2020-11-19,14.8,,
101,√·√µ,2020-11-20,4.3,,
101,√·√µ,2020-11-21,5.3,,
101,√·√µ,2020-11-22,6.5,,
101,√·√µ,2020-11-23,1.9,,
101,√·√µ,2020-11-24,1.0,,
101,√·√µ,2020-11-25,1.7,,
101,√·√µ,2020-11-26,2.8,,
101,√·√µ,2020-11-27,2.3,,
101,√·√µ,2020-11-28,-0.8,,
101,√·√µ,2020-11-29,-1.0,,
101,√·√µ,2020-11-30,-2.1,,
101,√·√µ,2020-12-01,-1.4,,
101,√·√µ,2020-12-02,0.7,,
101,√·√µ,2020-12-03,-0.8,,
101,√·√µ,2020-12-04,-2.5,,
101,√·√µ,2020-12-05,-1.1,,
101,√·√µ,2020-12-06,1.7,,
101,√·√µ,2020-12-07,1.7,,
101,√·√µ,2020-12-08,-2.2,,
101,√·√µ,2020-12-09,-1.9,,
101,√·√µ,2020-12-10,2.1,,
101,√·√µ,2020-12-11,1.8,,
101,√·√µ,2020-12-12,0.4,,
101,√·√µ,2020-12-13,-2.5,,
101,√·√µ,2020-12-14,-9.1,,
101,√·√µ,2020-12-15,-10.1,,
101,√·√µ,2020-12-16,-11.0,,
101,√·√µ,2020-12-17,-8.3,,
101,√·√µ,2020-12-18,-2.7,,
101,√·√µ,2020-12-19,-7.0,,
101,√·√µ,2020-12-20,-6.7,,
101,√·√µ,2020-12-21,-5.2,,
101,√·√µ,2020-12-22,-2.8,,
101,√·√µ,2020-12-23,-1.2,,
101,√·√µ,2020-12-24,1.5,,
101,√·√µ,2020-12-25,-2.8,,
101,√·√µ,2020-12-26,0.0,,
101,√·√µ,2020-12-27,2.2,,
101,√·√µ,2020-12-28,2.9,,
101,√·√µ,2020-12-29,-0.4,,
101,√·√µ,2020-12-30,-9.5,,
101,√·√µ,2020-12-31,-9.6,,
101,√·√µ,2021-01-01,-5.6,,
101,√·√µ,2021-01-02,-5.5,,
101,√·√µ,2021-01-03,-6.9,,
101,√·√µ,2021-01-04,-5.6,,
101,√·√µ,2021-01-05,-5.6,,
101,√·√µ,2021-01-06,-9.0,,
101,√·√µ,2021-01-07,-13.8,,
101,√·√µ,2021-01-08,-15.9,,
101,√·√µ,2021-01-09,-14.2,,
101,√·√µ,2021-01-10,-11.0,,
101,√·√µ,2021-01-11,-10.5,,
101,√·√µ,2021-01-12,-8.5,,
101,√·√µ,2021-01-13,0.3,,
101,√·√µ,2021-01-14,-1.5,,
101,√·√µ,2021-01-15,0.3,,
101,√·√µ,2021-01-16,-2.8,,
101,√·√µ,2021-01-17,-6.5,,
101,√·√µ,2021-01-18,-4.8,,
101,√·√µ,2021-01-19,-9.9,,
101,√·√µ,2021-01-20,-6.8,,
101,√·√µ,2021-01-21,-0.3,,
101,√·√µ,2021-01-22,3.2,,
101,√·√µ,2021-01-23,5.1,,
101,√·√µ,2021-01-24,3.7,,
101,√·√µ,2021-01-25,2.6,,
101,√·√µ,2021-01-26,2.0,,
101,√·√µ,2021-01-27,1.4,,
101,√·√µ,2021-01-28,-3.6,,
101,√·√µ,2021-01-29,-8.2,,
101,√·√µ,2021-01-30,-6.0,,
101,√·√µ,2021-01-31,-2.3,,
101,√·√µ,2021-02-01,3.9,,
101,√·√µ,2021-02-02,-4.3,,
101,√·√µ,2021-02-03,-4.4,,
101,√·√µ,2021-02-04,-4.2,,
101,√·√µ,2021-02-05,-0.1,,
101,√·√µ,2021-02-06,6.5,,
101,√·√µ,2021-02-07,3.4,,
101,√·√µ,2021-02-08,-2.8,,
101,√·√µ,2021-02-09,-2.2,,
101,√·√µ,2021-02-10,0.5,,
101,√·√µ,2021-02-11,1.4,,
101,√·√µ,2021-02-12,2.8,,
101,√·√µ,2021-02-13,3.4,,
101,√·√µ,2021-02-14,6.1,,
101,√·√µ,2021-02-15,2.1,,
101,√·√µ,2021-02-16,-4.1,,
101,√·√µ,2021-02-17,-7.9,,
101,√·√µ,2021-02-18,-7.0,,
101,√·√µ,2021-02-19,-0.7,,
101,√·√µ,2021-02-20,8.4,,
101,√·√µ,2021-02-21,8.4,,
101,√·√µ,2021-02-22,7.1,,
101,√·√µ,2021-02-23,0.4,,
101,√·√µ,2021-02-24,0.7,,
101,√·√µ,2021-02-25,0.1,,
101,√·√µ,2021-02-26,4.4,,
101,√·√µ,2021-02-27,6.1,,
101,√·√µ,2021-02-28,5.2,,
101,√·√µ,2021-03-01,2.9,,
101,√·√µ,2021-03-02,0.9,,
101,√·√µ,2021-03-03,1.5,,
101,√·√µ,2021-03-04,3.3,,
101,√·√µ,2021-03-05,5.3,,
101,√·√µ,2021-03-06,3.4,,
101,√·√µ,2021-03-07,4.5,,
101,√·√µ,2021-03-08,5.1,,
101,√·√µ,2021-03-09,5.5,,
101,√·√µ,2021-03-10,6.6,,
101,√·√µ,2021-03-11,8.6,,
101,√·√µ,2021-03-12,8.9,,
101,√·√µ,2021-03-13,8.6,,
101,√·√µ,2021-03-14,8.2,,
101,√·√µ,2021-03-15,9.2,,
101,√·√µ,2021-03-16,10.3,,
101,√·√µ,2021-03-17,8.5,,
101,√·√µ,2021-03-18,10.1,,
101,√·√µ,2021-03-19,13.5,,
101,√·√µ,2021-03-20,9.8,,
101,√·√µ,2021-03-21,7.1,,
101,√·√µ,2021-03-22,6.5,,
101,√·√µ,2021-03-23,7.9,,
101,√·√µ,2021-03-24,9.3,,
101,√·√µ,2021-03-25,11.5,,
101,√·√µ,2021-03-26,11.6,,
101,√·√µ,2021-03-27,9.6,,
101,√·√µ,2021-03-28,10.5,,
101,√·√µ,2021-03-29,11.5,,
101,√·√µ,2021-03-30,9.9,,
101,√·√µ,2021-03-31,12.7,,
101,√·√µ,2021-04-01,14.4,,
101,√·√µ,2021-04-02,16.5,,
101,√·√µ,2021-04-03,12.7,,
101,√·√µ,2021-04-04,9.8,,
101,√·√µ,2021-04-05,10.1,,
101,√·√µ,2021-04-06,12.5,,
101,√·√µ,2021-04-07,12.8,,
101,√·√µ,2021-04-08,11.4,,
101,√·√µ,2021-04-09,11.1,,
101,√·√µ,2021-04-10,11.4,,
101,√·√µ,2021-04-11,13.7,,
101,√·√µ,2021-04-12,12.7,,
101,√·√µ,2021-04-13,12.4,,
101,√·√µ,2021-04-14,9.5,,
101,√·√µ,2021-04-15,10.6,,
101,√·√µ,2021-04-16,10.9,,
101,√·√µ,2021-04-17,6.8,,
101,√·√µ,2021-04-18,9.7,,
101,√·√µ,2021-04-19,13.0,,
101,√·√µ,2021-04-20,15.5,,
101,√·√µ,2021-04-21,18.4,,
101,√·√µ,2021-04-22,19.7,,
101,√·√µ,2021-04-23,17.4,,
101,√·√µ,2021-04-24,16.3,,
101,√·√µ,2021-04-25,15.3,,
101,√·√µ,2021-04-26,14.8,,
101,√·√µ,2021-04-27,15.2,,
101,√·√µ,2021-04-28,15.0,,
101,√·√µ,2021-04-29,12.3,,
101,√·√µ,2021-04-30,11.2,,
101,√·√µ,2021-05-01,10.2,,
101,√·√µ,2021-05-02,13.0,,
101,√·√µ,2021-05-03,13.7,,
101,√·√µ,2021-05-04,11.6,,
101,√·√µ,2021-05-05,14.5,,
101,√·√µ,2021-05-06,14.4,,
101,√·√µ,2021-05-07,13.4,,
101,√·√µ,2021-05-08,14.7,,
101,√·√µ,2021-05-09,16.0,,
101,√·√µ,2021-05-10,12.3,,
101,√·√µ,2021-05-11,17.0,,
101,√·√µ,2021-05-12,18.8,,
101,√·√µ,2021-05-13,21.2,,
101,√·√µ,2021-05-14,22.8,,
101,√·√µ,2021-05-15,21.7,,
101,√·√µ,2021-05-16,16.5,,
101,√·√µ,2021-05-17,14.1,,
101,√·√µ,2021-05-18,17.1,,
101,√·√µ,2021-05-19,19.2,,
101,√·√µ,2021-05-20,17.3,,
101,√·√µ,2021-05-21,15.7,,
101,√·√µ,2021-05-22,19.3,,
101,√·√µ,2021-05-23,19.8,,
101,√·√µ,2021-05-24,19.7,,
101,√·√µ,2021-05-25,13.7,,
101,√·√µ,2021-05-26,16.6,,
101,√·√µ,2021-05-27,15.3,,
101,√·√µ,2021-05-28,14.9,,
101,√·√µ,2021-05-29,16.1,,
101,√·√µ,2021-05-30,17.9,,
101,√·√µ,2021-05-31,18.7,,
101,√·√µ,2021-06-01,19.4,,
101,√·√µ,2021-06-02,21.6,,
101,√·√µ,2021-06-03,19.2,,
101,√·√µ,2021-06-04,18.7,,
101,√·√µ,2021-06-05,19.9,,
101,√·√µ,2021-06-06,21.3,,
101,√·√µ,2021-06-07,20.7,,
101,√·√µ,2021-06-08,21.1,,
101,√·√µ,2021-06-09,23.8,,
101,√·√µ,2021-06-10,24.1,,
101,√·√µ,2021-06-11,22.4,,
101,√·√µ,2021-06-12,23.9,,
101,√·√µ,2021-06-13,25.3,,
101,√·√µ,2021-06-14,25.0,,
101,√·√µ,2021-06-15,22.3,,
101,√·√µ,2021-06-16,22.4,,
101,√·√µ,2021-06-17,20.4,,
101,√·√µ,2021-06-18,21.7,,
101,√·√µ,2021-06-19,22.6,,
101,√·√µ,2021-06-20,23.1,,
101,√·√µ,2021-06-21,22.4,,
101,√·√µ,2021-06-22,20.1,,
101,√·√µ,2021-06-23,20.9,,
101,√·√µ,2021-06-24,23.1,,
101,√·√µ,2021-06-25,24.4,,
101,√·√µ,2021-06-26,21.4,,
101,√·√µ,2021-06-27,24.0,,
101,√·√µ,2021-06-28,24.0,,
101,√·√µ,2021-06-29,24.5,,
101,√·√µ,2021-06-30,24.5,,
101,√·√µ,2021-07-01,25.7,,
101,√·√µ,2021-07-02,25.3,,
101,√·√µ,2021-07-03,21.7,,
101,√·√µ,2021-07-04,21.8,,
101,√·√µ,2021-07-05,23.2,,
101,√·√µ,2021-07-06,24.9,,
101,√·√µ,2021-07-07,26.5,,
101,√·√µ,2021-07-08,26.0,,
101,√·√µ,2021-07-09,25.5,,
101,√·√µ,2021-07-10,25.2,,
101,√·√µ,2021-07-11,25.3,,
101,√·√µ,2021-07-12,27.3,,
101,√·√µ,2021-07-13,28.5,,
101,√·√µ,2021-07-14,29.2,,
101,√·√µ,2021-07-15,27.4,,
101,√·√µ,2021-07-16,27.6,,
101,√·√µ,2021-07-17,26.8,,
101,√·√µ,2021-07-18,28.1,,
101,√·√µ,2021-07-19,26.4,,
101,√·√µ,2021-07-20,27.7,,
101,√·√µ,2021-07-21,28.9,,
101,√·√µ,2021-07-22,29.1,,
101,√·√µ,2021-07-23,29.5,,
101,√·√µ,2021-07-24,30.0,,
101,√·√µ,2021-07-25,30.0,,
101,√·√µ,2021-07-26,29.8,,
101,√·√µ,2021-07-27,30.2,,
101,√·√µ,2021-07-28,29.5,,
101,√·√µ,2021-07-29,28.8,,
101,√·√µ,2021-07-30,29.7,,
101,√·√µ,2021-07-31,29.5,,
101,√·√µ,2021-08-01,27.5,,
101,√·√µ,2021-08-02,26.6,,
101,√·√µ,2021-08-03,27.4,,
101,√·√µ,2021-08-04,28.6,,
101,√·√µ,2021-08-05,28.4,,
101,√·√µ,2021-08-06,27.9,,
101,√·√µ,2021-08-07,27.5,,
101,√·√µ,2021-08-08,26.7,,
101,√·√µ,2021-08-09,27.0,,
101,√·√µ,2021-08-10,24.5,,
101,√·√µ,2021-08-11,25.1,,
101,√·√µ,2021-08-12,26.1,,
101,√·√µ,2021-08-13,25.7,,
101,√·√µ,2021-08-14,24.1,,
101,√·√µ,2021-08-15,24.6,,
101,√·√µ,2021-08-16,25.0,,
101,√·√µ,2021-08-17,24.2,,
101,√·√µ,2021-08-18,23.4,,
101,√·√µ,2021-08-19,23.8,,
101,√·√µ,2021-08-20,25.0,,
101,√·√µ,2021-08-21,23.0,,
101,√·√µ,2021-08-22,24.4,,
101,√·√µ,2021-08-23,21.7,,
101,√·√µ,2021-08-24,22.7,,
101,√·√µ,2021-08-25,24.2,,
101,√·√µ,2021-08-26,24.6,,
101,√·√µ,2021-08-27,22.0,,
101,√·√µ,2021-08-28,23.2,,
101,√·√µ,2021-08-29,22.8,,
101,√·√µ,2021-08-30,22.7,,
101,√·√µ,2021-08-31,20.1,,
101,√·√µ,2021-09-01,20.8,,
101,√·√µ,2021-09-02,23.1,,
101,√·√µ,2021-09-03,22.8,,
101,√·√µ,2021-09-04,20.7,,
101,√·√µ,2021-09-05,21.2,,
101,√·√µ,2021-09-06,21.9,,
101,√·√µ,2021-09-07,19.0,,
101,√·√µ,2021-09-08,22.6,,
101,√·√µ,2021-09-09,21.7,,
101,√·√µ,2021-09-10,22.0,,
101,√·√µ,2021-09-11,22.2,,
101,√·√µ,2021-09-12,22.6,,
101,√·√µ,2021-09-13,23.0,,
101,√·√µ,2021-09-14,23.2,,
101,√·√µ,2021-09-15,21.2,,
101,√·√µ,2021-09-16,21.5,,
101,√·√µ,2021-09-17,21.9,,
101,√·√µ,2021-09-18,22.6,,
101,√·√µ,2021-09-19,21.4,,
101,√·√µ,2021-09-20,22.1,,
101,√·√µ,2021-09-21,21.4,,
101,√·√µ,2021-09-22,20.2,,
101,√·√µ,2021-09-23,20.0,,
101,√·√µ,2021-09-24,20.7,,
101,√·√µ,2021-09-25,19.4,,
101,√·√µ,2021-09-26,20.7,,
101,√·√µ,2021-09-27,19.5,,
101,√·√µ,2021-09-28,21.0,,
101,√·√µ,2021-09-29,19.6,,
101,√·√µ,2021-09-30,19.5,,
101,√·√µ,2021-10-01,20.4,,
101,√·√µ,2021-10-02,19.7,,
101,√·√µ,2021-10-03,20.3,,
101,√·√µ,2021-10-04,19.6,,
101,√·√µ,2021-10-05,21.9,,
101,√·√µ,2021-10-06,17.9,,
101,√·√µ,2021-10-07,19.0,,
101,√·√µ,2021-10-08,18.6,,
101,√·√µ,2021-10-09,19.7,,
101,√·√µ,2021-10-10,19.8,,
101,√·√µ,2021-10-11,15.8,,
101,√·√µ,2021-10-12,17.1,,
101,√·√µ,2021-10-13,17.9,,
101,√·√µ,2021-10-14,19.0,,
101,√·√µ,2021-10-15,18.1,,
101,√·√µ,2021-10-16,11.8,,
101,√·√µ,2021-10-17,5.0,,
101,√·√µ,2021-10-18,7.7,,
101,√·√µ,2021-10-19,10.6,,
101,√·√µ,2021-10-20,8.2,,
101,√·√µ,2021-10-21,8.3,,
101,√·√µ,2021-10-22,9.1,,
101,√·√µ,2021-10-23,9.2,,
101,√·√µ,2021-10-24,8.4,,
101,√·√µ,2021-10-25,8.9,,
101,√·√µ,2021-10-26,9.6,,
101,√·√µ,2021-10-27,10.8,,
101,√·√µ,2021-10-28,9.8,,
101,√·√µ,2021-10-29,10.3,,
101,√·√µ,2021-10-30,9.9,,
101,√·√µ,2021-10-31,10.6,,
101,√·√µ,2021-11-01,11.2,,
101,√·√µ,2021-11-02,10.6,,
101,√·√µ,2021-11-03,12.0,,
101,√·√µ,2021-11-04,9.3,,
101,√·√µ,2021-11-05,9.7,,
101,√·√µ,2021-11-06,9.7,,
101,√·√µ,2021-11-07,11.5,,
101,√·√µ,2021-11-08,8.0,,
101,√·√µ,2021-11-09,5.5,,
101,√·√µ,2021-11-10,4.6,,
101,√·√µ,2021-11-11,5.4,,
101,√·√µ,2021-11-12,4.0,,
101,√·√µ,2021-11-13,4.4,,
101,√·√µ,2021-11-14,8.7,,
101,√·√µ,2021-11-15,6.2,,
101,√·√µ,2021-11-16,5.8,,
101,√·√µ,2021-11-17,4.6,,
101,√·√µ,2021-11-18,7.6,,
101,√·√µ,2021-11-19,13.1,,
101,√·√µ,2021-11-20,8.1,,
101,√·√µ,2021-11-21,8.3,,
101,√·√µ,2021-11-22,3.4,,
101,√·√µ,2021-11-23,0.3,,
101,√·√µ,2021-11-24,3.1,,
101,√·√µ,2021-11-25,3.6,,
101,√·√µ,2021-11-26,1.2,,
101,√·√µ,2021-11-27,0.2,,
101,√·√µ,2021-11-28,1.4,,
101,√·√µ,2021-11-29,3.1,,
101,√·√µ,2021-11-30,3.6,,
101,√·√µ,2021-12-01,-1.1,,
101,√·√µ,2021-12-02,-1.7,,
101,√·√µ,2021-12-03,1.5,,
101,√·√µ,2021-12-04,-0.8,,
101,√·√µ,2021-12-05,-0.3,,
101,√·√µ,2021-12-06,1.2,,
101,√·√µ,2021-12-07,2.9,,
101,√·√µ,2021-12-08,1.5,,
101,√·√µ,2021-12-09,1.6,,
101,√·√µ,2021-12-10,2.9,,
101,√·√µ,2021-12-11,4.4,,
101,√·√µ,2021-12-12,0.5,,
101,√·√µ,2021-12-13,-4.0,,
101,√·√µ,2021-12-14,1.4,,
101,√·√µ,2021-12-15,4.6,,
101,√·√µ,2021-12-16,3.3,,
101,√·√µ,2021-12-17,-4.3,,
101,√·√µ,2021-12-18,-7.3,,
101,√·√µ,2021-12-19,-1.2,,
101,√·√µ,2021-12-20,2.6,,
101,√·√µ,2021-12-21,2.6,,
101,√·√µ,2021-12-22,-0.6,,
101,√·√µ,2021-12-23,-0.8,,
101,√·√µ,2021-12-24,0.0,,
101,√·√µ,2021-12-25,-9.0,,
101,√·√µ,2021-12-26,-11.9,,
101,√·√µ,2021-12-27,-10.1,,
101,√·√µ,2021-12-28,-5.4,,
101,√·√µ,2021-12-29,-0.8,,
101,√·√µ,2021-12-30,-3.1,,
101,√·√µ,2021-12-31,-7.0,,
101,√·√µ,2022-01-01,-8.2,,
101,√·√µ,2022-01-02,-2.7,,
101,√·√µ,2022-01-03,-3.8,,
101,√·√µ,2022-01-04,-3.4,,
101,√·√µ,2022-01-05,-4.7,,
101,√·√µ,2022-01-06,-4.1,,
101,√·√µ,2022-01-07,-4.9,,
101,√·√µ,2022-01-08,-3.0,,
101,√·√µ,2022-01-09,-0.4,,
101,√·√µ,2022-01-10,-1.7,,
101,√·√µ,2022-01-11,-5.1,,
101,√·√µ,2022-01-12,-8.6,,
101,√·√µ,2022-01-13,-8.5,,
101,√·√µ,2022-01-14,-8.3,,
101,√·√µ,2022-01-15,-4.5,,
101,√·√µ,2022-01-16,-1.4,,
101,√·√µ,2022-01-17,-7.0,,
101,√·√µ,2022-01-18,-7.2,,
101,√·√µ,2022-01-19,-6.7,,
101,√·√µ,2022-01-20,-7.5,,
101,√·√µ,2022-01-21,-6.2,,
101,√·√µ,2022-01-22,-5.2,,
101,√·√µ,2022-01-23,0.9,,
101,√·√µ,2022-01-24,2.0,,
101,√·√µ,2022-01-25,1.0,,
101,√·√µ,2022-01-26,0.1,,
101,√·√µ,2022-01-27,-2.2,,
101,√·√µ,2022-01-28,-4.2,,
101,√·√µ,2022-01-29,-5.2,,
101,√·√µ,2022-01-30,-5.3,,
101,√·√µ,2022-01-31,-3.9,,
101,√·√µ,2022-02-01,-1.2,,
101,√·√µ,2022-02-02,-4.0,,
101,√·√µ,2022-02-03,-4.9,,
101,√·√µ,2022-02-04,-6.4,,
101,√·√µ,2022-02-05,-7.8,,
101,√·√µ,2022-02-06,-5.1,,
101,√·√µ,2022-02-07,-4.4,,
101,√·√µ,2022-02-08,-2.5,,
101,√·√µ,2022-02-09,-2.2,,
101,√·√µ,2022-02-10,-0.7,,
101,√·√µ,2022-02-11,-0.1,,
101,√·√µ,2022-02-12,2.2,,
101,√·√µ,2022-02-13,2.2,,
101,√·√µ,2022-02-14,1.2,,
101,√·√µ,2022-02-15,-3.4,,
101,√·√µ,2022-02-16,-7.2,,
101,√·√µ,2022-02-17,-7.4,,
101,√·√µ,2022-02-18,-3.5,,
101,√·√µ,2022-02-19,-1.1,,
101,√·√µ,2022-02-20,-4.4,,
101,√·√µ,2022-02-21,-4.6,,
101,√·√µ,2022-02-22,-4.7,,
101,√·√µ,2022-02-23,-6.8,,
101,√·√µ,2022-02-24,-4.1,,
101,√·√µ,2022-02-25,0.6,,
101,√·√µ,2022-02-26,4.9,,
101,√·√µ,2022-02-27,3.4,,
101,√·√µ,2022-02-28,3.6,,
101,√·√µ,2022-03-01,3.8,,
101,√·√µ,2022-03-02,2.5,,
101,√·√µ,2022-03-03,3.9,,
101,√·√µ,2022-03-04,5.5,,
101,√·√µ,2022-03-05,3.0,,
101,√·√µ,2022-03-06,1.0,,
101,√·√µ,2022-03-07,1.8,,
101,√·√µ,2022-03-08,4.1,,
101,√·√µ,2022-03-09,5.6,,
101,√·√µ,2022-03-10,7.8,,
101,√·√µ,2022-03-11,8.1,,
101,√·√µ,2022-03-12,10.8,,
101,√·√µ,2022-03-13,11.9,,
101,√·√µ,2022-03-14,8.7,,
101,√·√µ,2022-03-15,8.0,,
101,√·√µ,2022-03-16,9.1,,
101,√·√µ,2022-03-17,9.4,,
101,√·√µ,2022-03-18,6.5,,
101,√·√µ,2022-03-19,3.5,,
101,√·√µ,2022-03-20,4.7,,
101,√·√µ,2022-03-21,4.4,,
101,√·√µ,2022-03-22,6.0,,
101,√·√µ,2022-03-23,5.6,,
101,√·√µ,2022-03-24,7.4,,
101,√·√µ,2022-03-25,9.8,,
101,√·√µ,2022-03-26,11.2,,
101,√·√µ,2022-03-27,7.3,,
101,√·√µ,2022-03-28,6.0,,
101,√·√µ,2022-03-29,8.1,,
101,√·√µ,2022-03-30,9.5,,
101,√·√µ,2022-03-31,9.1,,
101,√·√µ,2022-04-01,8.3,,
101,√·√µ,2022-04-02,8.0,,
101,√·√µ,2022-04-03,8.7,,
101,√·√µ,2022-04-04,9.8,,
101,√·√µ,2022-04-05,10.4,,
101,√·√µ,2022-04-06,12.4,,
101,√·√µ,2022-04-07,12.7,,
101,√·√µ,2022-04-08,12.1,,
101,√·√µ,2022-04-09,16.6,,
101,√·√µ,2022-04-10,17.6,,
101,√·√µ,2022-04-11,18.4,,
101,√·√µ,2022-04-12,19.6,,
101,√·√µ,2022-04-13,10.5,,
101,√·√µ,2022-04-14,11.1,,
101,√·√µ,2022-04-15,10.8,,
101,√·√µ,2022-04-16,12.2,,
101,√·√µ,2022-04-17,13.4,,
101,√·√µ,2022-04-18,15.1,,
101,√·√µ,2022-04-19,14.3,,
101,√·√µ,2022-04-20,14.5,,
101,√·√µ,2022-04-21,14.8,,
101,√·√µ,2022-04-22,16.1,,
101,√·√µ,2022-04-23,16.1,,
101,√·√µ,2022-04-24,17.6,,
101,√·√µ,2022-04-25,20.0,,
101,√·√µ,2022-04-26,22.0,,
101,√·√µ,2022-04-27,17.4,,
101,√·√µ,2022-04-28,15.8,,
101,√·√µ,2022-04-29,11.6,,
101,√·√µ,2022-04-30,11.2,,
101,√·√µ,2022-05-01,12.0,,
101,√·√µ,2022-05-02,12.1,,
101,√·√µ,2022-05-03,13.2,,
101,√·√µ,2022-05-04,16.3,,
101,√·√µ,2022-05-05,17.6,,
101,√·√µ,2022-05-06,19.2,,
101,√·√µ,2022-05-07,18.9,,
101,√·√µ,2022-05-08,13.5,,
101,√·√µ,2022-05-09,15.6,,
101,√·√µ,2022-05-10,16.9,,
101,√·√µ,2022-05-11,19.8,,
101,√·√µ,2022-05-12,19.7,,
101,√·√µ,2022-05-13,16.4,,
101,√·√µ,2022-05-14,14.4,,
101,√·√µ,2022-05-15,15.3,,
101,√·√µ,2022-05-16,16.4,,
101,√·√µ,2022-05-17,18.6,,
101,√·√µ,2022-05-18,19.1,,
101,√·√µ,2022-05-19,19.9,,
101,√·√µ,2022-05-20,19.4,,
101,√·√µ,2022-05-21,20.4,,
101,√·√µ,2022-05-22,20.0,,
101,√·√µ,2022-05-23,22.4,,
101,√·√µ,2022-05-24,23.1,,
101,√·√µ,2022-05-25,20.6,,
101,√·√µ,2022-05-26,18.8,,
101,√·√µ,2022-05-27,20.4,,
101,√·√µ,2022-05-28,21.0,,
101,√·√µ,2022-05-29,21.5,,
101,√·√µ,2022-05-30,19.6,,
101,√·√µ,2022-05-31,19.3,,
101,√·√µ,2022-06-01,20.3,,
101,√·√µ,2022-06-02,21.4,,
101,√·√µ,2022-06-03,23.2,,
101,√·√µ,2022-06-04,23.2,,
101,√·√µ,2022-06-05,20.9,,
101,√·√µ,2022-06-06,17.1,,
101,√·√µ,2022-06-07,17.6,,
101,√·√µ,2022-06-08,19.6,,
101,√·√µ,2022-06-09,18.3,,
101,√·√µ,2022-06-10,20.2,,
101,√·√µ,2022-06-11,21.8,,
101,√·√µ,2022-06-12,22.8,,
101,√·√µ,2022-06-13,21.6,8.2,
101,√·√µ,2022-06-14,19.9,7.3,
101,√·√µ,2022-06-15,16.7,7.5,
101,√·√µ,2022-06-16,20.4,6.2,
101,√·√µ,2022-06-17,22.2,4.6,
101,√·√µ,2022-06-18,24.1,8.6,
101,√·√µ,2022-06-19,24.1,7.0,
101,√·√µ,2022-06-20,25.8,4.6,
101,√·√µ,2022-06-21,27.0,3.1,
101,√·√µ,2022-06-22,27.1,6.3,
101,√·√µ,2022-06-23,23.6,8.8,
101,√·√µ,2022-06-24,25.1,5.6,
101,√·√µ,2022-06-25,26.8,2.9,
101,√·√µ,2022-06-26,26.3,8.6,
101,√·√µ,2022-06-27,26.4,10.0,
101,√·√µ,2022-06-28,26.6,9.8,
101,√·√µ,2022-06-29,25.6,8.6,
101,√·√µ,2022-06-30,22.2,9.9,
101,√·√µ,2022-07-01,26.1,5.6,
101,√·√µ,2022-07-02,27.2,4.1,
101,√·√µ,2022-07-03,28.3,2.3,
101,√·√µ,2022-07-04,27.8,7.6,
101,√·√µ,2022-07-05,27.6,8.3,
101,√·√µ,2022-07-06,28.5,8.1,
101,√·√µ,2022-07-07,28.2,8.9,
101,√·√µ,2022-07-08,26.2,8.5,
101,√·√µ,2022-07-09,27.9,7.1,
101,√·√µ,2022-07-10,28.9,6.6,
101,√·√µ,2022-07-11,25.6,7.6,
101,√·√µ,2022-07-12,25.9,6.9,
101,√·√µ,2022-07-13,24.0,9.8,
101,√·√µ,2022-07-14,25.3,5.5,
101,√·√µ,2022-07-15,25.4,6.8,
101,√·√µ,2022-07-16,24.4,7.4,
101,√·√µ,2022-07-17,25.2,7.0,
101,√·√µ,2022-07-18,26.1,7.4,
101,√·√µ,2022-07-19,27.4,7.6,
101,√·√µ,2022-07-20,26.9,9.4,
101,√·√µ,2022-07-21,22.7,7.5,
101,√·√µ,2022-07-22,24.5,6.6,
101,√·√µ,2022-07-23,24.8,9.0,
101,√·√µ,2022-07-24,24.7,6.0,
101,√·√µ,2022-07-25,27.2,2.0,
101,√·√µ,2022-07-26,27.6,4.9,
101,√·√µ,2022-07-27,28.2,6.9,
101,√·√µ,2022-07-28,28.1,5.1,
101,√·√µ,2022-07-29,29.7,3.8,
101,√·√µ,2022-07-30,29.1,6.4,
101,√·√µ,2022-07-31,26.6,9.3,
101,√·√µ,2022-08-01,27.4,8.1,
101,√·√µ,2022-08-02,26.7,8.3,
101,√·√µ,2022-08-03,26.9,8.1,
101,√·√µ,2022-08-04,28.8,6.0,
101,√·√µ,2022-08-05,29.1,6.9,
101,√·√µ,2022-08-06,28.2,6.3,
101,√·√µ,2022-08-07,27.4,8.4,
101,√·√µ,2022-08-08,25.7,10.0,
101,√·√µ,2022-08-09,24.6,10.0,
101,√·√µ,2022-08-10,25.3,8.3,
101,√·√µ,2022-08-11,25.7,7.8,
101,√·√µ,2022-08-12,26.9,4.3,
101,√·√µ,2022-08-13,24.5,8.3,
101,√·√µ,2022-08-14,26.5,9.0,
101,√·√µ,2022-08-15,27.5,9.4,
101,√·√µ,2022-08-16,27.4,5.0,
101,√·√µ,2022-08-17,24.6,5.1,
101,√·√µ,2022-08-18,25.2,7.9,
101,√·√µ,2022-08-19,24.6,8.9,
101,√·√µ,2022-08-20,27.7,4.3,
101,√·√µ,2022-08-21,26.5,3.8,
101,√·√µ,2022-08-22,26.3,8.3,
101,√·√µ,2022-08-23,26.1,5.4,
101,√·√µ,2022-08-24,23.7,7.9,
101,√·√µ,2022-08-25,21.4,8.6,
101,√·√µ,2022-08-26,23.6,7.4,
101,√·√µ,2022-08-27,21.2,1.9,
101,√·√µ,2022-08-28,20.8,3.1,
101,√·√µ,2022-08-29,19.9,8.9,
101,√·√µ,2022-08-30,18.9,9.9,
101,√·√µ,2022-08-31,20.6,8.0,
101,√·√µ,2022-09-01,22.0,4.4,
101,√·√µ,2022-09-02,22.5,3.6,
101,√·√µ,2022-09-03,22.0,5.6,
101,√·√µ,2022-09-04,20.8,9.9,
101,√·√µ,2022-09-05,19.7,10.0,
101,√·√µ,2022-09-06,20.0,4.6,
101,√·√µ,2022-09-07,19.9,0.0,
101,√·√µ,2022-09-08,20.6,3.3,
101,√·√µ,2022-09-09,21.3,4.3,
101,√·√µ,2022-09-10,21.7,8.4,
101,√·√µ,2022-09-11,22.1,9.5,
101,√·√µ,2022-09-12,22.9,8.5,
101,√·√µ,2022-09-13,22.9,10.0,
101,√·√µ,2022-09-14,23.0,8.9,
101,√·√µ,2022-09-15,23.7,8.8,
101,√·√µ,2022-09-16,25.2,8.4,
101,√·√µ,2022-09-17,25.9,7.6,
101,√·√µ,2022-09-18,25.5,9.0,
101,√·√µ,2022-09-19,22.2,7.6,
101,√·√µ,2022-09-20,17.7,3.3,
101,√·√µ,2022-09-21,17.2,2.8,
101,√·√µ,2022-09-22,17.0,4.9,
101,√·√µ,2022-09-23,16.4,4.9,
101,√·√µ,2022-09-24,15.6,2.0,
101,√·√µ,2022-09-25,16.8,7.1,
101,√·√µ,2022-09-26,16.9,6.3,
101,√·√µ,2022-09-27,18.1,3.5,
101,√·√µ,2022-09-28,17.6,4.8,
101,√·√µ,2022-09-29,18.3,3.8,
101,√·√µ,2022-09-30,18.2,5.3,
101,√·√µ,2022-10-01,18.2,8.1,
101,√·√µ,2022-10-02,17.3,9.9,
101,√·√µ,2022-10-03,18.0,8.6,
101,√·√µ,2022-10-04,18.7,9.0,
101,√·√µ,2022-10-05,15.5,9.5,
101,√·√µ,2022-10-06,14.8,9.1,
101,√·√µ,2022-10-07,13.8,5.4,
101,√·√µ,2022-10-08,13.7,5.1,
101,√·√µ,2022-10-09,12.5,10.0,
101,√·√µ,2022-10-10,9.7,8.3,
101,√·√µ,2022-10-11,10.5,3.9,
101,√·√µ,2022-10-12,12.2,3.4,
101,√·√µ,2022-10-13,13.5,5.5,
101,√·√µ,2022-10-14,15.1,8.4,
101,√·√µ,2022-10-15,15.9,6.8,
101,√·√µ,2022-10-16,14.6,9.3,
101,√·√µ,2022-10-17,11.5,2.3,
101,√·√µ,2022-10-18,7.3,0.0,
101,√·√µ,2022-10-19,7.1,2.0,
101,√·√µ,2022-10-20,9.5,4.8,
101,√·√µ,2022-10-21,11.6,6.9,
101,√·√µ,2022-10-22,13.4,3.8,
101,√·√µ,2022-10-23,11.7,4.5,
101,√·√µ,2022-10-24,8.5,3.8,
101,√·√µ,2022-10-25,8.6,0.9,
101,√·√µ,2022-10-26,9.4,6.3,
101,√·√µ,2022-10-27,11.0,2.9,
101,√·√µ,2022-10-28,12.6,2.6,
101,√·√µ,2022-10-29,12.5,3.4,
101,√·√µ,2022-10-30,12.4,3.0,
101,√·√µ,2022-10-31,12.3,3.9,
101,√·√µ,2022-11-01,11.0,2.5,
101,√·√µ,2022-11-02,8.9,1.3,
101,√·√µ,2022-11-03,7.4,7.3,
101,√·√µ,2022-11-04,3.6,0.0,
101,√·√µ,2022-11-05,3.1,0.0,
101,√·√µ,2022-11-06,6.2,2.3,
101,√·√µ,2022-11-07,8.5,4.9,
101,√·√µ,2022-11-08,9.2,3.6,
101,√·√µ,2022-11-09,7.6,7.4,
101,√·√µ,2022-11-10,10.0,5.4,
101,√·√µ,2022-11-11,11.8,1.6,
101,√·√µ,2022-11-12,12.2,7.1,
101,√·√µ,2022-11-13,12.3,7.6,
101,√·√µ,2022-11-14,9.0,5.9,
101,√·√µ,2022-11-15,6.0,4.5,
101,√·√µ,2022-11-16,7.5,3.9,
101,√·√µ,2022-11-17,7.3,1.4,
101,√·√µ,2022-11-18,6.3,4.5,
101,√·√µ,2022-11-19,8.0,3.4,
101,√·√µ,2022-11-20,9.7,4.0,
101,√·√µ,2022-11-21,8.4,5.3,
101,√·√µ,2022-11-22,8.4,9.3,
101,√·√µ,2022-11-23,10.1,4.1,
101,√·√µ,2022-11-24,6.6,3.0,
101,√·√µ,2022-11-25,9.4,6.0,
101,√·√µ,2022-11-26,5.7,0.0,
101,√·√µ,2022-11-27,2.5,1.6,
101,√·√µ,2022-11-28,5.4,9.9,
101,√·√µ,2022-11-29,8.0,9.5,
101,√·√µ,2022-11-30,-4.2,2.0,
101,√·√µ,2022-12-01,-5.4,1.5,
101,√·√µ,2022-12-02,-4.7,1.5,
101,√·√µ,2022-12-03,0.7,8.8,
101,√·√µ,2022-12-04,-2.3,8.8,
101,√·√µ,2022-12-05,-3.6,2.8,
101,√·√µ,2022-12-06,-2.4,6.3,
101,√·√µ,2022-12-07,2.4,2.9,
101,√·√µ,2022-12-08,0.3,2.1,
101,√·√µ,2022-12-09,0.0,3.3,
101,√·√µ,2022-12-10,-0.7,6.8,
101,√·√µ,2022-12-11,-1.1,0.0,
101,√·√µ,2022-12-12,-0.1,8.0,
101,√·√µ,2022-12-13,0.5,7.9,
101,√·√µ,2022-12-14,-8.3,1.1,
101,√·√µ,2022-12-15,-6.7,5.8,
101,√·√µ,2022-12-16,-7.4,4.8,
101,√·√µ,2022-12-17,-8.7,1.9,
101,√·√µ,2022-12-18,-10.6,0.0,
101,√·√µ,2022-12-19,-9.1,2.1,
101,√·√µ,2022-12-20,-6.6,1.0,
101,√·√µ,2022-12-21,-2.3,8.0,
101,√·√µ,2022-12-22,-7.2,6.1,
101,√·√µ,2022-12-23,-12.1,6.5,
101,√·√µ,2022-12-24,-11.5,4.1,
101,√·√µ,2022-12-25,-9.0,2.5,
101,√·√µ,2022-12-26,-8.2,3.4,
101,√·√µ,2022-12-27,-7.2,3.5,
101,√·√µ,2022-12-28,-5.4,2.4,
101,√·√µ,2022-12-29,-5.7,2.0,
101,√·√µ,2022-12-30,-4.6,1.9,
101,√·√µ,2022-12-31,-4.8,6.9,
101,√·√µ,2023-01-01,-2.6,0.6,
101,√·√µ,2023-01-02,-6.8,0.0,
101,√·√µ,2023-01-03,-7.6,0.6,
101,√·√µ,2023-01-04,-6.8,0.1,
101,√·√µ,2023-01-05,-5.4,2.0,
101,√·√µ,2023-01-06,-3.4,5.6,
101,√·√µ,2023-01-07,0.3,3.6,
101,√·√µ,2023-01-08,-1.2,5.8,
101,√·√µ,2023-01-09,1.6,1.4,
101,√·√µ,2023-01-10,-1.8,1.9,
101,√·√µ,2023-01-11,-1.5,3.1,
101,√·√µ,2023-01-12,-0.1,2.6,
101,√·√µ,2023-01-13,2.6,7.1,
101,√·√µ,2023-01-14,4.0,7.3,
101,√·√µ,2023-01-15,0.9,9.9,
101,√·√µ,2023-01-16,-3.7,6.6,
101,√·√µ,2023-01-17,-5.0,6.8,
101,√·√µ,2023-01-18,-3.8,4.5,
101,√·√µ,2023-01-19,-4.3,5.8,
101,√·√µ,2023-01-20,-3.7,1.6,
101,√·√µ,2023-01-21,-8.3,2.9,
101,√·√µ,2023-01-22,-4.4,6.4,
101,√·√µ,2023-01-23,-1.8,4.6,
101,√·√µ,2023-01-24,-13.5,1.0,
101,√·√µ,2023-01-25,-13.0,3.8,
101,√·√µ,2023-01-26,-7.6,7.5,
101,√·√µ,2023-01-27,-8.4,2.9,
101,√·√µ,2023-01-28,-8.3,1.0,
101,√·√µ,2023-01-29,-6.0,4.1,
101,√·√µ,2023-01-30,-4.3,0.8,
101,√·√µ,2023-01-31,-3.2,5.9,
101,√·√µ,2023-02-01,-0.8,1.6,
101,√·√µ,2023-02-02,-3.9,4.8,
101,√·√µ,2023-02-03,-2.5,5.5,
101,√·√µ,2023-02-04,-3.2,0.9,
101,√·√µ,2023-02-05,-2.1,1.8,
101,√·√µ,2023-02-06,-1.3,3.3,
101,√·√µ,2023-02-07,-0.5,1.1,
101,√·√µ,2023-02-08,-0.3,0.1,
101,√·√µ,2023-02-09,1.4,7.9,
101,√·√µ,2023-02-10,1.9,5.4,
101,√·√µ,2023-02-11,-0.7,4.0,
101,√·√µ,2023-02-12,1.6,7.9,
101,√·√µ,2023-02-13,4.4,8.9,
101,√·√µ,2023-02-14,0.2,4.6,
101,√·√µ,2023-02-15,0.9,5.1,
101,√·√µ,2023-02-16,0.0,4.6,
101,√·√µ,2023-02-17,0.8,4.3,
101,√·√µ,2023-02-18,1.4,10.0,
101,√·√µ,2023-02-19,3.2,4.3,
101,√·√µ,2023-02-20,-1.0,0.5,
101,√·√µ,2023-02-21,-2.3,0.0,
101,√·√µ,2023-02-22,-0.1,4.1,
101,√·√µ,2023-02-23,2.0,2.0,
101,√·√µ,2023-02-24,1.8,1.9,
101,√·√µ,2023-02-25,-0.3,0.9,
101,√·√µ,2023-02-26,0.4,0.0,
101,√·√µ,2023-02-27,2.9,0.0,
101,√·√µ,2023-02-28,3.3,3.3,
101,√·√µ,2023-03-01,4.1,5.6,
101,√·√µ,2023-03-02,1.9,0.5,
101,√·√µ,2023-03-03,2.3,0.8,
101,√·√µ,2023-03-04,4.7,1.4,
101,√·√µ,2023-03-05,5.5,0.1,
101,√·√µ,2023-03-06,6.1,1.6,
101,√·√µ,2023-03-07,8.3,1.6,
101,√·√µ,2023-03-08,8.0,5.8,
101,√·√µ,2023-03-09,9.0,6.6,
101,√·√µ,2023-03-10,9.6,0.0,
101,√·√µ,2023-03-11,12.0,6.1,
101,√·√µ,2023-03-12,4.4,7.8,
101,√·√µ,2023-03-13,2.7,5.4,
101,√·√µ,2023-03-14,6.9,4.4,
101,√·√µ,2023-03-15,7.6,6.1,
101,√·√µ,2023-03-16,3.9,6.6,
101,√·√µ,2023-03-17,5.8,7.8,
101,√·√µ,2023-03-18,7.0,1.3,
101,√·√µ,2023-03-19,6.8,0.4,
101,√·√µ,2023-03-20,8.0,2.9,
101,√·√µ,2023-03-21,10.4,0.8,
101,√·√µ,2023-03-22,14.8,5.4,
101,√·√µ,2023-03-23,16.3,6.8,
101,√·√µ,2023-03-24,10.8,7.0,
101,√·√µ,2023-03-25,12.3,6.8,
101,√·√µ,2023-03-26,10.3,1.8,
101,√·√µ,2023-03-27,6.5,0.8,
101,√·√µ,2023-03-28,7.5,0.4,
101,√·√µ,2023-03-29,10.4,0.8,
101,√·√µ,2023-03-30,12.0,0.8,
101,√·√µ,2023-03-31,13.2,0.1,
101,√·√µ,2023-04-01,15.7,2.8,
101,√·√µ,2023-04-02,15.7,0.6,
101,√·√µ,2023-04-03,15.5,2.4,
101,√·√µ,2023-04-04,15.8,9.5,
101,√·√µ,2023-04-05,12.3,8.5,
101,√·√µ,2023-04-06,9.7,8.6,
101,√·√µ,2023-04-07,8.4,4.6,
101,√·√µ,2023-04-08,7.6,0.0,
101,√·√µ,2023-04-09,9.4,0.1,
101,√·√µ,2023-04-10,11.7,3.8,
101,√·√µ,2023-04-11,12.2,8.0,
101,√·√µ,2023-04-12,10.0,0.4,
101,√·√µ,2023-04-13,10.7,2.1,
101,√·√µ,2023-04-14,14.1,7.1,
101,√·√µ,2023-04-15,10.8,7.3,
101,√·√µ,2023-04-16,9.5,5.5,
101,√·√µ,2023-04-17,10.5,8.5,
101,√·√µ,2023-04-18,11.4,8.1,
101,√·√µ,2023-04-19,17.7,1.5,
101,√·√µ,2023-04-20,16.9,6.1,
101,√·√µ,2023-04-21,15.7,4.1,
101,√·√µ,2023-04-22,13.4,6.8,
101,√·√µ,2023-04-23,13.9,7.1,
101,√·√µ,2023-04-24,14.7,6.9,
101,√·√µ,2023-04-25,9.0,7.1,
101,√·√µ,2023-04-26,10.2,4.9,
101,√·√µ,2023-04-27,11.6,2.0,
101,√·√µ,2023-04-28,14.8,5.5,
101,√·√µ,2023-04-29,13.3,8.5,
101,√·√µ,2023-04-30,13.4,6.0,
101,√·√µ,2023-05-01,13.3,3.4,
101,√·√µ,2023-05-02,14.1,7.1,
101,√·√µ,2023-05-03,17.2,4.6,
101,√·√µ,2023-05-04,18.6,6.5,
101,√·√µ,2023-05-05,16.5,9.3,
101,√·√µ,2023-05-06,11.1,8.8,
101,√·√µ,2023-05-07,11.6,6.9,
101,√·√µ,2023-05-08,13.8,0.0,
101,√·√µ,2023-05-09,16.3,1.0,
101,√·√µ,2023-05-10,17.0,2.0,
101,√·√µ,2023-05-11,18.2,2.4,
101,√·√µ,2023-05-12,16.8,5.5,
101,√·√µ,2023-05-13,17.1,5.5,
101,√·√µ,2023-05-14,17.2,4.8,
101,√·√µ,2023-05-15,18.0,4.1,
101,√·√µ,2023-05-16,21.8,2.1,
101,√·√µ,2023-05-17,21.9,4.9,
101,√·√µ,2023-05-18,18.8,8.3,
101,√·√µ,2023-05-19,19.7,3.5,
101,√·√µ,2023-05-20,20.4,6.6,
101,√·√µ,2023-05-21,19.7,7.5,
101,√·√µ,2023-05-22,18.5,5.6,
101,√·√µ,2023-05-23,18.0,1.4,
101,√·√µ,2023-05-24,18.6,4.8,
101,√·√µ,2023-05-25,20.4,5.5,
101,√·√µ,2023-05-26,20.0,6.8,
101,√·√µ,2023-05-27,17.5,9.5,
101,√·√µ,2023-05-28,18.9,9.6,
101,√·√µ,2023-05-29,23.0,4.8,
101,√·√µ,2023-05-30,21.6,6.1,
101,√·√µ,2023-05-31,21.0,5.3,
101,√·√µ,2023-06-01,21.4,7.6,
101,√·√µ,2023-06-02,21.4,1.9,
101,√·√µ,2023-06-03,22.1,1.4,
101,√·√µ,2023-06-04,21.2,3.0,
101,√·√µ,2023-06-05,20.8,3.9,
101,√·√µ,2023-06-06,20.5,6.4,
101,√·√µ,2023-06-07,22.0,6.9,
101,√·√µ,2023-06-08,20.8,7.9,
101,√·√µ,2023-06-09,20.8,5.4,
101,√·√µ,2023-06-10,19.8,7.9,
101,√·√µ,2023-06-11,20.7,7.5,
101,√·√µ,2023-06-12,20.8,7.4,
101,√·√µ,2023-06-13,20.7,6.5,
101,√·√µ,2023-06-14,20.0,5.3,
101,√·√µ,2023-06-15,21.5,6.3,
101,√·√µ,2023-06-16,23.5,1.0,
101,√·√µ,2023-06-17,24.0,3.3,
101,√·√µ,2023-06-18,25.6,4.3,
101,√·√µ,2023-06-19,26.9,3.9,
101,√·√µ,2023-06-20,22.8,8.9,
101,√·√µ,2023-06-21,19.5,8.4,
101,√·√µ,2023-06-22,21.0,6.8,
101,√·√µ,2023-06-23,23.3,3.8,
101,√·√µ,2023-06-24,25.2,1.0,
101,√·√µ,2023-06-25,26.7,5.1,
101,√·√µ,2023-06-26,22.4,9.4,
101,√·√µ,2023-06-27,24.7,5.5,
101,√·√µ,2023-06-28,26.1,6.6,
101,√·√µ,2023-06-29,23.1,9.3,
101,√·√µ,2023-06-30,24.9,6.1,
101,√·√µ,2023-07-01,27.4,0.8,
101,√·√µ,2023-07-02,26.5,6.1,
101,√·√µ,2023-07-03,27.5,2.3,
101,√·√µ,2023-07-04,25.7,7.8,
101,√·√µ,2023-07-05,25.1,4.8,
101,√·√µ,2023-07-06,26.2,7.8,
101,√·√µ,2023-07-07,26.0,5.3,
101,√·√µ,2023-07-08,25.0,5.1,
101,√·√µ,2023-07-09,23.5,7.0,
101,√·√µ,2023-07-10,25.8,6.4,
101,√·√µ,2023-07-11,22.5,8.6,
101,√·√µ,2023-07-12,24.8,8.5,
101,√·√µ,2023-07-13,23.8,9.9,
101,√·√µ,2023-07-14,24.3,8.1,
101,√·√µ,2023-07-15,23.9,9.6,
101,√·√µ,2023-07-16,24.3,9.5,
101,√·√µ,2023-07-17,24.7,9.3,
101,√·√µ,2023-07-18,24.1,8.9,
101,√·√µ,2023-07-19,26.1,2.3,
101,√·√µ,2023-07-20,26.2,2.5,
101,√·√µ,2023-07-21,27.8,5.4,
101,√·√µ,2023-07-22,26.9,5.1,
101,√·√µ,2023-07-23,24.3,10.0,
101,√·√µ,2023-07-24,26.5,7.3,
101,√·√µ,2023-07-25,27.4,6.3,
101,√·√µ,2023-07-26,26.3,7.9,
101,√·√µ,2023-07-27,27.7,5.6,
101,√·√µ,2023-07-28,28.0,3.9,
101,√·√µ,2023-07-29,27.9,4.6,
101,√·√µ,2023-07-30,28.3,4.1,
101,√·√µ,2023-07-31,28.5,6.0,
101,√·√µ,2023-08-01,28.4,5.4,
101,√·√µ,2023-08-02,28.5,5.9,
101,√·√µ,2023-08-03,27.9,5.1,
101,√·√µ,2023-08-04,28.4,5.1,
101,√·√µ,2023-08-05,28.9,3.5,
101,√·√µ,2023-08-06,28.3,6.5,
101,√·√µ,2023-08-07,28.6,5.3,
101,√·√µ,2023-08-08,27.7,4.0,
101,√·√µ,2023-08-09,25.5,8.5,
101,√·√µ,2023-08-10,21.7,9.3,
101,√·√µ,2023-08-11,22.9,9.1,
101,√·√µ,2023-08-12,24.1,8.1,
101,√·√µ,2023-08-13,25.9,8.6,
101,√·√µ,2023-08-14,27.9,3.9,
101,√·√µ,2023-08-15,27.0,6.4,
101,√·√µ,2023-08-16,26.7,4.5,
101,√·√µ,2023-08-17,27.2,5.0,
101,√·√µ,2023-08-18,28.5,4.9,
101,√·√µ,2023-08-19,28.6,3.5,
101,√·√µ,2023-08-20,27.7,6.5,
101,√·√µ,2023-08-21,28.3,6.8,
101,√·√µ,2023-08-22,27.6,8.1,
101,√·√µ,2023-08-23,24.5,9.5,
101,√·√µ,2023-08-24,22.5,9.5,
101,√·√µ,2023-08-25,25.6,4.3,
101,√·√µ,2023-08-26,24.9,6.4,
101,√·√µ,2023-08-27,24.2,7.5,
101,√·√µ,2023-08-28,21.5,9.9,
101,√·√µ,2023-08-29,22.8,9.8,
101,√·√µ,2023-08-30,21.8,8.4,
101,√·√µ,2023-08-31,22.6,6.9,
101,√·√µ,2023-09-01,22.7,4.1,
101,√·√µ,2023-09-02,22.8,5.5,
101,√·√µ,2023-09-03,22.8,8.1,
101,√·√µ,2023-09-04,25.5,9.3,
101,√·√µ,2023-09-05,26.7,6.5,
101,√·√µ,2023-09-06,25.5,2.5,
101,√·√µ,2023-09-07,23.5,1.8,
101,√·√µ,2023-09-08,22.7,1.5,
101,√·√µ,2023-09-09,23.8,2.9,
101,√·√µ,2023-09-10,25.0,4.1,
101,√·√µ,2023-09-11,24.5,6.0,
101,√·√µ,2023-09-12,23.9,6.8,
101,√·√µ,2023-09-13,20.1,10.0,
101,√·√µ,2023-09-14,21.8,9.0,
101,√·√µ,2023-09-15,20.5,10.0,
101,√·√µ,2023-09-16,22.4,9.6,
101,√·√µ,2023-09-17,23.8,8.4,
101,√·√µ,2023-09-18,24.2,4.8,
101,√·√µ,2023-09-19,22.4,8.4,
101,√·√µ,2023-09-20,20.0,9.1,
101,√·√µ,2023-09-21,18.9,8.4,
101,√·√µ,2023-09-22,18.3,3.1,
101,√·√µ,2023-09-23,19.1,3.9,
101,√·√µ,2023-09-24,18.9,5.6,
101,√·√µ,2023-09-25,20.3,9.4,
101,√·√µ,2023-09-26,19.4,6.0,
101,√·√µ,2023-09-27,20.5,6.9,
101,√·√µ,2023-09-28,21.6,2.5,
101,√·√µ,2023-09-29,19.2,7.4,
101,√·√µ,2023-09-30,17.2,8.0,
101,√·√µ,2023-10-01,16.5,1.8,
101,√·√µ,2023-10-02,14.9,6.0,
101,√·√µ,2023-10-03,14.5,6.6,
101,√·√µ,2023-10-04,14.6,8.1,
101,√·√µ,2023-10-05,12.5,2.5,
101,√·√µ,2023-10-06,12.0,5.4,
101,√·√µ,2023-10-07,14.6,8.1,
101,√·√µ,2023-10-08,14.8,8.0,
101,√·√µ,2023-10-09,13.9,7.6,
101,√·√µ,2023-10-10,15.0,3.0,
101,√·√µ,2023-10-11,14.1,2.5,
101,√·√µ,2023-10-12,13.9,5.0,
101,√·√µ,2023-10-13,15.1,7.6,
101,√·√µ,2023-10-14,13.2,7.6,
101,√·√µ,2023-10-15,14.2,5.1,
101,√·√µ,2023-10-16,13.6,4.0,
101,√·√µ,2023-10-17,10.9,2.3,
101,√·√µ,2023-10-18,12.0,6.0,
101,√·√µ,2023-10-19,14.2,9.6,
101,√·√µ,2023-10-20,11.5,1.3,
101,√·√µ,2023-10-21,7.6,2.0,
101,√·√µ,2023-10-22,9.2,3.3,
101,√·√µ,2023-10-23,11.9,3.9,
101,√·√µ,2023-10-24,12.6,6.6,
101,√·√µ,2023-10-25,14.1,4.5,
101,√·√µ,2023-10-26,12.7,8.5,
101,√·√µ,2023-10-27,12.6,3.6,
101,√·√µ,2023-10-28,10.1,4.0,
101,√·√µ,2023-10-29,10.7,1.6,
101,√·√µ,2023-10-30,10.8,2.5,
101,√·√µ,2023-10-31,12.9,4.6,
101,√·√µ,2023-11-01,14.4,6.5,
101,√·√µ,2023-11-02,18.3,4.1,
101,√·√µ,2023-11-03,17.0,8.1,
101,√·√µ,2023-11-04,15.8,7.4,
101,√·√µ,2023-11-05,15.6,9.1,
101,√·√µ,2023-11-06,14.1,7.4,
101,√·√µ,2023-11-07,5.6,1.0,
101,√·√µ,2023-11-08,5.8,1.1,
101,√·√µ,2023-11-09,8.5,6.6,
101,√·√µ,2023-11-10,5.6,1.3,
101,√·√µ,2023-11-11,1.0,2.4,
101,√·√µ,2023-11-12,-0.3,0.6,
101,√·√µ,2023-11-13,0.6,0.5,
101,√·√µ,2023-11-14,2.1,3.6,
101,√·√µ,2023-11-15,3.8,1.5,
101,√·√µ,2023-11-16,3.7,8.4,
101,√·√µ,2023-11-17,2.2,3.9,
101,√·√µ,2023-11-18,0.0,0.3,
101,√·√µ,2023-11-19,2.6,3.3,
101,√·√µ,2023-11-20,3.3,0.0,
101,√·√µ,2023-11-21,3.4,0.0,
101,√·√µ,2023-11-22,6.2,3.4,
101,√·√µ,2023-11-23,8.9,2.6,
101,√·√µ,2023-11-24,-0.7,1.9,
101,√·√µ,2023-11-25,-2.6,0.8,
101,√·√µ,2023-11-26,2.2,4.6,
101,√·√µ,2023-11-27,3.9,7.8,
101,√·√µ,2023-11-28,2.2,3.6,
101,√·√µ,2023-11-29,-2.2,4.8,
101,√·√µ,2023-11-30,-4.7,0.3,
101,√·√µ,2023-12-01,-4.8,0.1,
101,√·√µ,2023-12-02,-0.8,5.4,
101,√·√µ,2023-12-03,-0.7,0.0,
101,√·√µ,2023-12-04,-0.7,0.4,
101,√·√µ,2023-12-05,2.1,0.8,
101,√·√µ,2023-12-06,2.0,5.1,
101,√·√µ,2023-12-07,4.6,3.4,
101,√·√µ,2023-12-08,8.8,5.3,
101,√·√µ,2023-12-09,12.8,6.4,
101,√·√µ,2023-12-10,9.7,7.3,
101,√·√µ,2023-12-11,7.2,8.9,
101,√·√µ,2023-12-12,3.5,3.5,
101,√·√µ,2023-12-13,4.2,6.8,
101,√·√µ,2023-12-14,5.5,8.8,
101,√·√µ,2023-12-15,3.3,9.6,
101,√·√µ,2023-12-16,-3.3,7.8,
101,√·√µ,2023-12-17,-9.6,0.8,
101,√·√µ,2023-12-18,-8.7,8.1,
101,√·√µ,2023-12-19,-4.5,7.0,
101,√·√µ,2023-12-20,-6.4,3.4,
101,√·√µ,2023-12-21,-10.9,0.6,
101,√·√µ,2023-12-22,-11.6,0.1,
101,√·√µ,2023-12-23,-9.6,1.9,
101,√·√µ,2023-12-24,-5.4,1.6,
101,√·√µ,2023-12-25,-3.1,5.0,
101,√·√µ,2023-12-26,-0.8,6.6,
101,√·√µ,2023-12-27,-2.1,3.1,
101,√·√µ,2023-12-28,-2.4,2.9,
101,√·√µ,2023-12-29,-2.6,1.9,
101,√·√µ,2023-12-30,-2.0,5.5,
101,√·√µ,2023-12-31,1.7,5.8,
101,√·√µ,2024-01-01,2.6,3.5,
